Headers,Content,Read More
CMA CGM Senior Executives Visit the Port of Colombo,"Mr Jesper Stenbak, Senior Vice President ADRO of CMA CGM, and Ms Christine Cabau, Executive Vice President of CMA CGM, accompanied by Mr Eric Daniel Van Den Driesen, Country General Manager of CMA CGM Lanka (Pvt) Ltd, and Mr Pasan Periyapperuma, Deputy General Manager – Operations and LogisRead More",https://www.slpa.lk/port-colombo-page/3e0042fdcb7ba3b177166b0c43415dc8/7de91ea391abe53ccfd2a45353479538888d3436
U.S. Assistant Secretary of State S. Paul Kapur Visits the Port of Colombo,"The Sri Lanka Ports Authority welcomed S. Paul Kapur to the Port of Colombo yesterday, in the presence of SLPA Chairman Dr. Parakrama Dissanayake. Mr Kapur, who leads the United States’ diplomatic engagement with South and Central Asia as the Assistant Secretary of State, visited the Port oRead More",https://www.slpa.lk/port-colombo-page/433013b7a5b15829f0bec1f2561acd19/492d70dfbe4b9ba7768685ea34092d3efddf5005
SCO Delegation Visits Port of Colombo and Pilot Station,"The Secretary-General of the Shanghai Cooperation Organization (SCO), Mr. Nurlan Yermekbayev, currently undertaking an official visit to Sri Lanka, today visited the Port of Colombo, where he was received by senior officials of the Sri Lanka Ports Authority and relevant government representativesRead More",https://www.slpa.lk/port-colombo-page/9262e427d7078a34e470f0f10146a917/50ee48b41eec428db471f31ce432875eba2900df
Maersk Engages with SLPA on Enhancing Terminal Productivity in Colombo,"Delegates from Maersk met with senior officials of the Sri Lanka Ports Authority today at the SLPA Headquarters, Port of Colombo, to discuss operational performance and future collaboration relating to Maersk vessel and terminal activities in Colombo.

The Maersk delegation included Mr Karan TariRead More",https://www.slpa.lk/port-colombo-page/b4a638168861512d60f5bb3f605d9ed8/5f4a9eed713bab175d5deeae7242afb57cec36b6
SLPA Signs Terminal Service Agreement with Unifeeder Lanka to Strengthen Operational Efficiency,"The Sri Lanka Ports Authority and Unifeeder Lanka (Pvt) Ltd have entered into a Terminal Service Agreement valid until 2028, setting out defined terms for terminal services at the Port of Colombo.

The signing was attended by Dr. Parakrama Dissanayake (Chairman), Eng. Herath M. P. Jayawardhana (VRead More",https://www.slpa.lk/port-colombo-page/803c048e29dd1c777d0beafc7b6af8d8/db261e09cbb380d9b251b8921703947d1a1084ce
CMA CGM Delegation Holds Discussions with Sri Lanka Ports Authority on Strengthening Cooperation,"A delegation from CMA CGM visited the Sri Lanka Ports Authority and held discussions with the Chairman, Dr. Parakrama Dissanayake, along with members of the Authority’s senior management.

The CMA CGM delegation included Colin Gout, Vice President – Procurement, Ports and Terminal, anRead More",https://www.slpa.lk/port-colombo-page/4e004c93790015a83ddd083f9cf1022c/3f8caa57399a46e753cbf58589ad766ba4087c50
German Ambassador Visits SLPA to Discuss Port Development Opportunities,"Dr. Felix Neumann, Ambassador of Germany to Sri Lanka and the Maldives, paid an official visit to the Sri Lanka Ports Authority (SLPA), where he met with Chairman Dr. Parakrama Dissanayake together with members of the Authority’s senior management.

During the meeting, discussions were heldRead More",https://www.slpa.lk/port-colombo-page/00c4829495de6c3087450a49c1070292/87716c87bae66701c81840c2dff899fbe2117bd7
ADB President Masato Kanda Leads Delegation on Site Visit to Port of Colombo,"The Asian Development Bank (ADB) delegation, led by President Mr. Masato Kanda, visited the Sri Lanka Ports Authority, including the Port of Colombo and the pilot station, to review ongoing development projects and operational activities.

The team, including Mr. Mahinda Siriwardana, Ms. Sona ShrRead More",https://www.slpa.lk/port-colombo-page/790afcbff9c950dc945f87fb4efe38b7/e4683404e683048be31eebac9132552e1381f58d
SLPA Chairman Reviews Port of Colombo Operations Amid Middle East Tensions,"SLPA Chairman Dr. Parakrama Dissanayake chairs a meeting with SLPA officials, terminal operators, and representatives of shipping lines to review Port of Colombo operations



Convenes discussion with stakeholders from port officials to terminal operators and representatives of global shipping linesRead More",https://www.slpa.lk/port-colombo-page/2faddc74b2c71847723ab5b58b8f2ce2/e8fb23172bc69cd18d034dc1d67791b9e394c15a
DR. PARAKRAMA DISSANAYAKE ASSUMES DUTIES AS CHAIRMAN SLPA,"Distinguished maritime, logistics and corporate leader and the Advisor to the President on Maritime, Ports and Logistics, Dr.Parakrama Dissanayake assumed duties as the Chairman of Sri Lanka Ports Authority (SLPA) on February 17, 2026.

The appointment letter was handed over by the Minister of PoRead More",https://www.slpa.lk/port-colombo-page/fc2d9427e6caa633427f9d1e7e4b572c/f5186534697c1990de3000c43f73c65777e836af
"Third Berth at Colombo East Container Terminal Enters Service, Marking a New Phase of Operational Scale","Expanded quay length and carrier confidence signal accelerated growth for the Port of Colombo’s transhipment operations

 

The Colombo East Container Terminal of the Sri Lanka Ports Authority marked a pivotal operational milestone today with the commissioning of its third berth at the PoRead More",https://www.slpa.lk/port-colombo-page/1d6faf95fd8c4aeb30c83d4747929f8d/af97a5548eecaf42d5e3bfb3bba0c127d6c3b2ce
Colombo East Container Terminal Receives Maiden Call of Ever Eon,"Newly delivered Post-Suezmax vessel highlights SLPA’s deep-water capacity and modern terminal infrastructure

EVER EON, a newly delivered Post-Suezmax class container vessel, made its maiden call at the Colombo East Container Terminal (ECT) of the Sri Lanka Ports Authority on 22 January 2026,Read More",https://www.slpa.lk/port-colombo-page/8849c3d9b808e9ec1d13967aca576c50/ae6454cfb36e7eba7874b529bfc2e4893f64b20a
Sri Lanka and Maersk Explore Expansion Opportunities at Davos Meeting,"Prime Minister and A.P. Moller–Maersk Chairman discuss policy certainty, private-sector alignment and the Port of Colombo’s growing trade role

Prime Minister Dr Harini Amarasuriya met Mr Robert M. Uggla, Chairman of A.P. Moller – Maersk on 21 January at the World Economic Forum inRead More",https://www.slpa.lk/port-colombo-page/8af483bc4d52cad35dd4872a2ca1b57e/5c0e47a97295585874c61e61a7f27739eda668f8
SLPA Holds Discussions with COSCO Shipping,"The Sri Lanka Ports Authority (SLPA) recently held discussions with representatives of COSCO Shipping as part of its ongoing engagement with major global shipping lines. The meeting was aimed at strengthening operational coordination and service alignment at the Port of Colombo, and reaffirmed thRead More",https://www.slpa.lk/port-colombo-page/f511fec81acc5b618c7e9c6fab3a327a/b4924171ecf015d604e8bb3e6a33dc81789d6517
Ultra-Heavy Cargo Handled at Port of Colombo,"The Port of Colombo successfully berthed MV Rudolf on Tuesday, 13 January 2026, handling an ultra-heavy project cargo shipment for the Melwa Cement Ball Mill Project.

The vessel carried 533 packages with a total weight of 1,725 MT and a volume of 4,600 CBM, including individual units weighing upRead More",https://www.slpa.lk/port-colombo-page/91448fbeb01a8c605d6c9f894affae02/ac5fab91c23b67cbdcfc002023e213e2d738f106
"SLPA, CMA?CGM Ink Terminal Service Agreement to Strengthen Colombo Port","SLPA Terminals and CMAŌĆ»CGM recently signed a Terminal Service Agreement aimed at enhancing business collaboration and attracting greater container volumes to the Port of Colombo. The signing ceremony was attended by senior officials from both organisations, including Admiral Sirimewan Ranasinghe (Read More",https://www.slpa.lk/port-colombo-page/0ce0026b2e7d0b8a3f138d2caec7839d/ee4073e31989cf702e2b4e364d1176c9269c6a6a
Port of Colombo Records Historic High of 8.29 Million TEUs in 2025,"The Port of Colombo reached a defining point in 2025 by recording a throughput of 8,291,178 TEUs, the highest volume ever handled in its history. This result follows a strong performance in 2024, when the port processed 7,792,069 TEUs, and affirms Colombo’s standing as the leading containerRead More",https://www.slpa.lk/port-colombo-page/6ccc3e0a38f598a75cfdd4cadda947bd/9e32ec57e1329435fde9987c37210be3cdf73c20
SLPA and Maersk Deepen Operational Coordination at Port of Colombo,"The Sri Lanka Ports Authority (SLPA) continued its engagement with leading global shipping partners this week, hosting senior representatives from A.P. Moller – Maersk’s Dubai Regional Hub as part of ongoing efforts to strengthen collaboration and operational alignment at the Port ofRead More",https://www.slpa.lk/port-colombo-page/4dc3aee55462406f6b399ee87f007a8c/63226778672a72e68e507df85ccda3241ea20bf9
SLPA and Evergreen Strengthen Strategic Partnership,The Sri Lanka Ports Authority (SLPA) and Evergreen Shipping Line further strengthened their long-standing partnership during a productive meeting between senior leadership teams recently at the Sri Lanka Ports Authority. Evergreen Shipping Agency Lanka (Pvt) Ltd. was represented by Vice PresidentRead More,https://www.slpa.lk/port-colombo-page/9d7b00d3c44ddbdbab657a75c55048ae/549a6d8b12df720bfbda667f46d61f449dec95a6
MSC and SLPA Sign New Terminal Service Agreement,"MSC, the world’s largest container line and the highest-volume carrier at the Port of Colombo, confirmed a renewed commitment to its operations in Sri Lanka today. Mediterranean Shipping Company (MSC) and the Sri Lanka Ports Authority have signed a new Terminal Service Agreement that will gRead More",https://www.slpa.lk/port-colombo-page/e478961f1b7250c90c0460d6e45d0ef8/604495ec02ac8adbef44c5f804348456ae87b86c
Hapag-Lloyd Delegation Visits Sri Lanka Ports Authority,"A senior delegation from Hapag-Lloyd recently visited the Sri Lanka Ports Authority (SLPA) to strengthen ties and explore opportunities for further cooperation. The delegation included Mr Christiaan Goeman Borgesius, Senior Director – RME Operations; Mr Jubil Thankachan, Director of MarineRead More",https://www.slpa.lk/port-colombo-page/86af2a89c2cc4c653f6b44858708923b/cbd701d605c1dc40f66c12fd8db4cb80daa90bc4
SLPA Launches Second Berth at Colombo East Container Terminal,"SLPA and MSC mark a major step in expanding Colombo Port’s capacity and strengthening Sri Lanka’s role as a regional maritime hub.





The Sri Lanka Ports Authority (SLPA), on 4 November 2025, marked another milestone in the development of the Colombo East Container Terminal (CECT) withRead More",https://www.slpa.lk/port-colombo-page/c4d381f6dab7d643b55ab4ddca9bedd1/f2d83518080dc01a48fba36ba040fa9f04ae04ab
Port of Antwerp-Bruges Delegation Strengthens Maritime Ties with Sri Lanka,"A delegation from the Port of Antwerp-Bruges recently visited the Sri Lanka Ports Authority (SLPA) to explore new avenues for collaboration and to reinforce long-term maritime partnerships.

The delegation was led by Ms. Maartje Driessens, Head of Business Development, and Mr. Achille Sobry, AssoRead More",https://www.slpa.lk/port-colombo-page/d8bdd9dca1340e313922ca07e9392e4f/8aac65045928e6f6fb9fdb263c4fa557053b4713
SLPA Hosts Successful Port Visit for CILT International Convention,"DelegatesThe Sri Lanka Ports Authority (SLPA) was pleased to host a guided visit to the Port of Colombo for foreign delegates attending the Chartered Institute of Logistics and Transport (CILT) International Convention 2025. The visit, held in this morning, where the delegates were taken on a guiRead More",https://www.slpa.lk/port-colombo-page/4a35ed8945de9453248b70e1611982e7/8845c04e2449d6933692f6465bc6ba695b49364c
Strengthening Legal Foundations for Sri LankaŌĆÖs Ports and PPPs with U.S. Support,"The U.S. Embassy in Sri Lanka, through the U.S. Department of Commerce’s Commercial Law Development Program (CLDP), hosted a specialized workshop in Colombo from September 8–10 that brought together legal experts from the Sri Lanka Ports Authority and the Attorney General’s DepaRead More",https://www.slpa.lk/port-colombo-page/3f2c76f5b8996ccad706248576fb43a7/27e9077ffb018a2965e6968b17bae2990b856d67
U.S. Congressional Delegation Meets Sri Lanka Ports Authority Management.,"In the pic., SLPA’s Chairman - Admiral Sirimewan Ranasinghe (Rtd), Vice Chairman - Eng. Herath M. P. Jayawardhana, Managing Director - Eng. Ganaka Hemachandra, Habour Master - Capt. Nirmal Silva, Director Security - Air Vice Marshal Dilshan Wasage, The US visiting team including, Ms. Jayne HowRead More",https://www.slpa.lk/port-colombo-page/5bb308f2447673c9ab87c5e36b6dba20/8af2148735c7a6a1e756a99c5b4b5992c2f45b49
Maersk Line Strengthens Ties with SLPA Terminals,"In a significant step toward strengthening Sri Lanka’s position as a regional maritime hub, Maersk Line has signed a three-year Terminal Service Agreement (TSA) with the Sri Lanka Ports Authority (SLPA). The agreement is expected to foster business growth, enhance operational efficiency, anRead More",https://www.slpa.lk/port-colombo-page/c759ae4ae774ee468a8bbf6e24f4b652/af09fa05a9352304557e948db57708f34e9ec117
"Gateways to Growth: US, Sri Lanka, and Maldives Forge Stronger Maritime and Trade Partnerships","In the pic., are SLPA’s Managing Director - Eng.Ganaka Hemachandra, Director ( Marketing and Business Development) - Mr U. Kumara, and Chief Engineer (Development) - Mr C. L. Dasanayake

 




The “Gateways to Growth” webinar, held virtually on 12 August 2025, marked a signifiRead More",https://www.slpa.lk/port-colombo-page/276a0ea77e79f56dd8ab00144d0d08e6/c3843fb3866f715a2b2f9dd46fb8ae6dd090cf62
CELEBRATING 46 YEARS OF EXCELLENCE: SRI LANKA PORTS AUTHORITY,"""Today, we are profoundly honoured to commemorate the 46th anniversary of the Sri Lanka Ports Authority. We extend our deepest appreciation to our valued stakeholders, maritime collaborators, port users, and dedicated personnel, whose enduring allegiance and strategic synergy have served asRead More",https://www.slpa.lk/port-colombo-page/1cee5691decf1cb00dee3398b6bba945/d5b8f759e0a8de68c83869c047982bdab12220bb
Sri Lanka Ports Authority delegation visits Port of Antwerp-Bruges to advance cooperation,"During the meetings, both parties acknowledged the complex environment in which modern ports operate, including fluctuations in trade volumes, evolving regulatory requirements, rapid digital transformation, and increased environmental considerations.


A delegation from the Sri Lanka Ports AuthoritRead More",https://www.slpa.lk/port-colombo-page/06317e5edfa2399761616ce5f7d2fc9b/5b8ecec3e7e9c70361242c9f3347337b975a27e0
Japanese Business Delegation Engages with SLPA on Colombo Port Development,"A high-level Japanese business delegation led by Mr. Bokuto Yamauchi, Chairman and Group CEO of Expolanka Holdings Group, recently visited Sri Lanka for discussions with the Sri Lanka Ports Authority. The engagement focused on exploring future prospects for the Port of Colombo as a regional logisticRead More",https://www.slpa.lk/port-colombo-page/be015d00db175725c585ba042cfb6900/7b968c009f7178f2a67b035cf1af919220faaa98
Sri Lanka Ports Authority Welcomes MSC MARIELLA ŌĆō The Largest Container Vessel Ever to Call at Sri Lanka,"Marking a historic milestone for Sri Lanka’s maritime industry, the ultra-large container vessel (ULCV) MSC MARIELLA, one of the largest container vessels in the world and the largest in the MSC fleet, made its maiden call at the Colombo East Container Terminal (CECT) of the Sri Lanka PortsRead More",https://www.slpa.lk/port-colombo-page/1f49b8d1e2397baa8f984ae025f45cf9/cb1c25fc7ecff454fc2a6e3502eba51edaa13411
Hapag-Lloyd Senior Delegation Meets with Sri Lanka Ports Authority Leadership,"A high-level delegation from Hapag-Lloyd, one of the world’s leading shipping lines, met with the Sri Lanka Port Authority’s Chairman -Admiral Sirimewan Ranasinghe and  the  Managing Director – Eng. Ganaka Hemachandra on March 4, 2025. SLPA’s Vice Chairman &ndashRead More",https://www.slpa.lk/port-colombo-page/658b0c098321acc0e7c8228e37d12285/811d96d4aaf05f8c04a8923659dd6a6fc3f38dff
Newly Appointed Japanese Ambassador Visits Port of Colombo,"On this morning, 10th January 2025, His Excellency Akio Isomata, the newly appointed Japanese Ambassador to Sri Lanka, made a notable visit to the Port of Colombo, accompanied by two distinguished officials from the Japanese Embassy in Colombo. The delegation’s visit marked an important momRead More",https://www.slpa.lk/port-colombo-page/c7c01226864675a92220ec6ae3c1915e/b6a77eb3c23927867b0b2af217329201aa7b221e
JICA Delegation Visits Colombo Port,"A high-level delegation led by Mr Shohei Hara, Senior Vice President of the Japan International Cooperation Agency (JICA), visited Colombo Port yesterday to assess the progress of current operations and review the impact of previous JICA-funded projects. Mr Hara was accompanied by Mr T Yamada, ChRead More",https://www.slpa.lk/port-colombo-page/d47f22cd47f20128d7ab46feca6e6f9c/b44fe65c2da5690b8a423dfa0b1657f744ab4ee3
"SLPA Terminals JCT & ECT achieves the 2.4Mn TEUs amidst competitive environment while Port of Colombo achieves Record Growth in 2024, Setting the Stage for Future Expansion","Operations at the Jaya Container Terminal (JCT) and the East Container Terminal (ECT) of Sri Lanka Ports Authority (SLPA) at the Port of Colombo 

 




The Sri Lanka Ports Authority (SLPA) Terminals have reached a historic milestone as of December 31, 2024, handling over 2.4 million Twenty-FooRead More",https://www.slpa.lk/port-colombo-page/3b5b48b58d3cda86078af95feb0265e0/eb41fb45417fa356b4739a472290dfca4830d425
"ŌĆ£We have entered an era where  we must work together for the success of the countryŌĆØ  - Admiral Sirimevan Ranasinghe Rtd., Chairman, Sri Lanka Ports Authority","The Chairman of the Sri Lanka Ports Authority, Admiral Sirimevan Ranasinghe Rtd., addresses the event.

 




“We have entered an era where we must identify our weaknesses, overcome them, and work together for the success of the country,” stated Admiral Sirimevan Ranasinghe Rtd., ChRead More",https://www.slpa.lk/port-colombo-page/9b83357980bad738617ae8d14afc468a/20c39c868cb92e7571b7740a71be15ec4c3255ce
MV. Navios Unite marks maiden call at JCT SLPA,"MV. Navios Unite being operated at the Jaya Container Terminal (JCT) of Sri Lanka Ports Authority (SLPA)

 




Unifeeder’s MV. Navios Unite operating the Asia Gulf India (AGI) service recently made her maiden call at the Port of Colombo. To mark its arrival at the Jaya Container TerminalRead More",https://www.slpa.lk/port-colombo-page/6fde5cabbeb8998302ab0001a9cfcbe2/ef7825574bdea31f5b2afe704f6ead7236f9ea71
SLPA Terminals Record All-Time High of 2.41 Million TEUs in 2024 Amidst Competition,"In 2024, Sri Lanka Ports Authority (SLPA) terminals achieved their highest-ever throughput, reaching 2.41 million TEUs amidst competition. SLPA alone contributed 2,413,012 TEUs, emphasising its vital role in the port’s performance despite ongoing construction at both terminals. The Port ofRead More",https://www.slpa.lk/port-colombo-page/b106c9cac9b38b8ec3506d0f5a39d3c4/0234b49fd252e53a0d988619ee47bdd964bf4e89
"ŌĆ£The optimum usage of energy is a mandatory requirementŌĆØ ŌĆō Eng. Ganaka Hemachandra, Managing Director, SLPA","Eng. Ganaka Hemachandra, Managing Director of the Sri Lanka Ports Authority (SLPA), expressing views at the discussion.

 




“A project and process are currently underway to utilize land owned by the Sri Lanka Ports Authority (SLPA) and the Port of Colombo (POC) for solar energy harvestRead More",https://www.slpa.lk/port-colombo-page/13aa3390b1cc8d99df61c74a5ba36732/a8dba8c7f844a4f637a685f13df6e1280ba4dad5
"Minister Bimal Rathnayake Assumes Duties, Vows to Combat Corruption and Promote Unity","“There will be no politics in the ministry. Our focus will be on uniting both the private and public sectors to move the country forward.”



The Minister of Transport, Highways, Ports, and Civil Aviation, the Hon. Bimal Rathnayake, officially assumed his duties at the Ministry yesterdaRead More",https://www.slpa.lk/port-colombo-page/7b9a40b4e23dfac6a5d7fe37b99a8f1d/e0e6418357fb6884acbbfdf57775c150441ea6f8
Port of Colombo Hosts Joint CBRNE Exercise,"A part of the CBRNE at the Port of Colombo

 




On November 19, 2024, the Port of Colombo conducted a Joint Emergency Response Exercise focused on CBRNE (Chemical, Biological, Radiological, Nuclear, and Explosives) scenarios. The exercise brought together key agencies, including the Sri LankaRead More",https://www.slpa.lk/port-colombo-page/048736b71385851679681cf34d60ebcf/b3aaf503a030469395db3ef38b274f70565e1e01
Colombo Plan Officials meet Port and Aviation Ministry officials to strengthen partnership,The recent courtesy visit by The Colombo Plan to the Secretary of the Ministry of Ports and Aviation and the management of the Sri Lanka Ports Authority (SLPA) represents a significant step in strengthening collaboration and updating attendees on recent developments and initiatives under the MariRead More,https://www.slpa.lk/port-colombo-page/b77531b0b1d1529d5de85e5c9f1ecdcc/b467f45330b1ca1269bb8f239cd93f40afb26d12
"Admiral Sirimevan Sarathchandra Ranasinghe (Rtd), new Chairman of Sri Lanka Ports Authority","Pic: Admiral Sirimevan Sarathchandra Ranasinghe (Rtd) assumes duties as the Chairman of Sri Lanka Ports Authority 

 




Admiral Sirimevan Sarathchandra Ranasinghe (Rtd) aasumed duties today (10/03/2024) as the Chairman of Sri Lanka Ports Authority (SLPA).

He was the Commander of the NavRead More",https://www.slpa.lk/port-colombo-page/1949f922c0a690438ccf859201af2f37/b739fd3529911c9eeeb1e356f7f3331c135fae7e
SeaLead Launches New Liner Service with Sri Lanka Ports Authority,"SeaLead Shipping, a rapidly growing global shipping line, officially inaugurated its new direct liner service in collaboration with the Sri Lanka Ports Authority (SLPA) today, October 2, 2024, at the Port of Colombo. This significant development enhances maritime connectivity between the Far EastRead More",https://www.slpa.lk/port-colombo-page/6d6fbeca36cd1bcdf62af40b8c529deb/15353b3885c5848e3b696e1a23fd3ba71062969e
Steering Towards a Safer Future: World Maritime Day 2024,"Today, on World Maritime Day 2024, the global maritime community unites under the theme, “Navigating the Future: Safety First!” This year’s theme accentuates the vital importance of safety in all aspects of maritime transport, from seafarer welfare to shipping operations and envRead More",https://www.slpa.lk/port-colombo-page/b0a2f3183d24c59a98b1ae6ecfd6671a/aa002483f48ab601afc2fe281e5b4be06326c709
"Vijitha Herath Assumes Office as Minister of Ports and Civil Aviation, Calls for Integrity and Unity in Governance","Hon. Minister of Ports and Civil Aviation, Mr. Vijitha Herath assumes office. The Secretary to the Ministry of Ports and Civil Aviation – Mr.K.D.S.Ruwanchandra is also in the pic.


 




The newly appointed Minister of Ports and Civil Aviation, Mr. Vijitha Herath, emphasized the nRead More",https://www.slpa.lk/port-colombo-page/1ea16190d1112cb232df065ffa425434/73e8f7049f84dd5c3e6f1f7950b0b315ef0cd1cf
MV EVER ARM makes first call at the SLPA controlled Colombo East Container Terminal,"MV EVER ARM at the Colombo East Container Terminal of the Port of Colombo

 

“The call is testament to international shipping trust in Port of Colombo”

- Keith D. Bernard, Chairman SLPA

 




The container vessel MV EVER ARM made its first call at the Colombo East ContainerRead More",https://www.slpa.lk/port-colombo-page/a1e8ea5615c0c13b6a6ce03db9d739ee/70c02721d3a88f4e5156c90f8928ae4abe1668b5
Port of Colombo Welcomes EVER ARM: A Milestone for South AsiaŌĆÖs Busiest Port,"We are pleased to announce the port call of the container vessel EVER ARM at the Colombo East Container Terminal (CECT) today, 5 September 2024. Sailing under the flag of Taiwan, this ship, identified by its International Maritime Organization (IMO) number 9893931, marks a significant milestone forRead More",https://www.slpa.lk/port-colombo-page/55f05756073153f5e2103480682dbd4b/717259d6c997c85e9ef95e2c6f77ae6761407349
British High Commissioner Pays Courteous Visit to Port of Colombo,"His Excellency Andrew Patrick, the British High Commissioner to Sri Lanka, accompanied by officials from the British High Commission, made a courtesy visit to the Sri Lanka Ports Authority (SLPA) today, 29 August 2024. During their visit, the delegation met with SLPA Chairman Mr. Keith D. BernardRead More",https://www.slpa.lk/port-colombo-page/df5781321e7f984a9752efd922192e61/880bd5e2b3fc0623a8017f8d7f70caf090dd034f
Clarifying Media Misrepresentation on Port Operations,"As of August 2024, Colombo Port’s container handling has seen notable growth: SLPA increased by 16%, SAGT by 10.4%, and CICT by 5.0%, contributing to an overall port growth of 9.6%

 




The Sri Lanka Ports Authority (SLPA) has noted recent reports in certain local media outlets suggestiRead More",https://www.slpa.lk/port-colombo-page/7e749093853ecbbe27a744e54b55174a/547555dcb4acd0190596fced90b1b25ef29ecbe7
"ŌĆ£With ongoing developments we are confident in the Port of Colombo's evolution as the hub of South AsiaŌĆØ       -  Keith D. Bernard, Chairman SLPA","Mr. Keith D. Bernard - Chairman of the Sri Lanka Ports Authority(SLPA) speaking at the event.

 




Mr. Keith D. Bernard - Chairman of the Sri Lanka Ports Authority (SLPA), attended as Chief Guest at the 14th All India Maritime and Logistics Awards (MALA). The event took place at the JW MarrioRead More",https://www.slpa.lk/port-colombo-page/d20d386695c16b5cdde259f5f57d45e7/aae938737a267a9b734352debc86b5afdbdf32a9
Incident at Jaya Container Terminal: Fire Averted on MV ŌĆ£MSC CAPETOWN IIIŌĆØ,"The Sri Lanka Ports Authority executed a rapid response to avert a major catastrophe by successfully containing a fire on MV “MSC CAPETOWN III” at Port of Colombo.

The Sri Lanka Ports Authority (SLPA) reports that swift and coordinated action successfully averted a potential disaster foRead More",https://www.slpa.lk/port-colombo-page/72c4019c32a404a433b83b84f2775a7d/a52380d5189b850edde4d6d73f45aafe2b863216
SLPA Marks 45 Years with Celebrations and Developments,"The Sri Lanka Ports Authority (SLPA) celebrated its 45th anniversary yesterday (1 August 2024) at its Chaithya Road premises with religious activities. The event was spearheaded by the Minister of Ports, Shipping, and Aviation, Hon. Nimal Siripala de Silva.

The SLPA, established on 1 August 1979Read More",https://www.slpa.lk/port-colombo-page/b0d4c86ca3130db3de2ed89ec3fbdb9e/93ff82c26401ee3bd294c7055ad48a3882713de5
SLPAŌĆÖs 45 Years of Excellence,"Reflecting on 45 years of Sri Lanka Ports Authority’s transformative impact on Sri Lanka’s ports while envisioning continued growth and excellence in the maritime sector

Governor Joseph West Ridgeway, in Review of Administrative Affairs of Ceylon (1896-1903), lauded CoRead More",https://www.slpa.lk/port-colombo-page/4345bc9d9c2dae47d9a69cf0972d672a/150f6172e09a944ef8e777cf2c18cedd4894eb28
Port of Colombo Becomes WorldŌĆÖs Top Performer in Growth,"Recognised for Outstanding Growth and Performance in the First Quarter of the Year by Alphaliner





The Port of Colombo has achieved landmark recognition by being named the best-performing port globally for the first quarter of 2024 by Alphaliner, a leading information platform for the linRead More",https://www.slpa.lk/port-colombo-page/6a42269e16c894d64e18ec1b2c058f62/ba0f3733e72cac80f0efbc47539b2d91a1eb7140
NDC Course Participants Visit Port of Colombo,"National Defence College Course Participants Visit Port of Colombo for Economic Security Module





Today, a group of course participants from the National Defence College (NDC) conducted a study visit to the Port of Colombo as part of the National Security and Strategic Studies (NS&SS) course.Read More",https://www.slpa.lk/port-colombo-page/cedfd4fa1dc004a9803c5a9580e126d9/b34b81b99eabb5e174e80782a0a76db9e0bd7694
SLPA Officials Visit Virginia Port:  Insights on Cutting-Edge Technology and Sustainable Operations,"Secretary to the Ministry of Ports, Shipping and Aviation - Mr K.D.S Ruwanchanda, SLPA Chairman – Mr.Keith D Bernard, Senior Consultant Team Lead- Maritime Advisory Programme of the Colombo Plan – Mr.Rohan Masakorala, and General Counsel and Chief Administrative Officer, Virginia Port -Read More",https://www.slpa.lk/port-colombo-page/045c0d5e746859e2c38bee83bac2ce24/9bf9cdada6cc931b750d82adedf960fa13655bcb
Charting Sustainable Ports: U.S. Embassy Event at Indo-Pacific Business Forum,"U.S. Embassy in Colombo Hosts Event on Sustainable Development in the Ports Sector in conjunction with the Indo-Pacific Business Forum in Manila





In conjunction with the Indo-Pacific Business Forum in Manila, the U.S. Embassy in Colombo organized a satellite event themed “Driving SustRead More",https://www.slpa.lk/port-colombo-page/fd5bd1cd02a887a079a3cd3008aa05b5/3bd8820cad8970d02ed391bc6e1572bf28cf220d
SLPA officials meet World Bank  Special Team and International Finance Corporation officials,"In the pic., are Secretary to the Ministry of Ports, Shipping and Aviation - Mr K.D.S. Ruwanchandra, Chairman of SLPA – Mr.Keith D Bernard, World Bank Senior Economist - Mr Dominik Englert, IFC Transport Sector Specialists along with SLPA and Colombo Plan officials.

 




The Sri Lanka PRead More",https://www.slpa.lk/port-colombo-page/4863b0b027fbb790ff626e7dee23fc7a/c8e3fe8bef46f5dbf9d403941abd52d1b9811142
East Container Terminal Welcomes Three New STS Cranes,"The East Container Terminal of Sri Lanka Ports Authority welcomed three more Ship-to-Shore (STS) cranes, bringing the current count to six out of the planned twelve. This progress represents a significant milestone in the terminal’s expansion, emphasizing our commitment to maintaining a leaRead More",https://www.slpa.lk/port-colombo-page/ad4660820f68d59766a72c4f0b528a80/2c0ee0bd64e8d4ecfe1daf1acfdfde3b55d8e5cd
Japanese Minister for Foreign Affairs - Hon.Yoko Kamikawa visits Port of Colombo,"Mr. Prabath J. Malavige - the Managing Director of SLPA presents a special memento to Hon. Yoko Kamikawa - the Japanese Minister for Foreign Affairs in recognition of her visit at the Port of Colombo (POC). His Excellency Mizukoshi Hideaki - Ambassador of Japan to Sri Lanka, Capt Nirmal P. Silva - SRead More",https://www.slpa.lk/port-colombo-page/ed367887c6e3f6d4f29d48b7e5e4fafd/746d557d64e35b6d695aac392400efef7a206b8b
SLPA container volumes expand 48% YoY in 1Q24,"Increase attributed to various factors, including the Red Sea crisis and its wider implications
	Total transshipment volumes expand 24.20% YoY



 




The Sri Lanka Ports Authority (SLPA) yesterday announced it achieved a record 48 percent Year-on-Year (YoY) increase in container volumRead More",https://www.slpa.lk/port-colombo-page/f7ca934c101f8fe086fa5f3ecb805b8c/413a3d787d45f2767ce7143adf701dbd579c411e
Port of Tianjin China expresses willingness to assist transforming Colombo Port,"The Port of Tianjin, China, has expressed its willingness to assist in transforming the Port of Colombo, currently operating as a global container port, into a green Port Said Chairman of the Port of Tianjin, Chu Jin during a meeting with Minister of Ports, Shipping, and Aviation – Nimal SiRead More",https://www.slpa.lk/port-colombo-page/e437becee41a9fad0547d0d49d48fe75/38aac0ddc2cca9f8d209c24108445d4a47dc0d29
STS Cranes Shifted to JCT Phase V,"To enhance operational efficiency, the Sri Lanka Ports Authority has started installing ship-to-shore (STS) gantry cranes on the fifth phase of the Jaya Container Terminal (JCT). These cranes were temporarily installed and used for operations at the East Container Terminal from 2020 until the comRead More",https://www.slpa.lk/port-colombo-page/ee7c04533e1b386269dfb94aa1dcc64d/9919d4896971917ce9a69f108a36de0a9c0fb536
MV MAERSK EdmontonŌĆÖs First Call at ECT of SLPA,"MAERSK Edmonton, operating within MAERSK Line’s West Africa Xpress Service (WAX Service), made its inaugural call at the East Container Terminal (ECT) of the Sri Lanka Ports Authority (SLPA) on April 5th, 2024. This occasion not only marks MAERSK’s first call at the ECT but also signiRead More",https://www.slpa.lk/port-colombo-page/be70246711a54686a92f5233564212b2/7dd4140a0e61d282ee8c2362735146fb01394d5b
X-Press Feeders wins top accolade at Colombo Ports Awards,"Arjuna Hettiarachchi, Managing Director of X-Press Feeders Sri Lanka, receives the award from Minister Nimal Siripala De Silva, Minister of Ports, Shipping & Aviation. Jan Zhang, CEO - CICT Terminal, S. Ruwanchandra, Secretary - Ministry of Ports & Shipping, Keith Bernard, Chairman - SLPA, NRead More",https://www.slpa.lk/port-colombo-page/4ec240d7eefc6840dcb251c8a0737ac0/29e9b99947ff9e3a3acbb0b17c0095a27b353efa
Colombo Port transshipment growth surges for third month,"In February, the Port of Colombo saw its transshipment volume growth accelerate for the third consecutive month, with a 29.1 percent year-on-year increase. This growth was driven by ongoing disruptions in the Red Sea, benefiting the port.

The transshipment volumes handled by the Port reached 528Read More",https://www.slpa.lk/port-colombo-page/bab30a822b63e012a1afe71bfbd6fdb7/0257c46e5eba685ae2faee4188b19d5ae1c0fc1d
"SLPA collaborates with JCT, SAGT and CICT, hosts Port of Colombo Awards Night","The Sri Lanka Ports Authority (SLPA), in collaboration with Jaya Container Terminal (JCT), South Asia Gateway Terminals (SAGT) and Colombo International Container Terminals (CICT), hosted the Port of Colombo Awards Night 2024 at the Lotus Ballroom, Shangri-La Hotel, Colombo on March 15.

The evenRead More",https://www.slpa.lk/port-colombo-page/6db408245420e3b0ddcd1c64adca84b2/96159a47d1c8dc774081fd3bb6d4165168a16dfe
"M.V. Ane M├”rsk Makes Maiden Port Call in Colombo, Leading the Charge in Sustainable Shipping","The M.V. Ane Mærsk recently completed its inaugural port call at the Port of Colombo, marking a significant milestone in maritime history. Named after Ane Mærsk Mc-Kinney Uggla, Chair of the A.P. Moller Foundation and A.P. Moller Holding, this vessel represents a paradigm shift towardRead More",https://www.slpa.lk/port-colombo-page/d5adf2a41e3be2f4d97b8f5edeba305f/f6a634cb8c77f4f38cf76d6a73a709ea7a36a4f9
SLPA gets brand new cranes worth $ 282 m to boost capacity at East Container terminal,"The Sri Lanka Ports Authority (SLPA) is to receive brand new 12 STS Gantry cranes and 40 ARMG cranes from China at a total cost of $ 282 million.

Three STS Gantry cranes were received at the SLPA’s East Container Terminal (ECT) on 2 February. The cranes will be installed at the ECT of theRead More",https://www.slpa.lk/port-colombo-page/2be5348547a9067a885f45a38ee1bf87/95c4d989bada5942d57cdf79bc4a94061d9f5ed5
U.S. Backs Expansion of Sri Lanka's Ports Sector with Capacity Building Program for Sri Lanka Ports Authority (SLPA),"The Colombo Plan Secretariat Secretary General Dr. Benjamin Reyes (left) and Sri Lanka Port Authority Chairman Keith Bernard Exchanging moment of MOU. Capacity Building Project – Colombo Plan Local Consultant of the port of Colombo Rohan Masakorala, USA Ambassador Julie Chung and Ports, ShippiRead More",https://www.slpa.lk/port-colombo-page/c2d8d36d0388eb94870f57d4991087e1/eb5d8f2af40f030249f13f94d74c39c57a10c723
ŌĆ£Colombo PortŌĆÖs Bandaranaike quay to convert into a passenger terminalŌĆØ,"The terminal at the Bandaranaike Quay at Colombo Port will be converted into a major cruise terminal to provide better facilities for cruises, their crew and passengers.

The current warehouses at that location will be shifted elsewhere, said Minister of Ports, Shipping and Aviation, Nimal SiripaRead More",https://www.slpa.lk/port-colombo-page/737bd956d4508079c98d8637e4b98e8a/1abb49e72fa7be98d85d7522fa75a6bd18262599
Aitken Spence Travels welcomes 3 cruises in a single day to Colombo port,"Aitken Spence Travels, welcomed simultaneous arrivals of three cruise ships—Vasco Da Gama, Mein Schiff 5, and MS Seven Seas Navigator at the port of Colombo yesterday.

The cruise season began last month with the arrival of ‘Resilient Lady’ from Virgin Voyages, a part of Sir RicRead More",https://www.slpa.lk/port-colombo-page/01af6c4b2eea4da413544322f4e3aa48/8c9829f1668cc58ee1a90cfaa48bc3d2643c50c8
Marella Discovery 2 cruise liner calls on Colombo,"The luxury cruise ship M.V. Marella Discovery 2 of Marella Cruises with 1,800 passengers and 755 crew on board will make her maiden call at the Port of Colombo on December 7, 2023 and depart on December 8. Aitken Spence Shipping is the local agent to facilitate the cruise liner whilst Aitken SpenRead More",https://www.slpa.lk/port-colombo-page/13dec3bace4fa01a4ad6ee878c96785b/651a37377101ee33926bd7ec0a7bb73717c8cdfe
Luxury passenger vessel RESELIENT LADY carrying 2318 passengers and 1194 crew on board calls the Port of Colombo,"Passenger vessel RESELIENT LADY at the East Terminal of Sri Lanka Ports Authority, Port of Colombo. 

 




Luxury passenger vessel RESILIENT LADY, operated by Virgin Voyages and flying the Bahamian flag, made the maiden call  at the Port of Colombo on November 13, 2023. The ship, measurinRead More",https://www.slpa.lk/port-colombo-page/18d5e4b023050e13932e0b11b9f564bb/c53b8718b9a20a8a1e6c53dfc110681ad1cddadf
Cruise vessel Aida Bella to call Port of Colombo,"Super luxury passenger vessel M.V. Aida Bella, operated by Aida Cruises, Germany with 1,900 passengers and 730 crew on board will call at the Port of Colombo on November 9, 2023.

The vessel consists of 1,025 guest rooms on 13 decks which can accommodate up to 2,500 passengers and a crew of 750.Read More",https://www.slpa.lk/port-colombo-page/ac139510d7d4e0ca070e38bfe6d12850/3574fe173b1f5f065fe918c23d24b522e50a4319
SL mulls investment for green hydrogen & ammonia production,"SLAVO Chairman Shamal Perera presenting a token to Minister Nimal Siripala De Silva

Sri Lanka is looking at attracting investment for green hydrogen and green ammonia production in the Port of Colombo, Minister of Aviation and Shipping Nimal Siripala De Silva said.

 




“We have alreadRead More",https://www.slpa.lk/port-colombo-page/40477d928b6a07b16ecf2e48b12ad5aa/27c96eebdb68f3b83634371c25906473ff75ff08
ŌĆ£SLPA to transform Colombo Port into eco-friendly facility by 2030ŌĆØ,"The Chairman of Sri Lanka Ports Authority (SLPA) Keith D. Bernard says that in reference to the Port of Colombo, the foremost objective is to transition towards a highly environmentally-conscious approach, aligning with the principles of a blue ocean economy in the foreseeable future.

He made thRead More",https://www.slpa.lk/port-colombo-page/f41bfc304a0a0339d3094ba86b12b457/87559002e98c84fb8462e4b56f098da10604524f
Sri Lanka-India passenger ferry services resume after 40 years,"The passenger ferry service between India’s Nagapattinam and Kankesanthurai in Jaffna, which experienced a nearly six-month delay for various reasons, finally commenced as the ‘Cheriyapani’ passenger ferry docked at Kankesanthurai port on a Saturday at 11:30 a.m. The ferryRead More",https://www.slpa.lk/port-colombo-page/cbf715e89fed0d8f4ab0ab8dd93af550/f44ae1b6c9f93e767788fe4913f86fc1ea13b248
SLPA targets Rs. 35 Bn profit in 2023,"West Container Terminal USD 700 Mn project to commence in Nov. this year





Sri Lanka Port Authority (SLPA) will make a profit of around Rs. 35 billion this year, Chairman SLPA Keith D. Bernard.

In an interview with ‘Daily News Business’ he said that up to July this year they have maRead More",https://www.slpa.lk/port-colombo-page/fb40f321c6eef7ac90181aa6e91e76f7/cc3cbb1fe4f14e7701a9eff915d683d028339de7
"SLPA poised as an exemplary model for SOEs, says its Chairman","A group photograph taken at the Annual Performance Review Meeting (APRM) of SLPA




Keith D. Bernard – the Chairman of Sri Lanka Ports Authority (SLPA), welcoming the attendees as chair, made this comments at the Annual Performance Review Meeting (APRM) of SLPA for the year 2022. The meetingRead More",https://www.slpa.lk/port-colombo-page/76fb6cff30d902ed8f5f0bb780cfd4ad/731a8e9586112136d3a82a5836a7cb5328ee5be6
Sri Lanka Ports Authority ŌĆō Enquiry Center,"Sri Lanka Ports Authority (SLPA), as a key public enterprise administering the Port of Colombo, the Maritime Hub Port in the South Asian Region, has established the SLPA Enquiry Center under the National Trade Facilitation Committee to assist both local and international port users in providing iRead More",https://www.slpa.lk/port-colombo-page/6269b699f8b2cc2bd511b9baec5c73e4/e2bcba22370bf289bcd834c721cf8a1c181e9043
Port Community System a must ŌĆō Minister,"A Port Community System is a must for a port to compete, increase efficiency and bring down corruption, Minister of Ports, Shipping and Aviation Nimal Siripala de Silva said.

The Minister made these comments at a full day workshop for establishing a Port Community System for the Sri Lanka PortsRead More",https://www.slpa.lk/port-colombo-page/e5912c24eafcd7b14b2c85b4e39f5b34/45a09d10de71ca0e34c17473d87c2a02e292e446
Talaimannar pier to be re-constructed after 37 years at a cost of Rs.1.8bn,"The Ministry of Ports, Shipping, and Aviation is planning to re-construct the Talaimannar pier to facilitate passenger vessels from Rameswaram, India. The pier was destroyed and had been abandoned to deteriorate during the conflict era in the north. Under the instructions of Minister of Ports, ShRead More",https://www.slpa.lk/port-colombo-page/148ce71d2cc6699cf3c16c51c4998b8e/8a1a650fac0df6686ebfbd04c9d7111e1e0d5b82
Maritime Facilitation Centre Marks Milestone in Sri LankaŌĆÖs Infrastructure Development,"A momentous ceremony steeped in Chinese tradition took place at the Colombo Port premises, as Transport, Highways, and Mass Media Minister, Hon. Bandula Gunawardana, and Minister of Ports, Shipping, and Aviation, Hon. Nimal Siripala de Silva, joined together to celebrate a key milestone in constructRead More",https://www.slpa.lk/port-colombo-page/1d641c5bdb201c1d094f3f8b2b695043/3a1509a3e58970ca62908a00b6825b92049ab5fd
Port of Colombo: Foundation Stone Laid for ECTŌĆÖs Operation & Admin Building,"SLPA EVENT: On August 3, 2023, the Sri Lanka Ports Authority held an auspicious ceremony at the Port of Colombo, where they laid the foundation stone for the new Operation and Admin Building of the East Container Terminal, graced by the presence of the esteemed Minister of Ports, Shipping, and AviatRead More",https://www.slpa.lk/port-colombo-page/ed72576f114ee37abe8b8028e3d5ad09/3740308d39a35c638d7da33f33c873233bcba697
Celebrating 44 Years of Excellence: Sri Lanka Ports Authority,"On this auspicious day, 1st August 2023, we gather to celebrate the 44th anniversary of the Sri Lanka Ports Authority, a journey marked by dedication, progress, and achievements since its establishment in 1979.

The story of Sri Lanka Ports Authority traces back to the early 20th century when theRead More",https://www.slpa.lk/port-colombo-page/8ef466a0b7ad5103a8a0e255a43d23a1/478e25938d77cfd68638e8159d7a22ad89bf53bd
ConnectX by SLPA: Official Trailer,"We are pleased to unveil the official trailer of ConnectX, an exciting new series of interviews featuring key stakeholders of the Sri Lanka Ports Authority. With ConnectX, we embark on a journey to delve into the depths of our industry, providing an in-depth exploration of the Port of Colombo&rsqRead More",https://www.slpa.lk/port-colombo-page/1ac059587551356670ee8bb0d465fd69/93a74bf962bc2778cdeb3ab19dd3d4274528d46d
"A high profile delegation from the Port of Colombo attends business promotions visit at VOC Port Authority, Tuticorin, India","Discussions aim at increasing volumes at POC

 




A high profile delegation from the Port of Colombo recently embarked on a three-day business promotion visit to the V.O.Chidambaranar Port Authority (VOC Port Authority) in Tuticorin, India. The delegation headed by Mr. Keith D. BernardRead More",https://www.slpa.lk/port-colombo-page/4bb20bf41262186ab336e1c77882d734/721d3fe11b501d373afc6054123cd03249496413
KKS Port opens with MS Empress luxury vessel calling over from Chennai,"The MS Empress arriving at the KKS Port.

 




Ushering in a new era of maritime travel and tourism in Sri Lanka, particularly in the Northern region, the Kankesanturai Port Passenger Terminal (KKSPS) in Jaffna was officially inaugurated last Friday. The inaugural vessel to grace the port wasRead More",https://www.slpa.lk/port-colombo-page/6bfb88bf7283c3563c5ec8a52bca3ea9/9c16b7cf251bb56b0e179caa97998bc35ad8d76c
MV Empress: Trincomalee Welcomes Cordelia CruisesŌĆÖ Magnificent Cruise Ship,"Yesterday, the passenger cruise ship MV Empress, owned by Cordelia Cruises, arrived at Ashroff Jetty in Trincomalee Port with a total of 744 passengers on board. The docking of the ship marked the beginning of its inaugural voyage in the Eastern Province of Sri Lanka.

MV Empress, the only ship oRead More",https://www.slpa.lk/port-colombo-page/61ba311e0652507d75c1f2905caf4ad4/f90e21343a6352347553e64c83eafbd21805d56a
SLPA Chairman and Indian High Commissioner Discuss Maritime Collaboration in Colombo,"Mr. Keith D. Bernard, the Chairman of the Sri Lanka Ports Authority (SLPA), recently met with His Excellency Gopal Baglay, the High Commissioner of India, at the Indian House in Colombo.

During the meeting, both dignitaries engaged in fruitful discussions regarding the advancement of maritime coRead More",https://www.slpa.lk/port-colombo-page/cc3d22ea6e6960ba9343fb8f96564337/90bf770de801a67b120a7c8c6388be3b51fd80d5
Minister Explores Investment Opportunities at Port of Colombo during Successful Singapore Visit,"In a significant move to bolster the maritime sector, the Minister of Ports, Shipping, and Aviation, Honorable Nimal Siripala De Silva, recently embarked on a successful visit to the Port of Singapore. Minister De Silva engaged in fruitful discussions with Singaporean officials during his visit,Read More",https://www.slpa.lk/port-colombo-page/8aa0034991e5bb6e0e17a43b24e3fbf2/a27289aa934a7f75fcc5f5c79a17d1b2704c2bff
Sri Lanka Ports Authority Announces Appointment of new Managing Director,"A new Managing Director was appointed to the Sri Lanka Ports Authority (SLPA) by the Minster of Ports, Shipping and Aviation Hon. Nimal Siripala de Silva today (29.05.2023).

Accordingly, in a remarkable career progression, Mr. Prabath J. Malavige, a distinguished Senior Port Management and LogisticRead More",https://www.slpa.lk/port-colombo-page/85e5452ca528a3a755efce58c3600000/cfcac2cce9c6b7ad7591dfe576b797473588a83c
Ambassador for France visits Port of Colombo,"Exchange of mementos between the SLPA Chairman – Mr.Keith Bernard and the French Ambassador – His Excellency Jean-François PACTET.

 




The Chairman of Sri Lanka Ports Authority (SLPA) – Mr.Keith Bernard met the Ambassador for France His Excellency Jean-FrançoiRead More",https://www.slpa.lk/port-colombo-page/20949f9e7e498ceef9192d84818e2693/758f5868fe62e09b196ae4b68f5bd06762b9f514
30 Year Development Plan of the North Port of Colombo,"Sri Lanka Ports Authority (SLPA) has initiated a number of development projects namely, the East Container Terminal –II (ECT – II), West Container Terminal –I (WCT –I) and WCT -II etc, in line with national Port Master Plan. It is expected to complete these projects by yeaRead More",https://www.slpa.lk/port-colombo-page/8c94bc875ad199cb5140142924e7135e/2781927d23fb1153b401653840ed733769a9120e
30 Year Development Plan of the North Port of Colombo,Read More,https://www.slpa.lk/port-colombo-page/f9e93cef1502b31753a242ec58266bd9/14d480297c9d84ccfb3bcc15c7b4af47a7df3399
U.S Department of Transportation officials meet SLPA Chairman,"SLPA Chairman Keith D Bernard Presents a token of appreciation to Mr Brian Varney, Senior Advisor, Maritime Administration,  U.S. Dept. of Transportation

 




The Chairman of Sri Lanka Ports Authority (SLPA) Mr. Keith Bernard met officials from the U.S. Department of Transportation on 6/Read More",https://www.slpa.lk/port-colombo-page/451fa529d48cde6eb722f3ee476d1d49/7a351a61e7ab7a0d4d0ba44dceca3b11e583b5c9
VIKING NEPTUNE CALLS AT THE PORT OF COLOMBO,"Viking Neptune being berthed at SLPA’s Passenger Terminal.

 




The Norwegian-owned Viking Cruise line's ""Viking Neptune"" super luxury cruise ship recently called at the Port of Colombo (POC), marking a significant occasion. Plaques were exchanged between Sri Lanka Ports ARead More",https://www.slpa.lk/port-colombo-page/b6e3c1c787c764b944fca596fa7c64e0/b3047d6de5cbb838e52dbb34fcde03b09e5b9f2b
Port of Trincomalee Commences night operations,"Trincomalee Harbour, a natural deep-water harbor, is considered the fifth largest natural harbor in the world. According to historical records, the Port of Trincomalee was known as “Gokanna” in ancient times. On March 2, 1815, Sri Lanka surrendered to the British, and with theRead More",https://www.slpa.lk/port-colombo-page/55803a116687f67bf3beeab4797af2e7/3274f5e3c99a763a809aa10fc1ddec1b4217e9c5
The first vessel under port promotions programme calls at the East Container Terminal,"MSC America, the first container vessel under the business promotions programme to attract new services to the Port of Colombo (POC), called at the East Container Terminal (ECT) of the Port of Colombo today – 07.02.2023.

The latest  programme to attract new shipping lines to the POC hRead More",https://www.slpa.lk/port-colombo-page/d6b584ba6dfa99a68caaac70fca104e3/7b8f29059e73478124f733ec602dde934d236d9a
Japanese State Minister of Foreign affairs Visits Port of Colombo,Japanese State Minister of Foreign Affairs Mr. TAKEI Shunsuke visited the  Port of Colombo learn about  the ongoing  developments in the Port of Colombo. The visit took place on 03rd February 2023. During the visit the Japanese State Minister of Foreign Affairs also metRead More,https://www.slpa.lk/port-colombo-page/f200c495baae4de90baedc0c2b668b61/e054646e06e8342931da025a48e682a88eb872e8
Phoenix Reisen calls on Colombo with 500 passengers,"Strengthening Sri Lanka as an emerging destination for cruise ships Colombo Port saw the arrival of a cruise liner from Phoenix Reisen, Germany with nearly 500 passengers and crew. Here the ship anchored in Colombo Harbor and passengers disembarking to take city tourists.
(SLPA - 13012023)Read More",https://www.slpa.lk/port-colombo-page/ca81f009292dd43bb24e3b96d215b4e4/45272f2c1fbc62f536f23cf07a431d9b6a565bc5
Lanka can become maritime hub in the region - CASA,"Sri Lanka can become a maritime hub in the region, which will contribute immensely towards resetting the economy contributing immensely towards Sri Lanka’s foreign exchange issue.

Sri Lanka is strategically located where the busy East-West shipping route passes just six to 10 nautical mileRead More",https://www.slpa.lk/port-colombo-page/93381353ff0858e812ba4988c123199b/5ba08fdadf755f81daf0c5f97dafcc1d5e1a28b7
Sri Lanka Ports Authority commences work in 2023,"Sri Lanka Ports Authority (SLPA) commenced work in the new year 2023 with religious initiatives at its Sri Sambuddhathwa Jayanthi Chaithya premises. The main function was held with the initiative of Hon.Minister of Ports, Shipping and Aviation – Nimal Siripala de Silva and the Chairman of SRead More",https://www.slpa.lk/port-colombo-page/3fbf0a0fbe05f805970a220e95b7f24c/8f0eb11c1a7464ccb827cc3a0227f242cb9d653e
Port dredgers ŌĆśDiyakowullaŌĆÖ and ŌĆśHansakawaŌĆÖ resume work with MinisterŌĆÖs intervention,"Minister Nimal Siripala with the Secretary to the Ministry of Port, Shipping and Aviation, K.D.S.Ruwanchandra and several higher officials of SLPA vising the two dredgers anchored at the Bandaranaike Quay

 




With the intervention of Minister of Ports, Shipping and Aviation, Nimal Siripala dRead More",https://www.slpa.lk/port-colombo-page/7c4b9b03c6ac4f5c3a435c402a7f28de/463e3521f7be21d9b9c2650670f072c033fbb2e5
Minister instructs expedite stalled construction work at the Jaya Terminal,"The Hon.Minister of Ports, Shipping and Aviation, Nimal Siripala de Silva instructed to expedite stalled development activities of the expansion work at the Jaya Container Terminal (JCT). The Jaya Container Terminal (JCT) is the oldest terminal solely owned by the Sri Lanka Ports Authority (SLPA)Read More",https://www.slpa.lk/port-colombo-page/c3bedd78f6cc744cb52fcce0b36d9bbb/28c14d0c7372d320745f630772ed1311e3ba72fc
"ILO, Japan partner to enhance economic wellbeing of returnee and aspirant Sri Lankan migrant workers","In response to strengthening the socio-economic resilience of the returning migrant workers, the International Labour Organization (ILO) has identified the maritime sector as having the potential to generate ample employment opportunities for the returnees and aspirant migrant workers. 

The MahRead More",https://www.slpa.lk/port-colombo-page/f6daa488ede01926808cdcfa1e1bd1d4/35e84388c6a5d1aec7f3c9f4c50ef943b96c2ecc
SLPA donates to the Consolidated Fund of the Government,"The Sri Lanka Port Authority, Airport and Aviation Services (Sri Lanka) (Private) Limited and the Civil Aviation Authority jointly presented the cheque for Rs. 02 billion to the government’s consolidated fund which was officially handed over to President Hon. Ranil Wickremesinghe at the PreRead More",https://www.slpa.lk/port-colombo-page/1dffb9ab0f4aa22dd77bde059de46292/fafedbc919dcf0cfea125caebb2e0682abacbe38
ŌĆ£Ocean OdysseyŌĆØ super luxury passenger ship arrives in Colombo port,"Signaling the revival of the cruise shipping industry, the super luxury passenger ship “Ocean Odyssey” carrying 108 of America’s richest tourists arrived at Colombo port yesterday afternoon. This ship making its maiden voyage arrived at Colombo port from Cochin port in India andRead More",https://www.slpa.lk/port-colombo-page/213b926e480d14463e47cd83a2580a4b/76afd1f182702f9cef45e8ffe929e462da86b7fa
Colombo Port: Highest Performing Port in South Asia ŌĆō UNCTAD,"Ranked as the 24th Best Port in the World

 




United Nations Conference On Trade and Development (UNCTAD) in its new Review of Maritime Transport 2022 has revealed that the Port of Colombo is the highest-performing port in South Asia. The Review of Maritime Transport is a recurrent publRead More",https://www.slpa.lk/port-colombo-page/604d68755fe277a624c0b61dfdf65914/52f520a22ffc0cda17322daa6d47b632fc54fe3e
Mein Schiff 5 arrives in Port of Colombo,"Mein Schiff 5, a Passenger (Cruise) Ship built in 2016 and currently sailing under the flag of Malta made its first port call this year in Port of Colombo this morning with well over 2000 passengers.

The following images were captured by our colleague during her port call.Read More",https://www.slpa.lk/port-colombo-page/acdfea68c66b0efd569332d1b1fbac45/e44d4962b74ffd9604f65a72bec6ce2130d54110
A high profile delegation from Port of Colombo visits Bangladesh,"A high-profile delegation from the Port of Colombo led by the  Chairman of Sri Lanka Ports Authority (SLPA) Mr. Keith D. Bernard visited Bangladesh to further discuss  requirements of Shippers and service providers.  Managing Director of SLPA –  Mr. Upul Jayatissa, DirectorRead More",https://www.slpa.lk/port-colombo-page/606b97a3e048c588d83879d78de862f9/b6b912053129bea4d341807f800186cdcad8bc61
Norwegian luxury cruiser ŌĆśViking MarsŌĆÖ anchors in Colombo,The Norwegian luxury passenger cruise ship ‘Viking Mars’ currently on a 35-day itinerary was docked at Sri Lanka’s Colombo Port last weekend carrying 900 guests and 450 crew. This is the first luxury passenger cruise ship that arrived in Sri Lanka after two years following the CRead More,https://www.slpa.lk/port-colombo-page/d93529382af348d3cf252942d62d60b7/8aae6c5bf2769df25720756cd0ba9497c0918756
"Industrial Peace vital to make Sri Lanka, a Maritime Hub in Indian Ocean ŌĆō Minister","it is essential for Sri Lanka to build a strong maritime nation while strengthening the Sri Lankan business community which will benefit the country also.


We are developing the Port of Trincomalee as an industrial port and the Port of Galle as a tourist port, Minister of Ports, Shipping aRead More",https://www.slpa.lk/port-colombo-page/2356cc850627d055f15a02d2a3ffea0c/0adc65eeea30579d0cd712d93cbab572d3fe0954
SLPA Chairman meets Bangladesh High Commissioner,"Discusses to enhance collaboration between Chittagong and Colombo Ports

 





The Chairman of Sri Lanka Ports Authority (SLPA) Mr. Keith D. Bernard met the Bangladesh High Commissioner H.E. Tareq Md Ariful Islam at the Bangladesh High Commission in Colombo, recently.

 The SLPA ChairmanRead More",https://www.slpa.lk/port-colombo-page/d2503c6292141e4a9f046b51771d01d3/19455b636b03340cea3e5098f70f581c59bad140
Colombo Port: Work on Colombo West International Terminal begins,"The construction work of the $ 789 million West Terminal began yesterday, aimed at boosting Colombo Port’s capacity by a further 3 million TEUs once completed within 24 months.

The venture is a public private partnership with 51% of this total investment by Indian giant Adani, Ports and SpeciRead More",https://www.slpa.lk/port-colombo-page/ff71c354d9d45d2237d3f7c37d8d636b/2aa1856f5cd841d74d08d9e2caf390c9642b8718
Colombo Dockyard Launches the ŌĆ£Sophie GermainŌĆØ,"This is another project showcasing CDPLC’s reputation in the European Market with the brand “Built in Sri Lanka blending Sri Lankan technology with Japanese quality” receiving high recognition and acceptance in Europe market.


 




Colombo Dockyard PLC (CDPLC), the leader ofRead More",https://www.slpa.lk/port-colombo-page/f079bc853f5351d3a26269afec58f5b3/a55bcd10d34215b0a93c6d4767f517e333ad48d5
Second Batch of Ilmenite Exports from Trinco,"Trincomalee Port has proudly managed to export the second batch of ilmenite as another milestone in the export of bulk goods which started after thirty years.

Accordingly, Mr Saman Perera who is the resident manager of the Port confirmed that the second portion of the shipment was exported yesterdaRead More",https://www.slpa.lk/port-colombo-page/7cba00e1cacf0b5c58810f9741f2139a/a63ee7c98fc7fc8fa3378e0372282ee6a722f0c2
OPV P627 arrives at Port of Colombo,"“The Offshore Patrol Vessel P 627, acquired to the Sri Lanka Navy from the United States (U.S.) Coast Guard, arrived at the Port of Colombo on the morning of 02nd November 2022. The ship began her home-bound journey from the Port of Seattle on 03rd September 2022 and arrived in Colombo after aRead More",https://www.slpa.lk/port-colombo-page/d1222546fb30284ee3c09ec45e2bb6e0/ad22f00307801cee40f544cdfdecccd25e382df1
Minister inspects the ECT Project,"Minister of Ports, Shipping and Aviation Hon. Nimal Siripala de Silva inspected the development activities of the East Container Terminal in Port of Colombo this morning. There, the minister gave instructions for the swift completion of the project.

Secretary of the Ministry of Ports, ShRead More",https://www.slpa.lk/port-colombo-page/927177fcc0bba5e7be3a1124c25151e0/e90d8171e5159ae71e079bad942efb844251975a
Australian Navy ships arrive at the Port of Colombo,"Two (02) ships of the Royal Australian Navy, namely; HMAS Adelaide and HMAS Anzac which are engaged in Indo-Pacific Endeavour 2022 arrived at the Port of Colombo yesterday morning (25th October 2022). On their arrival, the visiting ships were welcomed by the Sri Lanka Navy in accordance with navaRead More",https://www.slpa.lk/port-colombo-page/08d043571b1021c60496789a550c1389/fbce6ceda5a1211159ae992d9d7d7c46b78b5d66
New SLPA Chairman Assumes Duty,"The new chairman of the Sri Lanka Ports Authority assumed office this morning. Mr. Keith D. Bernard was appointed as the new Chairman of the Sri Lanka Ports Authority by the Minister of Ports, Shipping and Aviation Hon. Nimal Siripala de Silva.

Featured photographs were captured by our tRead More",https://www.slpa.lk/port-colombo-page/ed7ea2a569cd93d7af35a99f6ff3b0b7/13601050f7350ae4f003c282efb8b66fde655329
KOICA Delegates Visit SLPA,"Representatives of the Korea International Cooperation Agency (KOICA) met recently with senior officials of the Sri Lanka Ports Authority. During the discussion, KOICA agreed to support several innovative projects proposed by Sri Lanka Ports Authority. KOICA was founded as a government agency on AprRead More",https://www.slpa.lk/port-colombo-page/1e2a9b3d2eef08c4140fa7484638cde4/b88c2333cf672a9c5182df24699a598ffa80991f
Colombo Port Wins 2022 GPF Top Awards,"Sri Lanka Ports Authority awarded for ‘Port Authority of the Year,’ and ‘Best Public Container Terminal of the Year 2022’

At the Sixth Global Ports Forum ( GPF) Awards 2022 ceremony held on 28th of September 2022 in Dubai UAE, the Port of Colombo won top awards where thRead More",https://www.slpa.lk/port-colombo-page/f26d821c0668935b35f0cdc077c11b01/64456e0cd8a267c20ded30a1aeff115778e9b29e
Hapag-Lloyd introduces new feeder service between Colombo and Chittagong,"Hapag-Lloyd has announced a new feeder service between the port of Colombo in Sri Lanka and the port of Chittagong in Bangladesh aiming to bring more fluidity into its transshipment movement.

The German company’s new Chittagong Colombo Feeder (CCF) service is expected to enable swift connectiRead More",https://www.slpa.lk/port-colombo-page/42cf4449133ae1942cc6c2a2b6a1c76d/c00cd22c5ffe92c185d3ea074409c05fd0a4b609
World Maritime Day ŌĆö History and Significance,"World Maritime Day is meant to recognise the importance of the maritime industry. It promotes innovations in the industry to improve maritime security, maritime environment, safety, and shipping. The day is marked every year on the last Thursday of September.

History

Immediately after World War IIRead More",https://www.slpa.lk/port-colombo-page/a2e761538f9b714f3e44a7eb9787eca3/3b4d14b6963e1516ae34c3a87604d9dd1117c92d
Sri Lanka: Ports as a Premier Bunker Oil Supplier,"Lest we forget, this whole idea of ŌĆŗŌĆŗbecoming South Asia’s maritime hub did not happen overnight – it was a decades-long approach of bringing together the public and private sectors to achieve maritime strategic objectives – a holistic, joined-up industry approach.


 

TRead More",https://www.slpa.lk/port-colombo-page/c37056485aba69ec6736b1646517b2fd/81af7e2d111fda8042a252a818006809de887f07
Minister Visits Galle Port,"Ports, Shipping and Aviation Minister Hon. Nimal Siripala de Silva said that the development of the Galle Port is a national interest and not merely a project aimed at developing an institution, community, area or a region. He was inspecting the port recently to look into the aspects to be develoRead More",https://www.slpa.lk/port-colombo-page/adaff25d028e164bd40c03147d8a87b7/ec03b728777a9716c70c1f3bec84dc68b74229ca
CASA Conducts 56th AGM,"Ceylon Association of Shipping Agents (CASA), the voice of the shipping industry and the apex body that represents shipping in Sri Lanka, tracing its roots back to 1944, held its 56th Annual General Meeting on 9 September at the Balmoral hall of The Kingsbury Hotel amidst a large and representatiRead More",https://www.slpa.lk/port-colombo-page/e9feb36dd5a0df9d4812705b9f58502b/6ef27a417f2747560059a9ce002ce085bd4e0065
Two deep water terminals to be added soon,"Two deep water terminals will be added within two to three years at the Sri Lanka Ports Authority, Minister of Ports, Shipping and Aviation Hon. Nimal Siripala de Silva said.

He also said Sri Lanka sealed the biggest-ever investment in the port sector worth USD 650 million with India’s AdaRead More",https://www.slpa.lk/port-colombo-page/97a0934a7ce6b61469e54a1488cf3a89/b70fbde2ba6079686b4f599bed55a5e9fff8b954
ONE launches new feeder service via Colombo,"The Singaporean container line Ocean Network Express (ONE) has announced the start of a new feeder service between India, Sri Lanka and Singapore.

The port rotation of the new service will be the following:

Hazira (India) – Colombo (Sri Lanka) – Singapore

ONE said that the new feedRead More",https://www.slpa.lk/port-colombo-page/60107de679276cd4f4d178c8c5961beb/66e325dabd81be0f901cbd38ac5a4fdaf6c15f15
Thirty five SLPA employees receive Port Management Diplomas,The Diploma Certificate Award Ceremony for 35 employees of the Sri Lanka Ports Authority (SLPA) who successfully completed the course of Port Management Diploma was held recently at the Mahapola Ports & Maritime Academy of SLPA. This was the second batch of the Port Management DiplomaRead More,https://www.slpa.lk/port-colombo-page/a6357ad615dc31a550ecd8417cce54e1/42db447615c11ab0908f823e9fc8afb40e64128f
Shipping industry to remove the Indian Ocean High Risk Area,"No piracy attacks against merchant ships have occurred off Somalia since 2018.


	*    At 0001 UTC on 1 January 2023 the Indian Ocean High Risk Area (HRA) for piracy will be removed.
	*   The removal of the HRA reflects a significantly improved piracy situation in the rRead More",https://www.slpa.lk/port-colombo-page/3a7dfb261239dc3db221e64ef49b5694/2c29591fe9ed94d40819669c227296599af943f1
"CH Clare carrying 21,000 t of fertilizer arrives","CH Clare (IMO: 9489223), bulk carrier, contained 21,000 tonnes of fertilizer supplied under the line of credit arrived at the Port of Colombo this morning.  CH Clare was built in 2010 and is sailing under the flag of Korea. Its carrying capacity is 33144 t DWT and her current draught is repoRead More",https://www.slpa.lk/port-colombo-page/652de8fbc49ed32b796bb442e1d157b4/c4014512109b15a66a42eb0315d3ef9e1938ce6b
Tug-boat fleet to boost SLPA efficiency ŌĆō Minister,"The tug-boat fleet commissioned recently will boost efficiency at the Sri Lanka Ports Authority, according to Minister of Ports, Shipping and Aviation Hon. Nimal Siripala de Silva.

 “The fleet of tugs at the Port of Colombo should be strengthened to further boost efficiency of the marRead More",https://www.slpa.lk/port-colombo-page/9cbc5413b1428d133325410219b494b5/e40e432cb03a527f42a008d7aa5b5d1bc7aeb178
SLPA: Three New Reach Stackers to Improve Operational Efficiency,"Reach Stacker cranes purchased for SLPA

 




Three new  reach stackers required for the operational activities of the Sri Lanka Port Authority (SLPA), were purchased and handed over to its Logistics and Operation Divisions by the Chairman of SLPA  Dr. Prasantha JayamaRead More",https://www.slpa.lk/port-colombo-page/9880c713750cedf9cd0aaff1206ad7cc/44c67da2bf5cceff33c62c0dbf0c2aa08bdb6c84
Sri Lanka Ports Authority Celebrates 43rd Anniversary,"The 43rd Anniversary of the Sri Lanka Ports Authority (SLPA)   was celebrated today, 01st August 2022, at the Sri  Sambuddhathva Jayanthi Chaithya premises with an emphasis on Buddhist religious activities, followed by other religious activities in their respective lRead More",https://www.slpa.lk/port-colombo-page/99e2983687da572ac643cef54e133f44/57abdc12a56fe4c5c08af143d2a4a90d00383ddf
New World Maritime Theme highlights environmental legacy,"MARPOL at 50 – Our commitment goes on’ has been selected as the upcoming theme for the International Maritime Organization’s 2023 World Maritime Theme, which will culminate in a World Maritime Day celebration on 28 September next year. The theme reflects the organization’sRead More",https://www.slpa.lk/port-colombo-page/96f073a586ee4dadfc4964e68f954776/af18dece98503f2ca8f2e80fea2ca3d1d009d35b
Training opens new horizons for women in ports,"UNCTAD’s TrainForTrade port management programme increases women’s participation in leadership roles in ports, promoting gender equality in the industry.

 

Ports are dominated by men. Globally, women’s participation rate in ports is only 18%, according to an UNCTAD portRead More",https://www.slpa.lk/port-colombo-page/4891f6727cbec1c7a0e61edf17ca8087/dd53dce22ba3d517ab5f06d93e556057274c3ac3
Bangladesh High Commissioner Pays Courtesy call on the Minister,"Bangladesh High Commissioner to Sri Lanka Bangladesh High Commissioner to Sri Lanka His Excellency Tareq Md Ariful Islam recently met the Minister of Ports, Shipping and Aviation Hon. Nimal Siripala De Silva. They discussed the potential of further strengthening shipping and air connectivity betwRead More",https://www.slpa.lk/port-colombo-page/1293070b17431d743bce0e0b93dbbad5/cf83cfd27f46cc652c882190453d0fa77f79be3d
Enhancing shipping connectivity between Chattogram and Colombo Ports,"#   Bangladesh surpasses $ 50 billion mark in exports
	#   Colombo Port offers special berthing facilities to Bangladeshi vessels






The Bangladesh High Commission to Sri Lanka organised in Colombo a stakeholders’ consultation forum on enhancing shipping connRead More",https://www.slpa.lk/port-colombo-page/cf7f09247c9070220cd380b24921df21/2d5ae6f49d56a67e495d9ee103a6a69ba242160d
VIDEO: Chairman Pays a Progress Inspection Visit of East Container Terminal,"Sri Lanka Ports Authority Chairman Dr Prasantha Jayamanna and other officials paid a regular field visit yesterday, 1 July 2022, to inspect the ongoing development activities of the Eastern Container Terminal in the Port of Colombo. There, officials representing all parties involved in the projecRead More",https://www.slpa.lk/port-colombo-page/a58ab8a4a7e9d7259e924aa2e6840e3b/e51899692336de72f4dad425e0a45ca6586e3c35
ŌĆ£Adequate fuel reserves available ŌĆō No disruption to port operationsŌĆØ,"The Chairman of the Sri Lanka Ports Authority (SLPA) Dr. Prasantha Jayamanna emphasizes that adequate fuel reserves are maintained at the port fuel bank and, that there is no disruption to the operation of the port due to the current fuel crisis. The Port of Colombo operates normally and its fuelRead More",https://www.slpa.lk/port-colombo-page/34e14c57775d534f86c2a2de68445f55/c408321f9bcc7fe85199d6fa2a8138f2fa2c4a36
My Goal Is to Increase Port Revenue up to $ 1 Billion ŌĆō SLPA Chairman,"Development projects required to increase the capacity of the Port of Colombo by 100% are being implemented expeditiously

 




A simplistic way to understand the vitality of the Port is to recognize that, “a port is a place where one can either build or destroy a nation,”Read More",https://www.slpa.lk/port-colombo-page/d02b0a7b50b35ca9b7d88bfab2c9b9e0/8c87ccc3482779f7ba5b85010340b2e5fe9256d3
Japanese Ambassador Pays Courtesy call on the Minister,"Excerpts from a Press Statement issued by the Ministry of Ports, Shipping, and Aviation





Japan has always assisted in the development of Sri Lanka for the closer political and socio-economic ties between the two countries that we are grateful to the people of Japan who always cameRead More",https://www.slpa.lk/port-colombo-page/dffcccf93e9d38af18d3f4c2540bc1bf/58fbb604c0702a8206068b734d5d7296737bf557
Enhance International Confidence in Ports ŌĆō President,His Excellency the President Gotabaya Rajapaksa has said that the Port of Sri Lanka should work to enhance international confidence in port operations and services by providing an efficient service through modern technology. The President made this observation at a discussion on the progrRead More,https://www.slpa.lk/port-colombo-page/b5c77cd779cc5a28aeda198cff444e85/8da65bd292d238fae147efbf8ee97d1202348be3
Shipping Agents Reaffirm Continuity of Export-Import Business,"*  Colombo Port served 236 vessels and similar number expected in June
	*  CASA confirms no threats to stop carrying cargo
	*  Reveals weekly sailings by leading carriers including MSC, CMA-CGM, COSCO and Hapag-Lloyd


 

Despite several media articles in theRead More",https://www.slpa.lk/port-colombo-page/56b9e5877b0e201ec4583743a6de3b95/6c7a0aa18516e274f4cc95854928fd823f425e89
Colombo the most efficient port in South Asia ŌĆō World Bank and S&P,"No. 1 in South Asia/Indian Sub-Continent
	No. 3 among ports in Indian Ocean Rim
	No. 22 among 370 ports globally


The Port of Colombo has been ranked as the most efficient port in South Asia and the Indian Sub-Continent, third in the Indian Ocean rim and 22nd among 370 ports globally, in the secoRead More",https://www.slpa.lk/port-colombo-page/4a1dbc720ed3d16f2dbf5552d56c0cab/c9cf257d2262ce1b3c5f5695865c802ce7553e40
SLPA refutes erroneous claims,"As noted in our official statement, this is one step towards achieving the objectives of making the Port of Colombo a green port, keeping in mind that ports can serve as a potential decarbonization hub for the energy transition.


It is regrettable to see that the Agence France-Presse (AFP) has pubRead More",https://www.slpa.lk/port-colombo-page/b006b62d1ecf198373b9290a47e45f1a/f089ce33fa3580898bf45bdebaeed3a6612add77
Port of Colombo: Operators Rebuff Fabricated News,"The operations and services of the Port of Colombo continue uninterrupted, but, regrettably, false news is being spread by various media outlets; it was stated at a media briefing held today with the participation of the main stakeholders in the operations of the Port of Colombo. Managing DirectoRead More",https://www.slpa.lk/port-colombo-page/971f6f295f130be9dc66fc3fd209ad6e/6c7ae77182f0dd6cd4fc4f4b415a8e806e2e7c82
SLPA: Dedicated WhatsApp number introduces to curb fraudulence,"The Sri Lanka Ports Authority (SLPA) has introduced an easy-to-report complaint mechanism against fraud and corruption, intending to enhance the quality of port operations and services. Accordingly, anyone using the port can use the telephone number+94716413332 to lodge an authentic complRead More",https://www.slpa.lk/port-colombo-page/84aa350a3f855e159498ca73f3667af0/ddc4dbb7f26d08554065ba0404bfbbee9b89a503
CASA donates 100 bicycles to achieve Green Port objectives,"The Ceylon Association of Shipping Agents (CASA) today donated 100 bicycles to the Sri Lanka Ports Authority (SLPA) for the use of port users to achieve the goal of turning the Port of Colombo into a green port. Ms. Shehara de Silva, Chairperson of the CASA, presented the 100 bicycles toRead More",https://www.slpa.lk/port-colombo-page/9353e59fa09171d77156924340e3d47a/ecf56a0b01090220d9e8fbc71a209a330360f491
"Colombo Dockyard launches ŌĆ£Misje VitaŌĆØ, 5000DWT EcoBulk carrier being built for Misje Eco Bulk AS","Misje Vita – 5000DWT Eco Bulk carrier

 




On 23 May, Colombo Dockyard PLC (CDPLC) auspiciously launched “Misje Vita”, 5000DWT EcoBulk Carrier being built for Misje Eco Bulk AS, Norway (Misje).

The launching ceremony is the formal custom that celebrates transferring the vesRead More",https://www.slpa.lk/port-colombo-page/53e5b33a60b60fa10466ef169d64f011/6148c20c54db98d2619a08b075e825c885d49b89
Colombo Port terminal operators reassure global customers,"*   SLPA, CICT, SAGT and CASA issue joint statement
	*   Container handling in first four months up 4.3%


 

The Colombo Port’s terminal operators along with shipping lines’ agents yesterday reassured global customers that it is business aRead More",https://www.slpa.lk/port-colombo-page/6777919b97d317150b19422f885ae9e9/e4fe4f453b9f97bd920422d659d2aa1824438e6c
INTERVIEW: Let us work beyond the proverbial box and take the industry to greater heights,"“Port of Colombo and other related ports are being developed holistically and simultaneously. SLPA has left no stone unturned since the plans were laid,” Chairman of the Sri Lanka Ports Authority Dr Prasantha Jayamanna (featured image) said in an interview with RocheRead More",https://www.slpa.lk/port-colombo-page/bdeade655ebf1d8b5b4e864e7e8ff83b/72b337f9551bc2b57987b2af488918b01e84a8c4
Port of Colombo: CASA Commends the Commitment of SLPA and other Terminal Operators,"We note that all vessels are being berthed and sailed as before and inter-terminal transshipment connections are being made and no missed connections are experienced.”
Ceylon Shipping Agents Association




In a letter to the Chairman of the Sri Lanka Ports Authority, Dr Prasantha Jayamanna,Read More",https://www.slpa.lk/port-colombo-page/8d2cabf399622f52daae69d345af8ec1/acb0784370ffc6d004098ac6ff9ffffad4546fb3
SLPA: Port Services and Operations Continue Without Hindrance,"The port operations and services of the Port of Colombo are functioning as usual without any impediment.

Dr. Prasantha Jayamanna, Chairman of the Sri Lanka Ports Authority (SLPA) reiterated that port employees, who are well aware of the prevailing economic predicament in the country, are performingRead More",https://www.slpa.lk/port-colombo-page/ea6e643f564988558fa17de5de086501/c051ca66aacab50833c3cadaf3281cecd77c6e2b
Port Operations are Normal ŌĆō SLPA,"Dr. Prasantha Jayamanna, Chairman of the Sri Lanka Ports Authority (SLPA) has emphasized that all port operations are taking place as normal, today (28.04.2022).  

Accordingly, all terminals of the Port of Colombo including the South Asia Gateway Terminals (SAGT),  ColomboRead More",https://www.slpa.lk/port-colombo-page/79f2adf7b7a247afc1b83f7d4acc183d/7dc8aa3acdec16368684c48f8bd189a0fecba8ca
Minister instructs to encourage shipping lines to pay SLPA in USD,"It has been decided to implement this initiative from the 1st of June this year

 




Newly appointed Cabinet Minister Ports and Shipping Hon. Premitha Bandara Tennakoon has taken initiative to discuss with all stakeholders in the shipping industry as well as Sri Lanka Ports AuthorityRead More",https://www.slpa.lk/port-colombo-page/8737dbe73c5160a85fadee591ebbd3f5/81a83b8d03c0326d6322c81046ba3c36473052ec
Port of Colombo: Status Report,"Three terminal operators of the Colombo Port held a press conference recently to explain the status of port operations.  Managing Director of SLPA Mr Upul Jayatissa, Chief Executive Officer of South Asia Gateway Terminal Mr Romesh David and Director/ CEO of Colombo International Container TermiRead More",https://www.slpa.lk/port-colombo-page/01f07e65325176410dcec6af2d0c7dbb/ae5a2094650220050a126bfb20319d1444348c85
"ŌĆ£Everything is Smoothly Going on,ŌĆÖ SLPA Chairman told the CNBC","Dr Prasantha Jayamanna, Chairman of the Sri Lanka Ports Authority reaffirmed in an interview with US-based business news channel CNBC that “everything in port operations in the country is smoothly going on.” However, he accused some media outlets of publishing false reports to give an inRead More",https://www.slpa.lk/port-colombo-page/ce23d650a975a799738cf9fb558a454c/cd9f0d6ad2121ecfb649e129fa8a2a059bc9c44e
Do not be misled by Fake News: On Video Circulating about JCT Operation,A video containing false information regarding a container operation that took place at the Jaya Container Terminal at the Port of Colombo is currently circulating on social media. The container operation included in the video is a re-export of radioactive materials for disposal with the approvalRead More,https://www.slpa.lk/port-colombo-page/dfc2993d5c3e8ad6b1bf06733b5b05c9/50ea6798de0d61ed6b05588d5697922db794c4c0
Sri Lanka Ports Authority wins the GPF Awards,"SLPA the Port Authority of the Year while Jaya Container Terminal recognised as the Best Public Container Terminal

 




Sri Lanka Ports Authority won awards for the best Port Authority and the Best Public Container Terminal of the Year 2021 at the sixth Global Ports Forum Awards held yesRead More",https://www.slpa.lk/port-colombo-page/55f7d2e7b7ce11358d3b77802e4ce9d0/4aed738d214ea6b9451d61d2c1104e49ae4254df
US Undersecretary Victoria Nuland Visits Port of Colombo,"A diplomatic delegation led by the United States Under Secretary of State for Political Affairs Victoria Nuland visited the Port of Colombo recently and held bilateral discussions with Chairman of the Sri Lanka Ports Authority Dr. Prasantha Jayamanna and higher officials of the management.

&ldquRead More",https://www.slpa.lk/port-colombo-page/fbf7f45a43376dd4c007c01734c286cd/8351e502a2272333b67381bc1066bf83f29c877c
Two posts established  for SLPA  and Ministry of Ports and Shipping  to look into  Employee Grievances,"Hon. Minister of Ports and Shipping Rohitha Abeygunawardena hands over the letter of appointment on the post of Trade Unions and Employee Relations – SLPA to Mr. Sanjaya Kumara Weligama. Hon. State Minister of Container Warehouse Facilities, Container Yards, Port Supply Facilities and Boats anRead More",https://www.slpa.lk/port-colombo-page/4e65d9c7fde07049b84685a1ddd37901/fe81abd747cb1a644c34a6911d309f14803975f7
SLPA Launches a New Documentary Series on Global Ports,"The Sri Lanka Ports Authority (SLPA) is pleased to announce the launch of a new series of video documentaries on global ports. Named Global Ports Outlook, this new initiative aims to discuss the latest technologies that advance the operational efficiency of global ports, the important roles playeRead More",https://www.slpa.lk/port-colombo-page/64423fdea11d8adf060e116d82f16c8d/247f21be3dc5bed49e1524d6e07bead523a38471
SLPA: Tracking the Impressive Achievements in Ports and Shipping,"The capacity of the Port of Colombo has to be increased to attract investments and accommodate more ships, which will ultimately result in an inflow of foreign exchange.


The COVID-19 pandemic has certainly affected the outlook for global maritime trade and the world economy; and Sri Lanka is no eRead More",https://www.slpa.lk/port-colombo-page/ab581fd20fff92ae4b182edef557003a/c9a4cafb17f3db75e5c2e8149551138ef5144503
MV HR SARERA becomes first inaugural caller at the JCT after Covid-19 pandemic,"With a greater focus to provide flexible feeder connections in Colombo, HR Lines, Bangladesh feeder vessel operator, who introduced their feeder service, CCE – Chattogram Colombo Express in April 2021, has dedicated one of their Chattogram loops to call at JCT effective MV HR SARERA Voyage 004Read More",https://www.slpa.lk/port-colombo-page/edb259f0ac0cf5e9c812fa5eeef61244/5bcf49cf49e1bb24c19c24144a5db1e3886f8fc1
24 Seafarers trained at the Mahapola Ports & Maritime Academy (MPMA) of SLPA pass out,"The first batch of seafarers trained under the patronage of ILO at the Mahapola Ports & Maritime Academy (MPMA) of the Sri Lanka Ports Authority (SLPA) poses for a group pic.

 




24 Seafarers including 03 women Seafarers trained at the Mahapola Ports & Maritime Academy (MPMA) of theRead More",https://www.slpa.lk/port-colombo-page/3af6cd5154a7b44078eb8a44af3b1cc3/3aa16c9d170b8b1550a7f4ed21e8cdfc02fdd0b5
Removal of the wreck of X-Press Pearl begins,"Justice Minister says Govt. managed well and acted responsibly regarding everything that resulted from fire break out on MV X-Press Pearl


Removal of the wreck of the MV-X Press Pearl which caught fire off the coast of Colombo and was engulfed began yesterday with the Government assuring the moveRead More",https://www.slpa.lk/port-colombo-page/cc16f92ecb077c9f1582b683ea81bd22/ac203b7f99c45dc44c79f685be47b0feefff1a92
Bangladesh High Commissioner Pays Courtesy call on SLPA Chairman,"High Commissioner of Bangladesh in Sri Lanka, His Excellency Tariq Mohamed Ariful Islam, paid a courtesy call on the Chairman of Sri Lanka Ports Authority, Dr Prasantha Jayamanna on Friday 11th February 2022. The meeting was held at the SLPA Chairman’s Office in Port of Colombo focused onRead More",https://www.slpa.lk/port-colombo-page/080a0aeb9ce10cc140fffaecd8dd6fe8/1be7a18eacaf1f83840d7b45a471d8138471c91a
President instructs release of essential items containers,President His Excellency Gotabaya Rajapaksa instructed the authorities at a recent discussion held at the Presidential Secretariat to release essential items containers without delay.  The President also appointed a special committee headed by Finance Minister Hon. Basil Rajapaksa to enRead More,https://www.slpa.lk/port-colombo-page/5d278ded5fd27e1aa1dca75716286f4f/80b487c506c653eec5c8b5374b9f4adc5655f57a
Galle Port Development Symposium 2022: Message from the Minister,"Following is the message issued by the Minister of Ports and Shipping, Hon. Rohitha Abeygunawardena on the occasion of the opening of the 2022 Galle Port Development Symposium which was successfully concluded on Wednesday, 26 January 2022.


 




We are walking through a period of increasingRead More",https://www.slpa.lk/port-colombo-page/f7b79a0f45642ab7c1ad035fce60a1c0/58fa7d50ea2783e5871acc23a12ae14e3aa1a1fd
Galle Port Development Symposium 2022: Message from the Chairman,"Following is the message issued by the Chairman of the Sri Lanka Ports Authority, Dr. Prasantha Jayamanna on the occasion of the opening of the 2022 Galle Port Development Symposium which was successfully concluded on Wednesday, 26 January 2022.


 




Galle, a jewel of the tourismRead More",https://www.slpa.lk/port-colombo-page/75568e4500e0995e56fef5ca67e849fc/76f868cf258459a2f17f17d4714108c5b2487576
SLPA Chairman assumes duties,"Newly appointed Chairman of the Sri Lanka Ports Authority Dr. Prasantha Jayamanna has assumed duties this morning (January 20) at his office in Port of Colombo.

Hon. Rohitha Abeygunawardena, Minister of Ports and Shipping, Mr. U C D Jayalal, Secretary to the Ministry of Ports and Shipping, Mr UpulRead More",https://www.slpa.lk/port-colombo-page/88eb3e33487e548b03ef3150bca10d62/42962e1a03127285cf77f49041b4c7a8475710de
President flags off second phase of ECT,"Prime Minister says $ 510 m project slated for completion by 2024, will boost Sri Lanka further 



 




President H.E. Gotabaya Rajapaksa yesterday flagged off the construction work of the second phase of East Container Terminal (ECT) at the Colombo Port along with Prime Minister Hon. MahiRead More",https://www.slpa.lk/port-colombo-page/3aa967d339dec072f83f39f34c9607f5/40de4113252dbc3a09f568dad5ae6ff7f7f85332
The Construction of the second phase of the Eastern  Terminal begins,"The construction of the second phase of the Eastern Terminal of the Colombo Port will commence today under the patronage of President Gotabaya Rajapaksa and Prime Minister Mahinda Rajapaksa.


 




The construction of the second phase of the Eastern Terminal of the Colombo Port will commenceRead More",https://www.slpa.lk/port-colombo-page/20133709981df1b726fa6d45c2f3e777/5a4f371fcbab2aabcb55dbccacf7e426f008d724
Sri Lanka Ports Authority commences 2022,"Hon.Minister of Ports And Shipping – Rohitha Abegunawardena addresses the occasion.

 




Sri Lanka Ports Authority (SLPA) commenced duties in the new year on 03rd January 2022. A religious function was held to mark the occasion with the initiative of Hon.Minister of Ports And Shipping &Read More",https://www.slpa.lk/port-colombo-page/48a9f823cbf6278b6db4e8fe801db313/4f874ae49bcd50a0510ca3aeafe3983a2fdefa84
The Port of Colombo will handle over 24 million TEUs by 2040,"Capt. Nihal  KeppetipolaChairman of Sri Lanka Ports Authority speaks at the inaugural session of the Multimodal Transportation Summit 2021, organized by the Confederation of Indian Industry (CII) 




‘’In addition to the 08 million existing TEU capacity at the Port oRead More",https://www.slpa.lk/port-colombo-page/d1574826986506a7ee771bdd3c36cb83/8e6a56c01e5d59343299fdfc9a48f1ca29adba67
Port of Colombo is the Best Connected-port in South Asia ŌĆō UNCTAD,"Port of Colombo ranks 17th in World Bank and IHS Markit Container Port Performance Index


The Port of Colombo is the best-connected port in South Asia, according to the annual report of the Maritime Transport Review released by the United Nations Conference on Trade and Development (UNCTAD) forRead More",https://www.slpa.lk/port-colombo-page/61866fe91cde2d1016e0de11b761e825/aa0f57ba03e0619b449d7051e65fc8c186003cae
SLPA Begins Booster Dose Roll-Out Against COVID-19,"Inoculating of the third dose ( booster) against COVID-19 commenced on Monday ( 22nd November) by the Covid-19 Preventive Action Committee ( CPAC), a collaborative initiative established to control COVID-19 from Ports and Supply chains in Sri Lanka. All employees of Sri Lanka Ports AuthorityRead More",https://www.slpa.lk/port-colombo-page/fb59f53b8e6391aac3c113fc9489918c/b61d11b367dd13143f6c9a0232e3f7b4befebffe
Port of Colombo is the Best Connected-port in South Asia ŌĆō UNCTAD,"Port of Colombo ranks 17th in World Bank and IHS Markit Container Port Performance Index




The Port of Colombo is the best-connected port in South Asia, according to the annual report of the Maritime Transport Review released yesterday by the United Nations Conference on Trade and Development (UNCRead More",https://www.slpa.lk/port-colombo-page/531798a41a11eaafbc51e24c21373ba4/1d282065991635d44c3597fbd5120d20d3167cf1
Colombo Dockyard Opens a Branch in Trincomalee,"Colombo Dockyard PLC (CDPLC) ceremonially opened a branch office at the Trincomalee Port auspiciously on the 2nd of November 2021. The ceremonial opening of the office was marked by cutting of the ribbon by Hon. Jayantha Samaraweera – State Minister of Warehouse Facilities, Container Yards,Read More",https://www.slpa.lk/port-colombo-page/b99274d713280079e8b33f156ed16238/c0b90a2c7e0f6d970a2088cd62e35753b8f1a33d
CHAIRMAN SLPA VISITS CASA OFFICE,"Left side (Beginning) Mr. Shano Sabar – Director Hayleys Advantis Ltd.,Mrs. Shehara de Silva – Group Managing Director McLarens Shipping Ltd., Chairperson CASA, Mr. Janesh Ratnadasa - Executive Vice President Asha Shipping
Right Side (from beginning) Mr. Iqram Cuttilan – Managing DRead More",https://www.slpa.lk/port-colombo-page/d241918f92d888de4bc7a3aa34cd6891/0ebd68049cc0d6dd6adab92a1dfd98c8023a8aa1
Request for Expression of Interest (EOI),"Providing Foreign Currency Term Financing Facility – East Container Terminal of Sri Lanka Ports Authority





Sri Lanka Ports Authority (SLPA) operated its own terminals Jaya Container Terminal (JCT), Unity Container Terminal (UCT) and East Container Terminal (ECT) which is the second-deep drRead More",https://www.slpa.lk/port-colombo-page/03ed768aa952209be4affb443906903f/959e8655adf3a8ec5b341458f3eb51e5c9df72b8
WorldŌĆÖs largest container ship in Colombo,"MV EVER ACE the first of Evergreen Line’s 24,000 - TEU class container ship and the largest container vessel in the world, made the inaugural call at the Port of Colombo’s (POC), Colombo International Container Terminal (CICT) on 05th October 2021.

The A-type vessel is 400 meters inRead More",https://www.slpa.lk/port-colombo-page/b488f338274a02359462da6a23211e9b/daad9f2764c60aa8872fa0a3e18e8d5d1a7c630b
VIDEO: SLPA warmly welcomes Eve Ace,"Sri Lanka Ports Authority warmly welcomed the MV Ever Ace, the largest container ship in the world, to Port of Colombo last night. Here is a small video produced by our team on her maiden call at our port.

The A-type vessel is around 400 m in length and 61.5 m wide, has a design draft of 14.5 m andRead More",https://www.slpa.lk/port-colombo-page/3c8db20c7b13b68bd579455f193bed1a/346b9cb2f913a7bb80474c546e79f9d0737b23ba
VIDEO: We are open for development ŌĆō SLPA Chairman,Chairman Sri Lanka Ports Authority Capt. Nihal Keppetipola sat with Chandima Hulangamuwa of CILT Si Lanka to discuss the prevailing situation of the shipping industry and the responsible roles playing by the Sri Lanka Ports Authority as well as the private container terminal operators in the counRead More,https://www.slpa.lk/port-colombo-page/ad1ca7ce7080916728f197ed5ab3994e/a7677ba56f330892978c78290e7407b300a724d2
SLPA Acts timely to discharge leaky container onboard MV Thalassa Patris,"MV Thalassa Patris (370 meters long) container ship own by Evergreen Line was sailing from Singapore to Europe via Suez. The ship had passed Sri Lanka on September 30, 2021, when the crew members discovered a cargo container onboard emitting smoke.

The agent of the ship Evergreen Shipping AgencyRead More",https://www.slpa.lk/port-colombo-page/9a26ff65547cbaddd31cfa30a67652fb/5c25de5d19aa01ffc9fadd50f43ea35728fae865
WorldŌĆÖs biggest container ship Ever Ace to call at Colombo Port tomorrow,"23,992 TEUs capacity vessel calls at South Asia’s hub on return from her maiden voyage





The world’s biggest container ship, the Ever Ace, will call at the Colombo Port tomorrow on the return of her maiden voyage. Evergreen’s Ever Ace is the first in the line’s 23,992 TEURead More",https://www.slpa.lk/port-colombo-page/667988d7ed3a20ad29749fbe62b4ebbd/b08bc23fa03cadc309b25b6a77516e4ceec4a8d3
SLPA Signs the Agreement for The Largest Investment Ever In Port Sector of Sri Lanka,"The landmark agreement was signed between the Sri Lanka Ports Authority (SLPA),  Adani Group and  John Keells Holdings for the period of 35 years





An agreement was signed on 30th September 2021 to jointly develop the Colombo West International Container Terminal (CWICT) of the PorRead More",https://www.slpa.lk/port-colombo-page/30689b15dfa5d8d42d13e5a3e30fd5b5/c94bd6b3f176f06ca275885961ed7dce4b384292
Steps have been taken to minimize the ITT delay at the Port of Colombo,"Severe traffic congestion was present inside the Port of Colombo (POC) of Sri Lanka Ports Authority (SLPA) due to constructions of the elevated highway on pillars through the port, connecting the Port City parallel to the development of the national highway system, creating difficulties for the IRead More",https://www.slpa.lk/port-colombo-page/6426ebad124d53d9b4c7e0446352f5c4/0cc60754756e237b3fd030c2140f5c5ee77f012a
Sri Lanka Ports Authority establishes the First Ever  Intermediate Covid Treatment Centre,"Capt.Nihal Keppetipola - Chairman of Sri Lanka Ports Authority (SLPA)

 




Sri Lanka Ports Authority (SLPA) is taking steps to establish an Intermediate Covid Treatment Centre (ICTC) as a measure to provide immediate separate lodging and medical treatment to Covid positive employees until theRead More",https://www.slpa.lk/port-colombo-page/c900c22a0c63bfb07d7b6b3cb08efdd6/60b00ec171968b6d7d1807e3900a2d1b3fcbdbb0
Sri Lanka Ports Authority Celebrates 42nd Anniversary,"The 42nd Anniversary of the establishment of the Sri Lanka Ports Authority (SLPA) that fell on 01st August 2021 was celebrated today (02nd August 2021).

Hon. Rohitha Abeygunawardena – Minister of Ports and Shipping and Capt. Nihal Keppetipola – Chairman of the Sri Lanka Ports AuthoriRead More",https://www.slpa.lk/port-colombo-page/781e2a18c2aa31b83d534a22ebe7d9ab/273c969a23e976ba35d41f105d724f014d3f95cc
SRI LANKAŌĆÖS HARBOUR DEVELOPMENT,"Ancient Era, Colonial Era and the Era after the Establishment of Sri Lanka Ports Authority

ANCIENT ERA

In the B.C. Eras, this island was called Taprobane, Serendib and Ceilão and it was a well-known Maritime hub among the seafarers of the Maritime Silk Road.

People from Greece, Egypt, CRead More",https://www.slpa.lk/port-colombo-page/fdcd08602f657a1d9b8852685aaab0e6/4093b01097e962cd7c36e0ee9ba9537436ba552b
SLPA Successfully Reworks Leaked Chemical Container On board,"The Sri Lanka Ports Authority (SLPA) took successful measures to quell a chemical leak from a container on board MV Seaspan Lahore at the Port of Colombo on 29.07.2021.

This vessel which was sailing from the Indian Port of Mundra to Colombo carrying containers detected a leak from a container caRead More",https://www.slpa.lk/port-colombo-page/1f9de2792d75fd6a41e4c4dc7d7d842b/206976062cc7df74e0b310dd5ccecf59f59fe193
SLPA with ILO support commences training for seafarers,"Featured Image: Ms. Simrin Singh, Country Director for the ILO Country Office for the Sri Lanka and the Maldives addressing the event.


 




With the vision of the President, His Excellency Gotabaya Rajapaksa’s ‘Vistas of Splendour and Prosperity’, Sri Lanka Ports AuthorityRead More",https://www.slpa.lk/port-colombo-page/f67ef47e15c3a5ac4edd1ff6be190fc6/045f65c87e35da025c1b68272315f619d78f2aa5
"ECT: Bid evaluation for civil works, equipment begins","Bids have already arrived for the construction and completion of the East Container Terminal (ECT) of the Colombo Port, billed for completion by 2023.

The bids for civil works, equipment have arrived and will be evaluated and completed within a month Secretary to the Ministry of Ports and ShippiRead More",https://www.slpa.lk/port-colombo-page/c400c270e6ec6e8349a1038b4c8cc61f/f0c8ef3322be80d3ee0ef210b25e4897be7d6fde
A greater synergy between India and Sri Lanka pivotal to handle future container volume growth ŌĆō SLPA Chairman,"Featured Image: Capt. Nihal Keppetipola – Chairman of Sri Lanka Ports Authority (SLPA) and the Indian High Commissioner to Sri Lanka His Excellency Gopal Baglay exchange mementoes at the meeting held recently, on the invitation of the Indian High Commissioner to Sri Lanka in the India House,Read More",https://www.slpa.lk/port-colombo-page/b54bd5a42aeda4fcfec168acf8c53e51/23804581bd9d1c328cdef1eeb9d1001afbc7693a
SLPA holds meeting with CASA,"A meeting between the Sri Lanka Ports Authority (SLPA) and the representatives of the Ceylon Association of Shipping Agents (CASA) was held yesterday, 7 July 2021, under the patronage of Captain Nihal Keppetipola, Chairman of the SLPA.

Mr Upul Jayatissa, Managing Director, Dr Prasantha JayamannaRead More",https://www.slpa.lk/port-colombo-page/fbf169692e294ef9dbc27a3ce70d22d8/462853d8b81fc43ad11e5e61c3b22e67b3a2e93e
Bangladesh Support for Shipping Industry in Sri Lanka is vital ŌĆō SLPA Chairman,"Featured Image: The High Commissioner of Bangladesh to Sri Lanka His Excellency Tareq Md Ariful Islam and the Chairman of the Sri Lanka Ports Authority (SLPA) Capt. Nihal Keppetipola during the meeting at the Chairman’s office of SLPA on 08th July 2021





A meeting between the High CommissiRead More",https://www.slpa.lk/port-colombo-page/9bd19f5f3113fc9f5536e3843c3bb6d2/38bb576e8fc36b69586e6e766fee9dcf123226e4
SLPA Chairman visits CICT and SAGT,"Capt. Nihal Keppetipola, Chairman, Sri Lanka Ports Authority, visited the Colombo International Container Terminal and South Asia Gateway Terminal in Port of Colombo today. There he met the management officials and discussed the prevailing situation of container operations and other services provideRead More",https://www.slpa.lk/port-colombo-page/81a94a785138c1b4586f36a835afaab7/148394abeeb115b5ce25635092be1cf964e7760c
Upul Jayatissa Appointed MD of SLPA,"Mr Upul Jayatissa has been appointed as the new Managing Director of the Sri Lanka Ports Authority. The letter of appointment was handed over by the Hon. Rohitha Abeygunawardena, Minister of Ports and Shipping recently. Secretary to the Ministry of Ports and Shipping Mr. U.D.C. Jayalal and Mr. PrashRead More",https://www.slpa.lk/port-colombo-page/8578a949b5bdad5724b46f9eccfc40f3/419e8123fb12b0fa8434e9bbdad4d61b3b4a8a88
SLPA new chairman boosts employeesŌĆÖ morale for more dynamic performance,"Capt. Nihal Keppetipola, the new Chairman of the Sri Lanka Ports Authority (SLPA), made a sudden inspection  visit at  several sections of the Sri Lanka Ports Authority (SLPA) recently.

The Chairman first inspected the present operational procedures of the Jaya Container Terminal’sRead More",https://www.slpa.lk/port-colombo-page/3e422adb53c39f6dfef9eee2f47a0934/17fce552cc137424b9e1c3688bd2a22341f08d56
SLPA Chairman assumes duties,"Newly appointed Chairman of the Sri Lanka Ports Authority Capt. Nihal Keppetipola has assumed duties this morning (June 22) at his office in Port of Colombo.

Hon. Rohitha Abeygunawardena, Minister of Ports and Shipping, Hon. Douglas Devananda, Minister of Fisheries, Hon. Sarath Weerasekera, MiniRead More",https://www.slpa.lk/port-colombo-page/c7d06da549338e2109e498296356729e/25b65686a4ec8624060bb646b819d3349441a146
Capt. Keppetipola Appointed Chairman of SLPA,"Capt. Nihal Keppetipola today (21.06.21) received his letter of appointment from the Minister of Ports and Shipping Hon. Rohitha Abeygunawardena as the Chairman of the Sri Lanka Ports Authority.

Mr Nihal Keppetipola, a renowned naval captain in the maritime industry, has also served as the HarboRead More",https://www.slpa.lk/port-colombo-page/45de4b955a22b0e891578dbc7bd26151/dbc17d48e8d18b5d34d681ec01ddc4334ca7fa48
SLPA launches video series on Port of Colombo,"The Sri Lanka Ports Authority (SLPA) is to launch the first episode of the documentary series about the operations at the container terminals in Colombo Port. This is one of three programmes, SLPA intends to launch about the maritime industry and naval heritage of the country.

This documentary serRead More",https://www.slpa.lk/port-colombo-page/4962e88c833cdbfead6f39e7adfeaecc/1cc591dbc68f9e0e475f75f06b9f86156d1404a8
X-Press Pearl Fire: Views on national misfortunes should be in good faith ŌĆō Minister,"The following is a statement based on the remarks made by Honourable Rohitha Abeygunawardena, Minister of Ports and Shipping at the press conference held yesterday in Colombo to explain the fire on X-Press Pearl, a containership.





There is a lot of talks these days about the fire on the X- PresRead More",https://www.slpa.lk/port-colombo-page/6022e7ea56aca09a3f09c631e2864259/6b2f11d5e00f6d73e58c378f82ae7e87ea87bae2
"X-Press Pearl Fire: For the first time in decades, Port operations halt due to adverse weather for 39 hours ŌĆō Chairman SLPA","The following is a statement based on remarks made by General Daya Ratnayake – Chairman of the Sri Lanka Ports Authority at the press conference held yesterday in Colombo to clarify the incident surrounding the fire on X-Press Pearl, a container ship during her anchorage at the Colombo Port.Read More",https://www.slpa.lk/port-colombo-page/85ea209d040e63db4afe6f594e5d4b94/d50fe1b28d098e0d583cf570d5be7308ba290788
X-Press Pearl Fire: Fragile freights and dangerous cargo ŌĆō nature of the shipping industry ŌĆō VC SLPA,"The following is a statement based on remarks made by Dr. Prasantha Jayamanna, Vice Chairman of the Sri Lanka Ports Authority at the press conference held yesterday in Colombo to clarify the incident surrounding the fire on X-Press Pearl, a container ship during her anchorage at the Colombo Port.Read More",https://www.slpa.lk/port-colombo-page/dcbd20828f3604a9c7b34b0ef657a2e5/4a139c19c557d7166c8105b4678422e9a41c8c05
X-Press Pearl Fire: Harbour Master sets the record straight,"The following is a statement based on remarks made by
Captain Nirmal de Silva, Harbor Master of the Sri Lanka Ports Authority at the press conference held yesterday in Colombo to clarify the incident surrounding the fire on X-Press Pearl, a container ship during her anchorage at the ColomRead More",https://www.slpa.lk/port-colombo-page/1470772e19c89d15fc8789b8c866c3cc/6db8d5d02395324911492b95849a2ac55d6be3bc
"Minister of Ports and Shipping, Chairman SLPA   join in inspecting MV X-Press Pearl","The MV X-Press Pearl, which caught fire near the Port of Colombo, is reported sinking at present. Although several agencies and institutions, including the Sri Lanka Ports Authority (SLPA), made immense efforts to rescue the ship, it was severely affected by the weather conditions prevailed at thRead More",https://www.slpa.lk/port-colombo-page/8e80da94e97bff2f506d041cf04745ca/76bc065fc703503784555aa7dde95ac2cd05f327
SLPA to Continue Port Services During the Upcoming Holidays ŌĆō Chairman,"All the facilities required to make online payments for the operations and services of the SLPA are now available





“Sri Lanka Ports Authority wishes to inform our customers that the Port of Colombo and other ports in the country will continue to operate during the period which the governmeRead More",https://www.slpa.lk/port-colombo-page/74f0e5d946dc1971391a9297b274d398/fc6f7655fa36edc29850af788fd2d12c6119fe0c
SLPA douses the fire on X-Press Pearl,"The Hon. Rohitha Abeygunawardena, Minister of Ports and Shipping, arrived at the Port of Colombo this morning to inspect the situation.





Sri Lanka Ports Authority (SLPA) has responded immediately to a distress call of fire that erupted on board a container ship ‘X-Press Peral’ lastRead More",https://www.slpa.lk/port-colombo-page/fd50b7e91c76a081644e9c4ba2d52403/2b97a13b81835b98420bfd3751c8a1ffcf46bd32
My goal is to develop our employees ŌĆō SLPA Chairman,"“The maritime sector of any country cannot move forward if it is not willing to innovate – Sri Lanka is no exception to this phenomenon, says General Daya Ratnayake, Chairman of Sri Lanka Ports Authority in an interview with LMD, a pioneering business magazine in Sri Lanka.

ExcerptsRead More",https://www.slpa.lk/port-colombo-page/76bfc0758be91146d69b9e962bfd9d7f/864b4f5d5b79bbe701129ca69b14df2ec07e5247
Colombo Port to offer thousand beds for Covid-19 patients,"SLPA (Sri Lanka Ports Authority) employees assigned to work in welding unit of the Engineering Division are currently constructing 1,000 fully equipped beds to support patients undergoing treatment for Covid-19. Hon. Rohitha Abeygunawardena, Minister of Ports and Shipping inspected the activitiesRead More",https://www.slpa.lk/port-colombo-page/6bc8b63f6c54263563b1c05131c5d4f3/b2ec9847b2d0bb6bd29a341fbf11c6635e28bf3a
SLPA Upgrades its Terminal Management System,The Navis Sparcs / Express version 3.7 Terminal Management System (TMS) in use at Jaya Container Terminal ( JCT) and East Container Terminal (ECT) of Sri Lanka Ports Authority (SLPA) has been upgraded to N4 in order to compete with National and International competitors to stay in line with the lRead More,https://www.slpa.lk/port-colombo-page/9efc8292c0eb54f1db152207f7cba36c/2a754b1a2d0eb0fb820a514c6c2826f6d04294cb
Special Notice - Finance Division Activities,"With the implementation of the online platform for CMS, Cashier Section placed at Canal  Yard will be closed  from 19th of May 2021. Customers can make the payment through online system from  the following  banks,


	Bank of Ceylon
	Sampath Bank
	National Development Bank
	CommerRead More",https://www.slpa.lk/port-colombo-page/0031a66b0b1b9c8aef64f7403bbf02f6/9b712cee4da5abe9ba1ea9398b5dad128d5f3329
Colombo Port is the top-ranked port in South Asia ŌĆō CPPI,"Asian Ports Dominate Global Container Port Performance Index


World Bank and IHS Markit report highlights large efficiency gaps between world’s key container ports.


Asian container ports are the most efficient in the world, dominating the Top 50 spots according to the new global ContainerRead More",https://www.slpa.lk/port-colombo-page/c7f8e322b75030ff9b1e66b38ffe2b27/52e556fef60a2fc53a0c47b0d1a02dc4cefb79af
SLPA begins inoculating employees with second dose of COVID-19 vaccine,"Featured Image: Hon.Rohitha Abeygunawardena, Minister of Ports and Shipping taking the second dose of COVID-19 vaccine in Port of Colombo





 

Sri Lanka Ports Authority on Wednesday began administering the second dose of the Oxford-AstraZeneca COVID-19 vaccine.

The inoculation of the seconRead More",https://www.slpa.lk/port-colombo-page/178a279fc5bf96f46acc8f9539012778/41379b1a65bc2970dcd059d0e1e18252ced452ed
Operations in the port and shipping sector continue with no interruptions,"Ports and Shipping Minister Rohitha Abeygunawardena says that the government’s aim is to provide the people with essential commodities without any shortage, despite the re-emergence of the Covid-19 epidemic in the country.

Accordingly, as an essential service operations in the port and shiRead More",https://www.slpa.lk/port-colombo-page/a972461ab21ee598a7e7431736731e9a/14d14cff9fa54fa49c99f4159274ddb125a94803
World Day for Safety and Health at Work,"Statement by IMO Secretary-General, Kitack Lim, on 2021 World Day for Safety and Health at Work





Today, on 28 April, we celebrate World Day for Safety and Health at Work. This has always been an important day for the maritime sector and for the International Maritime Organization (IMO), which iRead More",https://www.slpa.lk/port-colombo-page/5a057c79748e0e7f1466f6ba9ff6c0cf/0754a3ef6d1be796d98d643e53279f7a8d88bcc2
CPAC meets to review current state of Covid-19,"The Covid-19 Preventive Action Committee (CPAC) held a review meeting on its operations at the Port of Colombo this morning, April 21, 2021. The meeting was chaired by the Chairman of the Sri Lanka Ports Authority, General Daya Ratnayake. The current status of Covid-19 disease at local and regionRead More",https://www.slpa.lk/port-colombo-page/42e439fc2e53490c97120f0727fdda93/b7a3cc20a70fe7a0a9628ed477ea2ebdc48003ef
Sri Lanka Ports Authority celebrates Sinhala-Tamil New Year,"The traditional tea party to mark the commencement of duties after the dawn of the Sinhala and Tamil New Year was held today, April 19, at the Secretariat premises under the patronage of the Chairman of the Sri Lanka Ports Authority, General Daya Ratnayake.

Managing Director of the Sri Lanka PorRead More",https://www.slpa.lk/port-colombo-page/55cefca9bda59a3fbe9ccb639f111464/08a5eafa768bca617d7e16a46b54383e7e0b65ac
Sri Lanka Ports Authority launches ŌĆśTheerthaŌĆÖ Magazine,"‘Theertha’, the official newspaper of the Sri Lanka Ports Authority, was recently published and launched as a magazine. The first copy of ‘Theertha’ magazine was presented to the Chairman of the Sri Lanka Ports Authority (SLPA), General Daya Ratnayake by the Chief Manager (CoRead More",https://www.slpa.lk/port-colombo-page/aa1cef9360d6a9b4352049be6e8d643b/31c7dd1a978415ae9546cf6f5146851e5b1ec9ae
SLPA Celebrates International WomenŌĆÖs Day,"“The world’s first woman  Prime Minister and the world’s first woman Executive President were from Sri Lanka.” – General Daya Ratnayake, Chairman, Sri Lanka Ports Authority.

 




The Women’s Day celebration organized by the Sri Lanka Ports Authority (SRead More",https://www.slpa.lk/port-colombo-page/ee73d6588ad99a104e5e37516485a3cc/c2588bf7802b24db5b183d40cb64e64756bd9de0
CHEC donates a PCR machine for Sri Lanka Ports Authority,"China Harbour Engineering Company (CHEC) Ltd;  donates a Polymerase Chain Reaction Testing (PCR) machine for Sri Lanka Ports Authority




China Harbour Engineering Company (CHEC) Ltd;  on 01st March 2020 donated a state-of-the-art Polymerase Chain Reaction (PCR) machine andRead More",https://www.slpa.lk/port-colombo-page/1d95b83b4e667173546a51d51b12f938/75189abb8908add752d8fdc487c8008c1ac55193
Every organization needs visionary leadership for success ŌĆō SLPA Chairman,"Under resource contribution and direction of Chairman  of the Sri Lanka Ports Authority (SLPA)  – General DayaRatnayake, Company of Master Mariners of Sri Lanka, recently conducted a special lecture on ‘Leadership in Practice’ for Maritime Experts at the MahapolaPort aRead More",https://www.slpa.lk/port-colombo-page/7aedd1897c93c7c3d3713a90368867c3/17fc7d2e0a0b03a490a56ad62394b682b2dc1021
A new pilot boat for the Sri Lanka Ports Authority,"A new pilot boat manufactured for the Sri Lanka Ports Authority (SLPA) was handed over to SLPA on 22.02.2021 at the Colombo Dockyard PLC.

Built by the Colombo Dockyard PLC, the pilot boat was designed by Macduff Ship designing Ltd; of Scotland. The pilot boat with a length of 19 meters is designRead More",https://www.slpa.lk/port-colombo-page/aae177f2db34592765f127415b1cd9a9/6cff4674c30117e7370ac4767d69fb62aa482d7c
SLPA initiates Covid-19 vaccination,"Employees of the Sri Lanka Ports Authority (SLPA) started receiving the Covid-19 vaccines today, 15 February 2021. Here are some pictures were taken at the event held at the Port of Colombo.






	.
	.
	.
	.
	.
	.



(SLPA - 15022021)Read More",https://www.slpa.lk/port-colombo-page/3bfd4b5b43699465122e81e0c3e214cc/b72fe59f5fecef51580b43139dc479ed34434c79
President inspects the construction of the model stalls,"The President His Excellency Gotabaya Rajapaksa inspected the construction of the model stalls at Galle Face Green in Colombo this morning (Feb. 08).

The line of stalls will be constructed as another step in the development project surrounding the Galle Face Green.

The Navy has designed these mRead More",https://www.slpa.lk/port-colombo-page/7857a562da4fc57eb8d3c71d8348292c/334c42e950b36896f7d21e59e3b6990b69bf5828
SLPA Female Gantry Crane Operators Receive Excellence Award,"Ten courageous female employees at Sri Lanka Ports Authority have been felicitated with an award to recognise their heroic performances in becoming South Asia’s first ever all-female gantry crane operator team.

The awards honour women in the region who have overcome exceptional challengesRead More",https://www.slpa.lk/port-colombo-page/2d8d1f6abf3a0e90c8d280982245752a/8601c2adae0def7b2592c4995f988fb97ef79d23
SLPA implements clearance through electronic methods,"The Sri Lanka Ports Authority (SLPA) has taken steps towards the clearance of all imports at the Port of Colombo through electronic payments via the Internet.

This allows port users to make payments from their homes or offices to clear goods from the Port of Colombo.

This was implemented on insRead More",https://www.slpa.lk/port-colombo-page/479554e2d3ef4a2713b468a6fab27c7b/f59bc438b7f8c1a0d8968995d53b1b9a82a4ad34
SLPA Launches new Edition of the Covid-19 Prevention Guideline,"Mr Nalin Aponso – Director (Human Resources and Development), Mr Chitral Jayawarna -Chief Manager (Communication and Public Relations) and Mr. Nilantha Ilangamuwa – Senior Manager (Communication and Public Relations) presentsa copy of the SLPA Covid-19 Prevention Guideline to the ChairmaRead More",https://www.slpa.lk/port-colombo-page/1d6a545bad15032524fe0b8110e554ec/2dbddc14d2813da6fcd14983f26ab6c7eccd6e10
SLPA  Employees and Military Ranks of SL Army  who shouldered the responsibility of protecting the reputation of Sri Lanka Ports Authority commended.,"A special ceremony was held on 11-01-2021 at the Sri Lanka Ports Authority (SLPA) Chairman’s Office to commend the employees of SLPA and military ranks who have rendered an excellent service in securing the reputation of the Sri Lanka Ports Authority (SLPA).

Mr. D.C.  Palangasinghe &nRead More",https://www.slpa.lk/port-colombo-page/8c04393768683337e558c0588f4bde47/69d5899d5163627d716a9a6ba89a55b61f5c5248
Port of Colombo Operations ŌĆō Status Report,"The Port of Colombo is committed to relentlessly pursue minimal end-to-end port time for vessels. This remains our perpetual aspiration and promise to customers.


Joint communiqué by Sri Lanka Ports Authority, South Asia Gateway Terminal and Colombo International Container Terminal

Port opRead More",https://www.slpa.lk/port-colombo-page/c00d1423226610313c91dc7a60836a36/e21d2c5ab3fa5eea60ba268045c520564455dec7
SLPA lays foundation stone for a new Container Freight Station,"As a regional hub port, the Port of Colombo has taken steps to develop port supply facilities in line with the National Policy Framework, developing the global supply chain and the Sri Lankan economy, whilst maintaining port competitiveness. Under such implementations, the foundation stone for thRead More",https://www.slpa.lk/port-colombo-page/c0d315af58e1be0b620659fc2223a9bf/fa1e14615b4c1b8142d440c8903484b46407df8e
SLPAŌĆÖs Covid-19 Preventive Mechanism is Commendable ŌĆō Quarantine Unit,"The Sri Lanka Ports Authority (SLPA) has successfully controlled the Covid-19 Pandemic, Dr S. M. Arnold, Consultant Community Physician, said in a special message. He is the Director of the Quarantine Unit and the IHR- Co National Focal Point of the Ministry of Health.

He said that since the firstRead More",https://www.slpa.lk/port-colombo-page/a06e571932c6c80d935553d0c257ddd1/3ac0c0f63b96e1c799e494f550f57fa0703940d1
We wish you a very Happy New Year ŌĆō SLPA,"In his New Year message to all stakeholders, Chairman of Sri Lanka Ports Authority General Daya Ratnayake has sent greetings all our stakeholders and their family members.

“The year 2020 was a challenging year for the maritime industry in general.  We faced several novel challenges due tRead More",https://www.slpa.lk/port-colombo-page/29ef5fe3c4ca37918b309cbc281b01fb/d8aff305920e9ad0ea968a8313e6d16dd80a1e7d
Sri Lanka Ports Authority declared an essential service,"President His Excellency Gotabhaya Rajapaksa has issued an Extraordinary Gazette notification making the Sri Lanka Ports Authority an essential service with effect from 30 December 2020.

This Extraordinary Gazette Notification has been issued under the Essential Public Services Act No. 61 of 1979 cRead More",https://www.slpa.lk/port-colombo-page/e6f2ea800c23083fbbea4db8dbc74628/75c1794af5467f6933e9759ab7b4742232443719
Port of Colombo: Returns to normalcy,"*   Terminal operators say free demurrage cost Rs. 400 m during first outbreak
	*   Rs. 8 m daily cost for new transport arrangement of employees
	*   Vehicle import restrictions trigger 15% drop in SLPA revenue
	 


Returning Colombo Port to noRead More",https://www.slpa.lk/port-colombo-page/b16048a096f155b2127549ceb0711a99/6e42412f61c79d6e2f1f6b20a6e3e48ab87ec606
Port of Colombo Operation Update,"Port operations have normalised as reported in the last communique dated 21 Dec 2020. However, in light of recent inaccurate customer advisories, this communique is intended to re affirm the true status of the port of Colombo’s operational performance update.

 

1. Berthing

The PortRead More",https://www.slpa.lk/port-colombo-page/895707bcba032ecfe93952efc0051555/388c079647db907ccf6f60f962339e6500fa5ff6
Rapid Antigen Tests for Randomly Selected Groups Continue,"The Sri Lanka Ports Authority is always committed to maintaining the port’s operations and other services while ensuring the health of its employees and port users. As yet another step, the photos featured here show a group of randomly selected SLPA employees and port users undergoing antigRead More",https://www.slpa.lk/port-colombo-page/40ede04f2362b0c5a975a28e63730fec/75348349cb0b26e100a6f76369c15ab38b5f90ee
SLPA Chairman meets with Army Commander to discuss COVID-19 Control Measures,"The Sri Lanka Ports Authority (SLPA) Chairman, General Daya Rathnayake on last Thursday morning called at the Army Headquarters and discussed several matters of relevance to the COVID-19 Task Force roles and contingency plans of harbour operations with Lieutenant General Shavendra Silva, Head ofRead More",https://www.slpa.lk/port-colombo-page/9980440cbbe436f181e27c40ecaebb64/b172a91fde437d4831de5d382eba3bb5bade1005
SLPA commences Phase V of JCT,"Development of Jaya Container Terminal (JCT) of SLPA commenced in March 1983. Accordingly, the first phase of the terminal was opened in 1985, the second phase in 1987, the third phase in 1995 and the fourth phase in 1996.





The construction of the fifth phase of the Jaya Container Terminal (JCTRead More",https://www.slpa.lk/port-colombo-page/64e213fe982addfe1a22be8b1ba383d1/89a991973ed50612327e3a4243ce5b15add2117e
All Operations Return to Normal,"The following press communiqué jointly issued by Sri Lanka Ports Authority, South Asia Gateway Terminal and Colombo International Container Terminal







All operations and other services of the Sri Lanka Ports Authority’s (SLPA) terminals and all other sister terminals at the Port oRead More",https://www.slpa.lk/port-colombo-page/8009cdb1b58ff5a573261d276fd76816/01b0f9267623fb863218395dc90089a9e610a814
SLPA perform its duties duly in distribution of imported fertilizer,"The timeframe of importing fertilizer has changed in 2020 on some unknown reason which unfortunately does not come under the purview of the Sri Lanka Ports Authority.





It is regrettable to observe that some media and social media channels are spreading false propaganda accusing that inconvenienRead More",https://www.slpa.lk/port-colombo-page/1e85fb10e236ea30e4c8e99bfc98b780/43a34ae5967b9cc9d3b7e20eb77a063889fa58c8
SLPA: Port operations continue ŌĆō Minister inspects the situation,"Honourable Rohitha Abeygunawardena, Minister of Ports and Shipping visited Port of Colombo to inspect the operations  





Hon. Rohitha Abeygunawardena, Minister of Ports and Shipping said that the Port of Colombo has an immense responsibility as the main economic operational centre of the coRead More",https://www.slpa.lk/port-colombo-page/a3214ab125aa1d2a66f8d49441741a7b/8d13f8e294defd4cf04f0797d895091fc345693f
Sri Lanka Ports Authority declared as an ŌĆśessential serviceŌĆÖ,"All services, work or labour at the Sri Lanka Ports Authority were declared as an essential public service by His Excellency Gotabaya Rajapaksa, President of Sri Lanka last night.  The Order by the President was made under the Essential Public Services Act No. 61 of 1979 by way of a GazetteRead More",https://www.slpa.lk/port-colombo-page/4bdc64cb6359547a0632d56df53643a5/f6c11290c3390f6a0ba0524a0a681b6964bc96a4
Our commitments lead us to overcome any challenge,"Appropriate control measures implemented to ensure the risks and impacts are managed to a tolerable level, and proportionate measures have been implemented to manage and mitigate the risks that COVID-19 poses to all persons and communities.





The Sri Lanka Ports Authority (SLPA) and itsRead More",https://www.slpa.lk/port-colombo-page/c879c696ce74e1ced507aa19ba0410de/8de10886231185a2fa5fedcade02028d9b7cdcf4
Colombo Port ranked as worldŌĆÖs 18th best-connected port,"At the end of 2019, the Port of Colombo was ranked 23rd with a score of 64.38 points. However, the port was able to improve its score this year and as of the third quarter it had a score of 73.88 points and was ranked the 18th best-connected port in the world.

Improves 5 spots on UNCTAD’SRead More",https://www.slpa.lk/port-colombo-page/efddb30847f289a07baf787651cf3264/7fa6727f96ff2be23581d3461afd12d143fe0120
We all have a responsibility to ensure import and export,"We all have a special responsibility to carry out the import and export activities of this country without any interruption. However, due to the Covid-19 pandemic, there were some difficulties in this field like in many other fields. The importance of setting up a Covid Preventive Action CommittRead More",https://www.slpa.lk/port-colombo-page/4d1ec06466ab0b8815023800ff226298/7ab187d76cfb92960f2a142c41b53417f60b0f79
SLPA: Police officer appoints to coordinate port activities,"The Sri Lanka Police have extended its fullest support in ensuring the safety of all and smooth running of the Port of Colombo. As another step in this direction, Deputy Inspector General of Police (DIG) DMM Pussalla of the Research and Development Division of the Police Department, has been appoRead More",https://www.slpa.lk/port-colombo-page/84dfd3048e9393d86f2c5f08d67bb625/a83f1d5b1859a9bfdc2f75ad5edef6f386fb04dc
Do not violate the quarantine laws ŌĆō SLPA,The Sri Lanka Ports Authority and other terminal operators in Colombo port and elsewhere in the country have taken all measures introduced by the health authorities to control the Covid-19 pandemic. Our sole purpose is to ensure the reliability and efficiency of port operations while protecting aRead More,https://www.slpa.lk/port-colombo-page/16b60885e09f4535f7e43a1182a6a714/1d929d56ec012ee8e10f293a187f0d4a9bf59268
Bulk carriers with fertilizers arrive at Port of Colombo,"Two bulk carriers with 64,500 tons of imported fertilizers from China arrived at the Port of Colombo to provide relief to farmers affected by the shortage of fertilizer in the agro-plantation sector in the country.

The Long Shore arrived at the Unity Container Terminal of the Colombo Port carryiRead More",https://www.slpa.lk/port-colombo-page/6d5b875faa055fa2cac198c897b5bcf8/064e293de0da50f276babd8d77e9dd6c8558f405
PCR tests carried out on another 200 at the Colombo Port,"PCR tests carried out on another 200 at the Colombo Port

PCR tests of a group  of 200 randomly selected were caried out on 03rd November 2020 at the Port of Colombo  to ensure the safe health of the employees who are committed to maintaining the continuity and quality of efficient operatiRead More",https://www.slpa.lk/port-colombo-page/edaad438809310b1b8ce61872b671685/2960f16a4c9626859e42d3f02890e1aea5ecd519
New Chairman and Managing Director of SLPMCS assume duties,"General Daya Ratnayake and Suraj Kathurusinghe assumed duties respectively as the new Chairman and Managing Director of Sri Lanka Port Management & Consultancy Services Limited (SLPMCS), a subsidiary of the Sri Lanka Ports Authority, today (2020-10-29). The Managing Director of the Sri Lanka PorRead More",https://www.slpa.lk/port-colombo-page/c25efd13c840e79d2f38e2cef1e017fe/cbeb0544a286189f07f1fbd7f714dbb3dbb649c2
Colombo Port Operations Continue Without Any Hindrance,"Message from the Chairman of Sri Lanka Ports Authority




I take this opportunity to extend my deepest gratitude to all those who contribute to the continuation of efficient and reliable operations of all ports of the Sri Lanka Ports Authority ( SLPA) and all terminals operating in the Port of ColRead More",https://www.slpa.lk/port-colombo-page/432d8d97348d3b0403ac36bf3966ea76/c55dedc48bec461c82b88604553823b4de145904
East Container Terminal Inaugurates for Operations,"The East Container Terminal ( ECT) of Sri Lanka Ports Authority has unveiled for its container operations by Hon. Rohitha Abeygunawardena, Minister of Port and Shipping, today morning, 27 October 2020. The State Minister of Warehouse Facilities, Container Yards, Port Supply Facilities and Boats aRead More",https://www.slpa.lk/port-colombo-page/bea570832a1b60ac4edfa20fb8ae5daa/795d43b5e096962c824de11aa0e4dcb57cd1f5a3
Cargills Foodcity opens its branch in Colombo Port,"Chairman of Sri Lanka Ports Authority General Daya Ratanyaka today has inaugurated the new branch of the Cargills Food city, a leading supermarket chain in Sri Lanka, in the Port of Colombo. This branch will be addressed an urgent requirement of the employees and users of the Port of Colombo. TheRead More",https://www.slpa.lk/port-colombo-page/820260bf4c8710f5e79cd4c747e66b0a/c5567088c1717eb5ac4049d6ea9b6374332640a3
Behind The Enemy Lines: Fighting the Unseen Virus ( An Interview),"“Transforming the Comparative Advantage to a Competitive Advantage”



General Daya Ratnayake’s Goal for Sri Lanka’s Maritime Industry





The following interview with Gen. Daya Ratnayake, Chairman, Sri Lanka Ports Authority, was originally published in the latest issue ofRead More",https://www.slpa.lk/port-colombo-page/ff559de13d01b0eb7157c27d7f79990f/aa053c7c8afa4f76f7046c9033be3f95e4c47bc3
All activities of Mahapola Academy carried out under health instructions,"A group of SLPA employees participated in a training program conducted yesterday (October 19)

 




All activities of the Mahapola Ports & Maritime Academy, the education wing of the Sri Lanka Ports Authority, are carried out in strict compliance with advice and recommendations of the healRead More",https://www.slpa.lk/port-colombo-page/f6537f69149372404ee14e417c329e0e/7ed0ca1a5c3c9b3806bfe5f482f66463d3139b43
No one in SLPA infects with Covid19 ŌĆō Chairman,"Responding to inaccurate news published in several media outlets and social media in the country, the Chairman of the Sri Lanka Ports Authority, General Daya Ratnayake reaffirmed that no one in the Sri Lanka Ports Authority has infected with the Covid-19 virus. He was speaking to the media this mRead More",https://www.slpa.lk/port-colombo-page/fdf8503e608da5935a1c698a7281ffef/a2adfecc2da62757a9db619db6c046e54fe5c25f
DECLARATION FORM TO BE FILLED WHEN ENTERING PORT PREMISES,"DECLARATION FORM TO BE FILLED WHEN ENTERING PORT PREMISES

 

Due to the current pandemic situation prevailing in the country , it is required to keep a record of the details of  the visitors  entering  to the premises of the Sri Lanka Ports Authority.Read More",https://www.slpa.lk/port-colombo-page/11bc1348c65167c1d0a2ef52ddaf553c/461ed09b42efbe49e4e4304b702032c9216881ce
Fresh random samples of 225 employees and port users test negative for Covid-19,Officials of the Epidemiology Unit of the Ministry of Health randomly collected 225 samples from employees of the Sri Lanka Ports of Authority and the Colombo Port as well as the users of Colombo Port for PCR and antibody tests this week. It has confirmed that none of them had been infected withRead More,https://www.slpa.lk/port-colombo-page/ffeda7ab708ee44c0484dc885c16477d/db58bc0987254020611ccdd585e7ff2b37bc1b6c
State Minister on a special visit at the Port of Colombo,"Hon. State Minister of Warehouse Facilities, Container Yards, Port Supply Facilities and Boats and Shipping Industry Development – Jayantha Samaraweera inspects Jaya the Container Terminal (JCT) of SLPA.

 




Hon.State Minister of Warehouse Facilities, Container Yards, Port Supply FacilRead More",https://www.slpa.lk/port-colombo-page/3b91c65934422fe708a0116a8824be91/9f0b0a941a8d053dd3aa9dc6c299cdad73c42c1c
SAGT celebrates 21 years of maritime excellence,"South Asia Gateway Terminals Ltd. (SAGT), Sri Lanka’s first Private Public Partnership (PPP), a flagship venture of the Board of Investment (BOI), celebrated 21 years of maritime excellence on 5 September in Port of Colombo.

SAGT commenced operations in 1999 as a Public Private PartnershipRead More",https://www.slpa.lk/port-colombo-page/ca6b9100732c66071351c8402ce2cee0/c447b845a343f2b3cff2ad5a9d70eab62c0bdcca
"Sri Lankan Govt to expand Galle, Trinco, KKS Ports for regional, global exports","The Government will expand the ports of Galle, Trincomalee and Kankesanthurai which will be geared to accommodating the increased exports to both regional and global destinations.

State Minister of Container Warehouse Facilities, Container Yards, Port Facilities, and Boat and Shipping Industry DRead More",https://www.slpa.lk/port-colombo-page/747ab31b808e1dd8911464c89b38d4a5/9e44be3b1db5755b1fef387a9aa5b43053b78ec4
EDB and DCS collaborate to capture logistics sector data,"DCS officials in discussion with EDB officials and logistics industry representatives on proposed logistics industry data unit

 


	A data unit to be set up at DCS; to receive input from EDB’s Advisory Committee on logistics
	Key objective of unit is to determine contribution of logisticRead More",https://www.slpa.lk/port-colombo-page/c1f1e5abb58b5b40b3d55e2bdad3758f/5cf8a9f391fd5c61148a149f111b65ab589e3ec0
Hon. Minister of Ports and Shipping Rohitha Abeygunawardena on a special port inspection visit at the Port of Colombo,"Hon. Minister of Ports and Shipping Rohitha Abeygunawardena making his first port inspection visit. Secretary to the Ministry of Ports and Shipping – Mr.U.D.C.Jayalal, Chairman of Sri Lanka Ports Authority (SLPA) – General Daya Ratnayake, Vice Chairman / Managing Director of SLPA –Read More",https://www.slpa.lk/port-colombo-page/85f332ceed7d25437b52094578b257c6/e421adca43cf994252e985d335e892bd29726697
Sri Lanka to become South AsiaŌĆÖs LNG Hub:  Floating storage trading facility in HŌĆÖtota from Pearl Energy,"Pearl Energy (Pvt) Ltd., officials exchanging the agreement with BOI Chairman Susantha Ratnayake

 




Pearl Energy (Pvt) Ltd., signed an agreement with the Board of Investment of Sri Lanka to launch ‘Hambantota LNG Hub’ – a floating storage LNG trading facility at the Port oRead More",https://www.slpa.lk/port-colombo-page/00dd0ab97dba725156e49d9e983ea0e3/e2a6b4f3eeb6b3f771864899469431542fcce8f7
New Secretary to the Ministry of Ports and Shipping assumes duties,"The new Secretary to the Ministry of Ports and Shipping is a senior official of the Ceylon Administrative Service, Mr U. D. C. Jayalal assumed duties on 18.08.2020. Additional Secretaries and Staff of the Ministry of Ports and Shipping, Chairman of the Sri Lanka Ports Authority General Daya RatnaRead More",https://www.slpa.lk/port-colombo-page/e0b8ff4924abb9d7e20cb12dddd60952/b51cb4eebcdd1329e109896ce04d16d2e5ed22ab
New MSC shipping service to Colombo,"MSC announced the enhancement of its Indus service with a new port call at Colombo in Sri Lanka to help customers in the United States to import from India’s east coast. The first vessel on the revised rotation will be Seamax Bridgeport, ETA Abu Dhabi on August 23, 2020.

“As a majorRead More",https://www.slpa.lk/port-colombo-page/cd6a8ab76e6304456abf024b258132d7/9961c8cf2c43aa20944acf5b6d9760717601d672
Hon.Minister of Ports and Shipping Rohitha Abeygunawardena assumes duties,"Hon.Minister of Ports and Shipping Rohitha Abeygunawardena assuming duties as the new Minister of Ports and Shipping

 




Hon.Minister of Ports and Shipping Rohitha Abeygunawardena assumed duties in his portfolio today (14.08.2020) at the Ministry of Ports and Shipping amidst blessings of MahRead More",https://www.slpa.lk/port-colombo-page/91d4e796dc07c379f080d509cd379465/20a8b52efbaa7c21d09b2b19671d861055bbe046
Sri Lanka Ports Authority celebrates 41st Anniversary,"The Chairman of the Sri Lanka Ports Authority General Daya Rathnayake addressing the gathering.

 




The 41st Anniversary of the Sri Lanka Ports Authority (SLPA) was celebrated today (04.08.2020) with all religious activities following health and safety practices at the ‘SambhuddhathwaRead More",https://www.slpa.lk/port-colombo-page/b4dd264a0f2e6970bbf06ba5fbe863b9/52249a8830ac104228b678f91eb34b3f6cd48b56
SLPA assures safe handling of dangerous cargo under UN regulations,"The Sri Lanka Ports Authority (SLPA) yesterday assured the business community and the general public that all Lankan seaports were safe from dangerous cargo as they were handled in conformity with UN regulations.

This assurance came from Sri Lanka Ports Authority Chairman General Daya RatnayakeRead More",https://www.slpa.lk/port-colombo-page/6873942898c67026ae2e3f36c5b1d0d7/098b6cb697cc2afa76aa1984959701507c3d3cfc
SLPA contributes Rs. 18.6 million to PresidentŌĆÖs Covid19 Relief Fund,"The SLPA has made a financial donation to the President’s National Covid-19 Relief Fund recently. The donation was made out of the contributions of employees of the Sri Lanka Ports Authority.

18.6 million worth cheque was handed over to the His Excellency the President Gotabhaya RajapaksaRead More",https://www.slpa.lk/port-colombo-page/ab020a35823440b2d85d2853b89627f8/608c32362e7fe98e129b8b5bd284f6839855f876
Sri Lanka Ports Authority signs agreement with SLT,"The Sri Lanka Ports Authority has signed an agreement with Sri Lanka Telecom, yesterday to upgrade the NEC telephone system. Sri Lanka Ports Authority Chairman General Daya Ratnayake and SLT CEO K.A.K Perera signed the agreement on behalf of both parties.


 
 

 


(SLPA - 0707202Read More",https://www.slpa.lk/port-colombo-page/f04c3f890849106f463883eaeb238c00/1042abbe1cca22a12712625b68722f066e00554b
Mahapola Ports & Maritime Academy to resume training programmes,"The event was held today (06.07.2010) as a preliminary step to resume educational programmes at Mahapola Ports & Maritime Academy of Sri Lanka Ports Authority. The programmes were suspended due to Covid-19 Pandemic.

The trainees were briefed on the steps of maintaining basic health measuresRead More",https://www.slpa.lk/port-colombo-page/f35aa4d3df9a8d0693f133970212af68/05ea80cdf765ace43ee974cf8adbe82470e4b0f1
President floats committee on JCT and ECT,"*  Five-member committee appointed to look into development issues of JCT and ECT
	*  Procurement, non-implementation of Cabinet decisions, cost implications to be probed
	*  Agreements entered into with Japan and India to develop ECT to be analysed
	*  Ad hRead More",https://www.slpa.lk/port-colombo-page/61d0953011d35aaecdcb3641c793a867/e38da7bcc43fb29dc18582582fc44c3c9ff84324
Seafarers are the forerunners of maritime industry,"June 25 Day of the Seafarer


 




It is significant to celebrate the 10th anniversary of International Seafarers Day, in a time of prevailing different kinds of challenges due to Covid-19 pandemic. This global health crisis gave us a chance to reevaluate and reassess the maritime strRead More",https://www.slpa.lk/port-colombo-page/60cd9e5b3e8da27391052f5b6bb67c61/931a78ff511014667ee60bf0c1430ab358e9a65e
Our commitment to onboard training excellence: The legacy will continue,"June 25 Day of the Seafarer


 




As the world comes together to celebrate and recognize the seafarers’ contribution to the world, I would love to recognize their yeoman’s service with a deep sense of respect and gratitude. I personally know the hard work and the sacrificRead More",https://www.slpa.lk/port-colombo-page/79058241d3d1a38730cd41f21a9d59e7/fa51a510c253940ab7812aa2113732d34122c065
Euro Spirit Arrives Colombo Port,Vehicles Carrier EURO SPIRIT has called the Port of Colombo yesterday. EURO SPIRIT is a Vehicles Carrier that was built in 1998 and is sailing under the flag of Liberia. The vessel departed from Port of Colombo after completing the cargo operation successfully and currently heading to Singapore.Read More,https://www.slpa.lk/port-colombo-page/1d15e15bbcd8e821c0dde43615beee5d/882d9998b8c828e274d0e98542e1e3bea88c2df6
Mahapola Maritime Academy and Rakna Lanka sign MoU to boost maritime education,"A Memorandum of Understanding (MoU) has been signed between the training wing of the Sri Lanka Ports Authority, Mahapola Ports & Maritime Academy and Rakna Arakshaka Lanka Ltd to improve the maritime education in Sri Lanka.

The event was chaired by General Daya Ratnayake, Chairman of the SriRead More",https://www.slpa.lk/port-colombo-page/fe203c695e12788aeff24d5286a3adca/f8a58e1a913647b7a3b999e885fa949faf5a7222
Sri Lanka wins new business providing services to Cruise Ships anchored outside Colombo Port,"Sri Lanka is providing anchoring, sludging and crew transfer services to two Princess Line ships anchored outside Colombo port which can be seen from Marine Drive and Galle Face, Sri Lanka Ports Authority said.

The cruise ships are the Crown Princess and Island Princess.

“Both the vesselsRead More",https://www.slpa.lk/port-colombo-page/24309062f35499cad06d3e66495f7b20/7912799250fcd284bed46b872a6a009382cc0b65
No One in Colombo Port Infected with Covid-19: PCR & Antibody Tests Confirmed,"One of the main steps to eradicate the Covid-19 pandemic is to take randomly selected social groups for PCR and antibody tests, epidemiologists and virologists have been asserted.

Officials of the Epidemiology Unit of the Ministry of Health randomly selected 251 employees of the Sri Lanka PortsRead More",https://www.slpa.lk/port-colombo-page/10585a4a3d824cf3b021def253c6d031/0d848501eba400a3a0406b8ea2b9ceeb197a8a65
Employees and Port users of Colombo Port undergo PCR tests,"The Sri Lanka Ports Authority (SLPA) has randomly selected a sample of 254 persons from the employees of Port of Colombo and the port users and underwent PCR tests today (June 02, 2020). The results are due in a few days. It is part of the eradicating Covid-19 pandemic programme implemented by thRead More",https://www.slpa.lk/port-colombo-page/a924f5f3368c4680292d82a9a869db92/ff9b7220d3f30d0a52a326b40ecd1210770932b8
Cruise shipŌĆÖs crew arrived at Colombo Port sends home country safely,"A total of 381 surplus employees of the Crown Princess, cruise ship have arrived at the Port of Colombo using security measures implemented due to Covid-19 pandemic.

The crew was safely docked at the Port of Colombo, subjected to the formal quarantine procedures implemented by the Sri Lanka PortRead More",https://www.slpa.lk/port-colombo-page/dbeee12525c152e5455ea759807c613e/cb768e46bdc74ed07480edfe7a59e034f08e5791
SLPA Guideline for Eradicating Covid-19,"Sri Lanka Ports Authority’s Guideline for Eradicating Covid-19 was launched on May 14, to maintain the safety of all those efficiently and effectively involved in the port’s operations. The event was held at the Mahapola Ports and Maritime Academy (MPMA) under the patronage of GeneralRead More",https://www.slpa.lk/port-colombo-page/03c1ea8f46cebd4bc13a43722a848c1c/a5540ccf9f663ffc96a401f0619f7b79e41fecba
SLPA: Operational Strategies during Covid19,"Successful health measures implemented by SLPA has promoted safety at work and continuity of smooth operations during Covid-19





Sri Lanka Ports Authority (SLPA), under the purview of Hon. Minister of Ports and Shipping Johnston Fernando and with the instructions of the Chairman of SLPA, GeneralRead More",https://www.slpa.lk/port-colombo-page/ab5d1e9958517d70aee62caf79af22f3/abfab0871668551235db448cba54c9018409545b
SLPA launches the Guideline for Eradicating Covid-19 Pandemic,"We have many challenges and opportunities as a result of this pandemic. To seize those opportunities we have to work together with the utmost dedication.

General Daya Ratnayake, Chairman of the Sri Lanka Ports Authority (SLPA)





Sri Lanka Ports Authority’s Guideline for Eradicating Covid-Read More",https://www.slpa.lk/port-colombo-page/5255f136eb6086521feda56ef82d2f8b/af5cb6b7a290c8c8cd827e55fa4d40f5ed610022
New Nursing Quarters for the IDH hospital opened,"The project consisted of 16 fully furnished bedrooms that provide 32 beds and adequate restroom facilities was coordinated by the Sri Lanka Ports Authority





Hon. Minister of Health and Indigenous Medicine Services Pavithra Wanniarachchi, declared open the newly built Nursing Hostel, which was bRead More",https://www.slpa.lk/port-colombo-page/60bdb96acc54adef8c920368fb38d5a9/c7b5eebda5e5f8a6e6885b178598743a2b0fea46
New procedure for MCC and LCL delivery of cargo to ease delay during Covid-19,"Sri Lanka Ports Authority (SLPA) is to introduce a new procedure for MCC and LCL delivery of cargo to curb any delays that may occur in their operations during Covid - 19 period. The new arrangements will be enacted with effect from 05th May 2020 through the Logistics Division of SLPA.

AccordingRead More",https://www.slpa.lk/port-colombo-page/fe7995e1007b4f265d1728fe0090164a/e7115880812fc2e5ea8a6b4448a71474b26a336b
DonŌĆÖt be misled by fake news: Port operations are continuing ŌĆō SLPA,"All information related to the Sri Lanka Ports Authority and the Colombo Port can be accessed through our official websites at slpa.lk and news.slpa.lk





The Sri Lanka Ports Authority (SLPA) has received considerable attention by spreading false rumours about the Sri Lanka Ports Authority and thRead More",https://www.slpa.lk/port-colombo-page/aa832cde7fb887480d597c0db2318be4/e16894bc2cd314705f18922728ddc7c40518c261
Response from Sri Lanka Ports Authority to fake news,"This photo was taken on May 3, 2020, showing the operations of the Jaya Container Terminal.

 




The operation of all terminals belonging to the Port of Colombo continues.


The Sri Lanka Ports Authority (SLPA) has categorically denied the news published by a newspaper named, Anidda, and someRead More",https://www.slpa.lk/port-colombo-page/b17ab5dc3bc1361598bc6aaf03460e9c/9b752f186018cfcc947dec7a296517caec516f38
Covid-19 restrictions are no obstacles to release vehicles imported at the Port ŌĆō Sri Lanka Ports Authority,"Destuffed vehicles parked at the ECT of the Port of Colombo await immediate release






Sri Lanka Ports Authority (SLPA) affirms that prevailing Covid-19 restrictions are no obstacle to release vehicles imported at the port.



Accordingly, SLPA further informs that local importers have been confiRead More",https://www.slpa.lk/port-colombo-page/86a4f44087611cfdce5554a077c8e117/d7aff16eae33ad2e9463d5786494bcfe2657beba
Concessionary period for port occupational charges extended,"Penal charges for the said period are fully waved off. The terminals of JCT and UCT of Sri Lanka Ports Authority, terminals of the SAGT and CICT will act accordingly.


The Ministry of Ports and Shipping has informed Sri Lanka Ports Authority (SLPA), SAGT and CICT today (2020.04.27) to extend theRead More",https://www.slpa.lk/port-colombo-page/6832e6e7931d4a692a85d9fd7dbf036d/8eebcdcb85505d1f1cf1f10f233191ae04681153
Truth behind the news on a patient with suspected COVID-19 at SLPA,"Sri Lanka Ports Authority (SLPA) emphasizes that the employees and other port users should not be afraid of continuing the operations at the port premises as all precautions against COVID-19 are judiciously positioned


The Sri Lanka Ports Authority has been paying attention to the above news whiRead More",https://www.slpa.lk/port-colombo-page/53548065b96993477d40a701ff862a84/cb4ef419d25e5aef5a8bb2e988947e04b0683057
Govt. supports shipping sector impacted by COVID-19,"President Gotabaya Rajapaksa yesterday instructed the Sri Lanka Ports Authority (SLPA) to immediately provide necessary facilities to ships calling at ports in the country during the curfew period.


Accordingly, SLPA Chairman General Daya Ratnayake said all ships had been exempted from demurrageRead More",https://www.slpa.lk/port-colombo-page/faf8d5fbb0bec1b64e2a9bf02626f8b9/3c7cdffdc53c2655c826a1e9ef734f4c60279221
SLPA commemorates victims of last yearŌĆÖs terror attacks,"The Chairman of SLPA – General Daya Ratnayake thanked all levels of employees and staff members of the institution for their dedicated efforts to maintain all operations of the port without hindrance at this very moment of national necessity.

 




A special function was held today, 21stRead More",https://www.slpa.lk/port-colombo-page/4741ae6885ca89671fbdd92289113999/c38606691624c38fea67411b4cd29b2c234587d2
Suspected COVID-19 seaman brought to Colombo harbour for medication,"Sri Lanka Navy rendered assistance to safely bring a suspected COVID-19 seaman aboard the container ship MSC Taranto to the port of Colombo this morning (13th April 2020).

MSC Taranto is a container ship owned by a Liberian company. After the seaman onboard was found to be a suspected COVID-19 pRead More",https://www.slpa.lk/port-colombo-page/fa9348c8c4f19e75c3af9d1a4039b89d/44bb5d8d90b45f6ed8862e151759893bb6d55b83
Sri Lankan crew member aboard Italy-bound cruise ship brought to Colombo,"A Sri Lankan national performing duties aboard the cruise ship MSC ‘Magnifica’ has recently made a request over social media to get him back to Sri Lanka. Accordingly, with the blessing of the President, His Excellency Gotabaya Rajapaksa and relevant authorities in the country, the SrRead More",https://www.slpa.lk/port-colombo-page/225fa464ddfbddcf65058c15db3d3e48/3cb0740541511f9f2ca4b89a296db35c99ecc0a4
Sri Lanka: Govt. assists the disembarkation of German lady aboard MSC Magnifica,"The Sri Lankan Government official assists the disembarkation of German lady aboard international cruise ship MSC Magnifica

The government officials, as reported in local media, have assisted to bring ashore a 75-year-old German lady named Rosemary Margret who was a heart patient onboard this crRead More",https://www.slpa.lk/port-colombo-page/d0d2e153c44df8756af209e6ab8cc8b0/586a4639b8f69ac28d376f0c0bb19cb0b9abe429
Sri Lanka Ports Authority Introduces Operational Centre to Facilitate Port Operations,"The Sri Lanka Ports Authority has established a special operational centre for the continuous and efficient operation of import and export services.

According to the government, the port services could be obtained by dialling 0112435861, 0112482478, 0773110040 or 0716570773.

In addition, the poRead More",https://www.slpa.lk/port-colombo-page/e6fb4e79c94c05aa5586778561608f90/1bb2036fed1a1470d16fd7732fe4abed93342469
SLPA service continues after discussed with employees,"During a discussion with employees of the Sri Lanka Ports Authority today, 20.03.2020, the importance of providing an uninterrupted supply of essential commodities, health care services and other essential items to the country was emphasized. Hon. Johnston Fernando, Minister of Ports & ShippiRead More",https://www.slpa.lk/port-colombo-page/d8eca96c94ce1bcc20d916e70795c52c/50a15c0e0a6d8c2b1100c317a849112798cc1474
SLPA has taken all preventive measures against the spread of Covid-19 inside its premises,"Sri Lanka Ports Authority (SLPA) has categorically denied the false allegations expressed by All Ceylon Port Employees Union, through a media release based on a letter to the Chairman of SLPA, that there is no proper programme to protect employees of Sri Lanka Ports Authority’s Navigation aRead More",https://www.slpa.lk/port-colombo-page/3eaad50cbbf17817e8c644f7e52249a8/317413b51c3c10e7f383388aea07a4b0e0f9d289
Sri Lanka Ports Authority proudly  celebrates  international womenŌĆÖs Day 2020,"Chairperson of the SLPA ‘Sewa Wanitha’ Unit – Mrs. Damayanthi Ratnayake, speaking a the occasion. Miss. K. N. Kumari Somarathna, (Additional Secretary (Development) of the Ministry of Ports and Shipping, Chairman of SLPA - General Daya Ratnayake, Additional Managing Director of SLPRead More",https://www.slpa.lk/port-colombo-page/92e31b2960d1ff9a29d402ef0f9d01c1/39d3bd2eb7bc3998a72c5a21972a0b15308e2251
SLPA Holds Tree Planting Programme to Celebrate International Women's Day,"Sri Lanka Ports Authority (SLPA) Chairman General Daya Ratnayake is planting a plant during the event

 


Director (Finance) of Sri Lanka Ports Authority (SLPA) Mrs Shirani Wanniarachchi is planting a plant during the event.

 
Sri Lanka Ports Authority (SLPA) Chairman General Daya RatnayRead More",https://www.slpa.lk/port-colombo-page/ddb3c3bda219eb99fe1ddc3d9ef00f7f/254f5de0663e96e84681d19aa2f379cdee1e4133
Nautica Oceania visits Lanka,"The Cruise ship Nautica Oceania

 




The Cruise ship Nautica Oceania of the USA visited Sri Lanka recently with 450 passengers on board.

The ship had called to the Colombo port on February 25 and the visitors enjoyed shore excursions to Pinnawela, Colombo City Tours, Colombo by Night tours,Read More",https://www.slpa.lk/port-colombo-page/f519a7904a261855c020f4211728d7a0/b62680aba7a07b1a49b04e98efcea69726fbc935
Sri Lanka Ports Authority wins the GPF Awards for ŌĆ£Port Authority of The Year & Port Infrastructure Development of the Year 2020ŌĆØ,"The awards being received by SLPA’s Mr.Upul Jayatissa – Director (Logistics, Marketing & Business Development) and Mr.Jayantha Perera – Director (Operations) on behalf of Sri Lanka Ports Authority (SLPA) from H.E.Mohammed Sharaf – Assistant Minister of Foreign Affairs anRead More",https://www.slpa.lk/port-colombo-page/753d3d5df67a759a780df9a67b590c0e/5ec26dddd2f602e9851f46cce39822409fad6d3c
SLPA hosts annual Gold Awards Ceremony  for retired employees,"Mr. H. R Sepala former Director Human Resources Division of SLPA who is now chairman of the Sustainable Energy Authority is receiving the gold award from the Prime Minister Mahinda Rajapaksa. Minister of Ports and Shipping Johnston Fernando, State Minister of Ports Development Affairs Kanaka HerathRead More",https://www.slpa.lk/port-colombo-page/f3297e499be25449b94e739b2ac5faf1/d019605155ad305264b25367c200d861e2e421a2
Consultancy Service for Feasibility Study for the Colombo North Port Development Project,"The agreement being signed by General Daya Ratnayake - Chairman of Sri Lanka Ports Authority (SLPA) and Mr. Ralph Lionel Phillips, Regional Director, authorized representative of AECOM Infrastructure & Environment UK Limited. Capt.Athula Hewavitharana - Managing Director of SLPA, Mr.Upali De ZoyRead More",https://www.slpa.lk/port-colombo-page/ef7bc34348202ff3105f78d317c798a1/076b994b156f320ab30f74314cc3469b70131454
The Gold  Award Ceremony 2020 for retired employees of  SLPA to be held on 26th February.,The 2020 Gold Award ceremony for retired employees of Sri Lanka Ports Authority will be held on 26th February 2020 at the Temple trees in Colombo. Hon. Prime Minister Mahinda Rajapaksa will be the Chief Guest of the event. The event will also be attended by Hon. Minister of Ports and Shipping JohRead More,https://www.slpa.lk/port-colombo-page/da68952079f738c2e4a5429b966e10b7/ace42a2df20c8047cd119b252c0da400f0f29149
Sri Lanka Eastern Terminal to operate soon,"“This is a gold mine for Sri Lanka which has not being exploited to its full capacity”

Chairman of The Sri Lanka Ports Authority


Sri Lanka’s government will make the Eastern terminal of the Colombo Port operational within 3-months, says Daya Ratnayake, Chairman of The Sri LankaRead More",https://www.slpa.lk/port-colombo-page/812458d3dc774e0d6e6555ecf4d66b9b/e9403eb48fe2d27c4c1acfbe6505ee0442d0a58c
KKS harbour to be developed,"50 acres of land to be acquired by SLPA to extend harbour
	Cabinet approval given to restart Oddusudan tile factory with DSI Group tie-up


 




Cabinet this week gave approval for two projects to be carried out in the north, including acquiring 50 acres of land to develop and extend the KanRead More",https://www.slpa.lk/port-colombo-page/e4603bd7d192a4914d8f0e33798ec9c0/8923af15e6d6dfc9afb34e2cdf9407961c86ae51
New security camera system for Colombo port,"Cabinet approval has been granted to implement a comprehensive integrated CCTV Camera system to ensure the safety of the Colombo Port.

Sri Lanka Ports Authority has submitted the proposal to establish a comprehensive security camera system covering all entrances to the port premises, cargo, wareRead More",https://www.slpa.lk/port-colombo-page/ba27ccdd1e888b2810421ab99ab4f6ba/c9d5e78b294b7664da5de988ddc0b32992b88863
Chairman of SLPA General Daya Ratnayake  inspects  the Coronavirus quarantine program at the Port of Colombo,"(Left) Mr.Saman Devapriya - Chief Engineer (Civil) SLPA , Capt.Nirmal Silva - Harbour Master SLPA, Capt. Athula Hewavitharana - Managing Director SLPA, Capt.Mikael Degerlund - Master of MV Boudicca Nassau, Genral Daya Ratnayake - Chairman of Sri Lanka Ports Authority, Mr. D. Upali De Zoysa - AdditioRead More",https://www.slpa.lk/port-colombo-page/3993b74edc0e2c3f72d9f0d6e300fa5a/c92c0b34401c283081bef9bd16d02c6c8368bb54
Measures to prevent Novel Coronavirus outbreak in port premises,"Passengers from cruise ships are being quarantined at the Port of Colombo.

 


Additional Managing Director Mr.Upali De Zoysa, Director of the Ministry of Health (Quarantine) – Dr.S.M. Arnold, Harbour Master Capt.Nirmal Silva, Community Health Specialist Dr. Dihani Samarasekara, Chief MeRead More",https://www.slpa.lk/port-colombo-page/be54c8f2b920737a9023751614b772ab/a3fd489b1df96ec26bbef6040bd3c6ccfd63a1b7
Germany to assist Colombo Port development,"Colombo had the highest container handling growth in the world in 2018 and has now reached its fullest capacity.

 




“We will be delighted to hear from the new government measures being taken to expand capacity to handle more container traffic,” said the Chief Delegate of the GerRead More",https://www.slpa.lk/port-colombo-page/430b078a3797e0fe8683a16df2985a83/0c191d96008f873bd0a2a28e0d477adcd15a6fce
Hon.Takeshi Osaki ŌĆō Head of the Political Section of the Embassy of Japan meets State Minister of Ports and Shipping Hon. Kanaka Herath,"Hon.Takeshi Osaki – Head of the Political Section of the Embassy of Japan meets State Minister of Ports and Shipping Hon. Kanaka Herath

 




Hon.Takeshi Osaki – Head of the Political Section of the Embassy of Japan made a special visit at the Hon. State Minister of Ports and ShippRead More",https://www.slpa.lk/port-colombo-page/8cf3df63c84f59dc0fd7063e012a4378/f9f3292571879123008e183e70c366bb204eb9f6
Advantis Engineering opens a new reefer facility at Port of Colombo,"In an effort to enhance customer experience and convenience, Advantis Engineering saw to the establishment of a new reefer operations office at the Port of Colombo. The occasion was graced with the presence of The Board of Directors of Hayleys Advantis and valued clients. This enables the companyRead More",https://www.slpa.lk/port-colombo-page/6d750eb09ab5c5a90be62aeaf7dc6b3a/8bec9c3e1c19d4b136a1a90559b15acf2e29774b
Minister orders swift action to get back Trinco Port lands,"Roads and Highways, Ports and Shipping Minister Johnston Fernando has instructed relevant authorities to take immediate action to get back lands belonging to the Trincomalee Port which had been illegally acquired by external parties.

The Minister gave these instructions at a recent discussion duRead More",https://www.slpa.lk/port-colombo-page/e61b5962ff55c1830fd6e67ee851d6db/05b4494a280f08c78c2d018274ca9621347c12a9
ŌĆśTrincomalee Port to be brought to international standardŌĆÖ,"Minister of Roads and Highways, Ports and Shipping, Johnston Fernando vising the Port. State Minister of Ports Development Kanaka Herath, Secretary, Ministry of Shipping, Ports, E. Mayadunne and Port officials were also present

The Trincomalee Port would be turned around as a major internationalRead More",https://www.slpa.lk/port-colombo-page/f33bc6c8fd109879a77812a80e54c833/3578a2ac71be3bef41e394e03f1d59d1d379f7f0
Galle Port to be developed as a tourist port with new Yacht Marina Zone,"Sri Lanka will commence the breakwater development of the Port of Galle and to dock all passenger vessels to Galle at the outer port area to further strengthen facilities for tourism promotional activities at the port.

State Minister of Ports Development Kanaka Herath during a special inspectionRead More",https://www.slpa.lk/port-colombo-page/f208fe50ef0ed279058630f29c4c4c6e/54e811b2e35b06d45b64483d1101809499f44f90
Mr.Wineendra Sudhammika Weeraman assumes duties as the Vice Chairman of SLPA,"Mr.Wineendra Sudhammika assumes duties as the Vice Chairman of Sri Lanka Ports Authority(SLPA). Mr.Upali de Zoysa – the Additional Managing Director of SLPA and Mrs. Nelum Anawaratne – Acting Chief Manager (Administration) of SLPA are also in the picture.

 




Mr.Wineendra SudhammRead More",https://www.slpa.lk/port-colombo-page/fc0889eae73eae2b03f6a6a1934b0abf/2773ddf6a807fb784043b4b69919ba604ebb23be
"Navy Commander makes courtesy call on Chairman, SLPA","Navy Commander Vice Admiral Piyal De Silva paid a special courtesy call on newly appointed Chairman of Sri Lanka Ports Authority (SLPA) General Daya Ratnayake on 06th January morning at SLPA Chairman’s office.

The Navy Commander extending his and the organization’s best wishes on GenRead More",https://www.slpa.lk/port-colombo-page/7c2c5cc24a7f370cd3e9f2c779524572/23e5b5961e1452a92f5d22a2fa945aaf299ffe17
Collective commitment will help build a better future for ports ŌĆō Minister Johnston Fernando,"Minister of Roads & Highways and Ports & Shipping the Hon Johnston Fernando is addressing the event

 


State Minister of Ports Development Affairs the Hon Kanaka Herath is addressing the event

SLPA Chairperson General (Retired) Daya Ratnayake is addressing the event

Reading the PublRead More",https://www.slpa.lk/port-colombo-page/56513d1eecbdb320725464751fd7c6b7/4775142e887ddafc12b4272d3da87c9bce8684e8
General Daya Rathnayake assumes duties as the new Chairman of Sri Lanka Ports Authority,"General Daya Rathnayake, former Commander of the Army and former Commissioner General of Rehabilitation assumed duties as  the new Chairman of Sri Lanka Ports Authority (SLPA), amid  blessings of venerable Maha Sangha.  on 20th December 2019 at the Chairman’s office ofRead More",https://www.slpa.lk/port-colombo-page/bd12c4496bd3a4e12f43fad93a5a237a/dfc1a13728d5e25cd975f8481b252849614c3981
Daya Ratnayake appointed SLPA Chairman,"Former Army Commander Daya Ratnayake has been appointed as the Chairman of the Sri Lanka Ports Authority (SLPA). He was the 20th commander of the Sri Lanka Army.

He was educated at Maliyadeva College, Kurunegala. Upon commissioning, he followed the Commando Officers Course, Infantry Young OfficeRead More",https://www.slpa.lk/port-colombo-page/8e592721115c068b9f25712696aa6238/8b035d95becd3f97dc527506d7081b77fd5a6b9d
State Minister Kanaka Herath inspects Colombo Port,"State Minister of Ports Development Kanaka Herath inspects the Jaya Container Terminal (JCT) premises. The Additional Managing Director of Sri Lanka Ports Authority (SLPA) Upali De Zoysa and the Secretary to the State Minister of Ports Development N.P.

State Minister of Ports Development KanakaRead More",https://www.slpa.lk/port-colombo-page/9d5533f993792a4a61c172e6fc864aba/554db8b5b6398cd9ad7c54240c15907bf1b152fd
Dockyard opens new branch at Hambantota Port for shipbuilding and ship repairing,"The Colombo Dockyard, the largest and oldest ship building company in Sri Lanka, attached to the Colombo International Port, has opened a new branch at Hambantota International Harbor on Tuesday.

Colombo Dockyard inked the agreement with Hambantota International Port Group (Private) Ltd (HIPG),Read More",https://www.slpa.lk/port-colombo-page/faa75787ab9ab4a7941aabef1d07d41c/7cc91c81256e159d5512a5d664b15e0c67bcbf69
Super luxury MV Norwegian Jade makes maiden call at Colombo Port,"Sri Lanka Ports Authority Additional Managing Director Upali De Zoysa, Sri Lanka Ports Authority Harbour Master Capt. Nirmal Silva, Vessel Master Capt. Ingar Kjllin, Prudential Shipping Director and General Manager Saman Andarawewa, General Manager Anton Rodrigo following the plaque exchanRead More",https://www.slpa.lk/port-colombo-page/4bfb43e3b3c3d619d59f1d1355d8ab44/f5fa24fcc6ed42f68f1ea6c06559c90bfcfdbb68
Johnston wants Colombo Port cleaned,"Minister of Roads and Highways, Ports and Shipping Johnston Fernando yesterday instructed SLPA officials to maintain a healthy surrounding free of waste and debris during the ‘Shramadana’ program at the Colombo Port with the assistance of Port employees.

The Shramadana progRead More",https://www.slpa.lk/port-colombo-page/1046056f432d602c13d411d2f8b65c8d/51eacae0d2a4b1b66626fb74426066b98c93f018
Plans to integrate more businesses for Trinco port,"An effective plan is expected to be implemented to integrate more new businesses to Trincomalee port, Minister of Roads & Highways, Ports and Shipping Johnston Fernando told a group of high profile officials representing the port ministry recently.

Prior to the development project funded byRead More",https://www.slpa.lk/port-colombo-page/eb03d45e27a1b3751d89e1630f20c4fc/74a4b6f18f0ce22bd9f3c82105977dcd3f009c65
Hambantota IntŌĆÖl Port reaches 1 mn MT benchmark for 2019,"The Hambantota International Port (HIP) had a busy week with 6 RORO ships calling at the port, discharging 18,288 vehicles of which 16, 830 vehicles were for transshipment and 1,458 vehicles were for local agencies.

The discharging operation for these vessels were carried out simultaneously.

ThRead More",https://www.slpa.lk/port-colombo-page/c55c15d9db2020d0fafcc94492558564/0970c3dbc5d98091add40a4694c17e9f7245a3a9
Minister orders SLPA officials to maintain clean port,"Minister Johnston Fernando visits the Colombo port

 




Minister of Roads & Highways, Ports and Shipping Johnston Fernando advised officers of Sri Lanka Ports Authority (SLPA) to maintain the port premises clean and cleared of unwanted things, recently .

Addressing the occasion the minisRead More",https://www.slpa.lk/port-colombo-page/0b241f4a76ec7785ab9012036741b935/804419570ae1d678ff71334a4e8a386351243198
Ports Minister calls for report on ECT project,"Minister of Roads and Highways, Ports and Shipping, Johnston Fernando ordered officials of the Ports Ministry to submit a detailed report on proposals to expedite the Eastern Container Terminal (ECT) development project at a meeting held at the ministry auditorium to examine the progress of the ERead More",https://www.slpa.lk/port-colombo-page/4aba634bd6788140984a6c3581d62971/75f419e4837d4cd35ff117eb6198ed3c160ea322
"Minister of Roads and Highways, Ports and Shipping Johnston Fernando made a familiarization tour of the Colombo Port","Minister of Roads and Highways, Ports and Shipping Johnston Fernando made a familiarization tour of the Colombo Port on Friday. He visited the construction sites of the Jaya Container Terminal (IV), and the East Container Terminal Project and looked into the possibility of installing cranes and yRead More",https://www.slpa.lk/port-colombo-page/19cc47f4835f5163335323bea4746993/65ac0a1b50dc45417512ddb920f41f7b1a265cbd
Deputy Minister Assumes Duties,"Mr. Kanaka Herath assumed duties as the Deputy Minister of Ports Development recently at the Ministry of Ports and Shipping. The deputy minister is a member of parliament representing Kagalle District.
(SLPA - 29112019)Read More",https://www.slpa.lk/port-colombo-page/4612c8fc7a2a2d703a0944ac6f6df111/cfc5999d65b245c0e202271e0f94b51b913950dc
ECT to be fast-tracked,"New Ports Minister says talks to commence today 
	Expanding ports sector with stakeholder engagement a priority of administration 


 

The long- delayed East Container Terminal (ECT) of the Colombo Port will be fast-tracked under the new administration with talks to be held withRead More",https://www.slpa.lk/port-colombo-page/152df69e9fea8c5bc1bf434b03af7e28/e2f4483d15dbcd36807e7aeddf31d2d007537428
"Aitken Spence Maritime ushers in first cruise ship for the season, Costa Victoria","Costa Victoria

 



 




Aitken Spence Maritime launched the passenger cruise season with Italy’s biggest tour operator Costa Cruises. The luxurious passenger vessel Costa Victoria called at Colombo Port on 5 November carrying 1,739 passengers and 790 crew members on board.

CostaRead More",https://www.slpa.lk/port-colombo-page/06e7f3b2c68345b7e6cbcb732e22ee09/92c53d7629ab47a5e3b7c5ebbe04d7d500d274c3
Colombo Dockyard Lays Keel of third Pilot Launch for SLPA,"The Pilot Launch is designed to hold a high degree of stability and comfort in all weather conditions and the Pilot Launch will provide a stable platform during embarking and disembarking Pilots.

 




On 6th November 2019, Colombo Dockyard PLC (CDPLC) laid the keel to auspiciously commence shRead More",https://www.slpa.lk/port-colombo-page/f218f9ac3c5e3bd2815ea98d11960bbb/d34ad7cdaf9ccceeba3de1ea9734b82d30245a01
Luxury cruise ship ŌĆśCosta VictoriaŌĆÖ calls at Colombo Port,"Costa Victoria at Port of Colombo

 



Passengers of Costa Victoria at Port of Colombo

 




The luxury cruise ship, Costa Victoria, Victoria-class cruise ship owned and operated by Costa Crociere, called at the Colombo Port in Sri Lanka, Today, 5 November 2019, carrying passengers who aRead More",https://www.slpa.lk/port-colombo-page/58509363b45c1e82f298f169114f8237/2b35e28706bea087f3f30f204a3ca20d001c99ce
"Trincomalee Port to double capacity with night navigation, 24-hour operations","In keeping with Ports, Shipping and Southern Development Minister Sagala Ratnayaka’s promise to install night navigation at the Trincomalee Port before the end of this year, the Sri Lanka Ports Authority (SLPA) says it has successfully completed the project.



Trincomalee Harbour - a natRead More",https://www.slpa.lk/port-colombo-page/8f99ce2dbad3f8c9bc3e3040da1fb18a/2113b0ee9fe969dadf217de067ce09a0ba8359db
A requiem for the Port of Galle,"There is something dignified about a ‘booklet’ that carries a historical narrative. Possibly because of the clash of dimensions – could size compete with something as complex (and troublesome?) as history? Somasiri Devendra, one of Sri Lanka’s established enthusiast, obserRead More",https://www.slpa.lk/port-colombo-page/95597419ef8d09b517d9b1841941c7f1/7cab702dc2c3d34beaa9f8ecb73d444bc7afe153
Hambantota IntŌĆÖl Port partners with NYK Japan,"Ray Ren- CEO- HIPG and Sagara Peiris – Director – NYK Lanka exchanging the TSA.

 




The Hambantota International Port Group (HIPG) recently entered into a Terminal Service Agreement (TSA) with Japanese Shipping Conglomerate NYK, the first RoRo specific TSA entered into by the shiRead More",https://www.slpa.lk/port-colombo-page/15dd1d4e2c3a746e8beff682bf904bf0/7485cc43127ffffebdd49fb77ec58a8d4d6b8491
Global maritime industry at crossroads: Sagala,"Ports and Shipping Minister Sagala Ratnayaka

 



 


	Stresses maritime sector will have to go to extraordinary lengths to fulfil environmental responsibilities
	Ships will have to use cleaner fuels that are still under development and will cost up to 50% more than traditional fuel
	HighRead More",https://www.slpa.lk/port-colombo-page/ea7862c6d306804985b920ebf639a0ac/13cdd7bdad6c8dc16eed387ec9b26396d894fccf
SAGT celebrates 20th anniversary at Cinnamon Lakeside,"South Asia Gateway Terminals (SAGT), the first public-private partnership container terminal in Sri Lanka, celebrated 20 years of maritime excellence on 7 September at Cinnamon Lakeside Colombo with the participation of Minster of Ports, Shipping, and Southern Development Sagala Ratnayake, industRead More",https://www.slpa.lk/port-colombo-page/fb5ca706d13917cd10694512df3c9c7a/5580022b12aa5ce2aaf429580e66ed6234e1ab65
SLPA to develop Galle Face Green at cost of Rs. 300 m,"Proposal from Ports and Shipping Minister gets Cabinet nod
	Money to be disbursed from SLPA CSR Budget for 2019/2021


Cabinet this week gave approval to the Sri Lanka Ports Authority to allocate Rs. 300 million for the development work of Galle Face Green.

This money will be disbursed from thRead More",https://www.slpa.lk/port-colombo-page/7f88bcc0d6155985549bf3f5ff6d6e39/904a80740d56d5ef85192f06edc3b93b2d2d4de2
Grace period for motor vehicles pending clearance at Hambantota Port,"The government has decided to declare a grace period for motor vehicles imported during the period of January 2015 to November 2017 but pending the Customs clearance at the Hambantota Port subject to following criteria:

Said motor vehicles imported by an importer/individual based on the Letter(sRead More",https://www.slpa.lk/port-colombo-page/2b3fa44b06fa5b7cbe7db82f95c83003/4b9932a515daa7281ef81e6d1791f7d2b126176c
Hambantota IntŌĆÖl Port makes phenomenal progress,"Eighteen months to the formation of HIPG, the public private partnership between CMPort and the Sri Lanka Ports Authority (SLPA), to manage the Hambantota International Port (HIP), the company has made phenomenal progress.

They have successfully turned it around, bringing the port into the limelRead More",https://www.slpa.lk/port-colombo-page/e972ee9964a0f8a60a8df03d0a76f19b/df6ede72216916a3ea6b0c3e20e47199a8c05313
World Maritime day falls tomorrow: Women to the fore in seafaring,"Just this morning, I took a ride in a car made in Japan while listening to a song on an iPhone made in China. Remembering that I have to buy a few goods, I stopped at a supermarket on the way to the office and ticked off a few items – a can of fish made in Chile, a cheese made in Australia,Read More",https://www.slpa.lk/port-colombo-page/2f8c1b3141609824ca2b36f76822096d/7cfbbce3f6ff3c71d7eea9c8044ade7a8f04d0d2
CILT conducts road show at SLPA,"CILT Sri Lanka Chairperson hands over CILT annual report to SLPA MD

 




The Chartered Institute of Logistics and Transport of Sri Lanka (CILT) successfully conducted a road show at the Sri Lanka Ports Authority (SLPA), recently.

This is the 11th road show conducted by CILT Sri Lanka for thiRead More",https://www.slpa.lk/port-colombo-page/771063928f46e1839287472b2af17ce4/10d509becaef0260849a86af08cb913b9a07f2c7
Sri Lanka Port AuthorityŌĆÖs Sujith Hasantha wins second stage,"The winners of day two at Bandarawela (and below): Winner Sujith Hasantha of Sri Lanka Port Authority team, first runner-up Chamod de Silva of Sri Lanka Port Authority team and second runner-up Janaka Hemantha of Sri Lanka Navy team with officials.

 




Day two of the SLT Speedup Cycle SawariRead More",https://www.slpa.lk/port-colombo-page/beb0726bcc9790bfa0cf380946095175/ffeafa6c4bb7ece33cbc4f7b9d23bb9d1f4ec226
SLPA to buy fourth gantry crane from China's Zhenhua,"State-run Sri Lanka Ports Authority (SLPA) has been cleared to buy a fourth gantry crane from China’s Shanghal Zhenhua Heavy Industries, the State information office said.

Sri Lanka had earlier ordered three ships to shore (STS) gantry cranes from Zhenhua.

The fourth crane is ordered on tRead More",https://www.slpa.lk/port-colombo-page/7297e56c057d65bae992c5536269a6f0/798f59a0e0df9ebf48bce054f72716444e4464c4
"Colombo PortŌĆÖs progression to be solidified, says Minister Ratnayaka","Enlargement projects being initiated by the existing Government to ensure a steady growth in the economy and foreign investments are stabilising the state’s growth rate, Chief of Staff to the Prime Minister, Minister of Ports Shipping and Southern Development Sagala Ratnayaka stated while aRead More",https://www.slpa.lk/port-colombo-page/b5008353d02dba702c58af434ce40e8c/adabaaa6c472c4390709f3dc70378dd920530a36
SLPA places third order from Colombo Dockyard,"The State-run Sri Lanka Port Authority (SLPA) is to award a deal to build a pilot vessel to Colombo Dockyard PLC, a publicity-traded firm, the State Information office said.

SLPA had earlier given an order for two pilot vessels to the same company. The Cabinet cleared the purchase of a third vesRead More",https://www.slpa.lk/port-colombo-page/201443f7318d2859cd1e44ae84513c6c/53e56af9f64d03d409c5742df264ce2126370863
Govt. targets $ 64 m earnings from ETC: Sagala,"Tells Parliament ETC will be operational by end next year





Increasing the container throughput, the Government aims to earn $ 64 million from the proposed Eastern Container Terminal (ECT) project, which will conclude by the end of next year, Ports and Shipping Minister Sagala Ratnayaka told PaRead More",https://www.slpa.lk/port-colombo-page/9b84d5e24096c87fd66f8306d3a0fb98/679717d30f762b5db6c17f54f341804af2eb1c05
Merchant Shipping (Amendment) Bill passed with amendments,"The Merchant Shipping (Amendment) Bill was passed in Parliament with amendments yesterday.

The Second Reading debate was moved by Ports and Shipping and Southern Development Minister Sagala Ratnayaka yesterday and was passed without a division.

Moving the Merchant Shipping (Amendment) Bill, MinRead More",https://www.slpa.lk/port-colombo-page/25a44d4508c6e060c90c429ff9b46e4d/682adb2f8c32f08676e2a26b4e315caf49a6e042
SLPA needs more jetties with sufficient depth to berth mega-ships - Minister Sagala Ratnayaka,"The Sri Lanka Ports Authority (SLPA) has no jetties with sufficient depth to berth mega-ships. Therefore, the development of the Eastern Terminal is done in keeping the controlling stake with the SLPA,” Minister of Ports & Shipping and Southern Development Sagala Ratnayaka told ParliameRead More",https://www.slpa.lk/port-colombo-page/794244a447d4e5d6b79a24f7598e2506/14952ec33c9b01b82c46da4d3447860a1c10f261
"HŌĆÖtota IntŌĆÖl Port signs pact with Ranong Port, Thailand","Ranong Port in Thailand, the first of the BIMSTEC countries to connect with Hambantota Port.

 




The Hambantota International Port (HIP) signed an agreement for port-to-port cooperation with the Ranong Port in Thailand.

The partnership is a bid to build synergies between these two maritimeRead More",https://www.slpa.lk/port-colombo-page/62d70c64b0a3298d2c878bf9a5ff0761/1a0e488b2d6df9853eb574744fd639edd8b9d145
CASA celebrates World Maritime Day,"Collaborates with Institute of Chartered Shipbrokers (UK) and Sri Lanka branch
	Organises Maritime and Supply Chain International conference endorsed by Ministry of Ports and Shipping and Southern Development and SLPA


Ceylon Association of Shipping Agents (CASA) with Institute of Chartered ShRead More",https://www.slpa.lk/port-colombo-page/a62d02ba15e2ad1f494768bd72ef07d2/484fa98f159c04ae1efe389925e19d094141a3da
SLPA Receives New Prime Movers,"To enhance the efficiency of container handling, a new set of prime movers was handed over to the Operations Division of Sri Lanka Ports Authority, recently. Managing Director of SLPA, Capt. Athula Hewavitharana handed over them to the Director of Operations Division Mr. Jayantha Perera. Mr. UpalRead More",https://www.slpa.lk/port-colombo-page/76e1ff154e75feada0e202a0b6856e52/e3aa17f84a8285902fe62cb590d50423543c2eae
"Hambantota Port certified for health, safety","Hambantota International Port (HIP) was recently certified ISO 45001: 2018 compliant for their Occupational Health & Safety Management System (OH&SMS), by the International Organization for Standardization headquartered in Geneva, Switzerland.

The port went through 6-months of preparatioRead More",https://www.slpa.lk/port-colombo-page/1b58c292f55f71c8c6c28648aa947d0e/938348f010be674d1b157a2810f97c31e935c6ad
Colombo International Logistics Conference,Read More,https://www.slpa.lk/port-colombo-page/e47009be71605612e0d7dec71ae1477e/f77d7ee71b44cccd62e4955649ef93f35a691989
First German-Sri Lankan Logistics Conference held in Colombo,"The Delegation of German Industry and Commerce in Sri Lanka (AHK Sri Lanka) organized the first German Sri Lankan Logistics Conference at the Kingsbury Hotel on 29 August in Colombo, on the occasion of the official visit of the German Vice-Minister of Transport and Digital Infrastructure SteffenRead More",https://www.slpa.lk/port-colombo-page/af676b554fed20fd9be2d93f4645f26e/4483620514852054021966c2e07108023b481af9
"SLPA in collaboration with the JCT, SAGT and CICT holds the 2nd  Port of Colombo Awards","Managing Director - Mr.Chandima Hulangamuwa and Director (Operations) - Shamal Perera of MEDITERRANEAN SHIPPING COMPANY (MSC), receiving the award for the winner of the Port of Colombo Awards 2019 for the Main Line Operators from Hon. Minister of Ports, Shipping and Southern Development, Sagala RatnRead More",https://www.slpa.lk/port-colombo-page/92b46ef76712cb8a06208175721e4216/d6aa5044f5d4baee437173223f23004030f40d6c
SLPA to invest US$ 190 mn on ECT terminal,"A sum of US$ 190 million would be invested to installs gantry cairns and also add other infrastructure to the East Container Terminal, said Minister of Ports, Shipping and Southern Development, Sagala Ratnayaka.

He said that they would initially invest this amount and then get it reimbursed fromRead More",https://www.slpa.lk/port-colombo-page/f4607a054d90a2cb971ad3170fe4f838/ea82075bdeb10333abcaed11062dafde67d9e374
Timely decisions essential for Colombo Port growth: Sagala,"Ports and Shipping Minister Sagala Ratnayaka yesterday said timely decisions were essential for the sustainable growth of the Colombo Port, and was regretful that delays in finalising the East Container Terminal (ECT) had threatened the competitiveness of the country’s main port.

DeliverinRead More",https://www.slpa.lk/port-colombo-page/85007c196bd58ec6d24a2322eebf74f2/ce455a45bae09507add14578c42909a074246c36
Plans to expand Colombo Port capacity to 35 mn TEUs,"A passenger ferry service between Kankesanthurai and South India is expected soon to facilitate displaced returnees and pilgrims home, said Sirimevan Ranasinghe, Secretary to the Ministry of Ports and Shipping and Western Development.

Delivering the key note speech at the German-Sri Lankan LogisRead More",https://www.slpa.lk/port-colombo-page/d5e7025579f2cf45b4d7d771c59f0403/1157e9da362bba9d94ec5e47f091481d283469f0
Hambantota Port evaluates container handling options,"Steffen Bilger

 




Hambantota International Port, a Public Private Partnership project (PPP) between the Sri Lanka Ports Authority and China Merchant Port Holdings is currently evaluating the options of handling containers.

In addition, the bunker facility at the port will be operated by ChRead More",https://www.slpa.lk/port-colombo-page/06fd5cf9d170af8c1f1a3d9c3e73d118/9f008657ba0906a52c9b32afd539ff5e3ff3182b
Port of Colombo Awards Night on August 30,"The second consecutive Port of Colombo Awards Night organized by Sri Lanka Ports Authority (SLPA) in collaboration with the Jaya Container Terminal (JCT), South Asia Gateway Terminals (SAGT) and the Colombo International Container Terminals(CICT) will be held on Friday 30thAugust 2019 at 06.00pmRead More",https://www.slpa.lk/port-colombo-page/e4f642904701a8608b97bc272f1121eb/a43ceac133f5eedc4ac147034a264b7f9a41b593
French Ambassador visits Hambantota Port,Ambassador of France to Sri Lanka Eric Lavertu visited the Hambantota International Port (HIP) earlier in the month. He was welcomed by the management and staff of the port and given a full inspection tour. The Ambassador met with key officials including Hambantota International Port Group (HIPG)Read More,https://www.slpa.lk/port-colombo-page/d4c53ce92662597198773be509b8425b/4960159da4b26a6f871d70c81098d16e717cfbfc
Sri Lanka Ports Authority celebrates 40th Anniversary,"Hon. Minister of Ports, Shipping and Southern Development Sagala Ratnayaka addresses gathering. Chairman of SLPA Mr.Kavan Ratnayaka and Director Mr.Udeni Kaluthanthri are also in the pic. 

 




Sri Lanka Ports Authority Celebrated its 40th Anniversary on 01st August 2019. The official commemoRead More",https://www.slpa.lk/port-colombo-page/e308dd214022756bc9c8b0e167e2358b/0122b2b3ace74e0a3a265b77cdfa47134b2a3185
Sri Lanka keen on enhancing connectivity with Indian ports,"The Sri Lanka Ports Authority is keen on enhancing connectivity with Indian ports using ferry services to facilitate easier trade and tourism, its chairman Kavan Ratnayaka said.

“If the two countries can set up a ferry service connecting Kankesanthurai port in Jaffna with Karaikal near PudRead More",https://www.slpa.lk/port-colombo-page/8c2539a8a8d2b0b73ff35ede358bd1b3/5f51ba483863f5cbff46756a5ef3203b3782f526
WISTA holds 5th Annual General Meeting,"Newly elected Office Bearers With Chief Guest and other distinguished guests

 






 

The Sri Lankan arm of the Women’s International Shipping and Trading Association (WISTA) held its Annual General Meeting at The Kingsbury Hotel recently, electing Office Bearers for the year 2019Read More",https://www.slpa.lk/port-colombo-page/c77347e97f077e9ea7ebca669160f6c0/3686aad38fdc8dc15d74559cff996667304aed81
Minister Ratnayaka inspects construction of SLPAŌĆÖs new Maritime Facilitation Centre,"Ports, Shipping and Southern Development Minister Sagala Ratnayaka, SLPA Chairman Kavan Ratnayaka, Managing Director Capt. Athula Hewavitharana, Additional Managing Director Upali D. Zoysa, directors and a number of higher officials of the management during the tour of inspection in Canal Yard, ColoRead More",https://www.slpa.lk/port-colombo-page/aae0041000cfce01798e19c8c5b189a1/8a377d53a8504cda852eb834d007e50d9a6ec05b
Vessel gifted to Sri Lanka Navy by China arrives in Colombo,"The Offshore Petrol Vehicle (OPV) gifted by People's Republic of China to Sri Lanka Navy last month arrived at the port of Colombo this morning (08th July 2019).

The P 625 vessel taken over from China on 05th June 2019, to increase the operational capabilities of the Sri Lanka Navy, was waRead More",https://www.slpa.lk/port-colombo-page/c9cafced5ba1f831eea8ccd0ceefd062/7200b48c76815fccf4e98b87751d402c0feda2a8
WISTA celebrates 5th anniversary,"The Sri Lankan arm of the Women’s International Shipping and Trading Association (WISTA) celebrated five years in Sri Lanka. WISTA commemorated this significant achievement at the AGM held on July 2 at the Kingsbury Hotel.

WISTA International President and CEO of TOTOTHEO Maritime DespinaRead More",https://www.slpa.lk/port-colombo-page/26f7ab128e19b21f1e7eddd05a5e292b/e7ebdbe10380176e4612f9b10d71b705309b76f2
Implementation of key tasks under National Export Strategy,"Formulation of regulatory framework for boat building and boating industry – a collaborative effort of EDB and public/private stakeholders








Sri Lanka is making a renewed attempt to leverage its geographic advantage in the East-West shipping route, this time as a boat builder and mariRead More",https://www.slpa.lk/port-colombo-page/dc0911aa6355bd8cecf67c9fff3cd4ab/d62c304e9035d6756d0086b6f1b8f88f193d1cc9
Colombo International Logistics Conference 2019,Read More,https://www.slpa.lk/port-colombo-page/bcc5864f2ab07ae6ef1ba3682d9cc6a3/167c22f88c30abba58d1e803006bf13a391bcc38
Colombo Dockyard delivers modern cable laying vessel,"The replica of the ship received by Managing Director, KCS, Yukihiro Fuji from Minister Sagala Ratnayake, Minister Patali Champika Ranawaka, Minister Nalin Bandara and Managing Director, Colombo Dockyard PLC, D.V Abeysinghe were present. Picture by Ariyaw

 




Colombo Dockyard PLC (CDPLC) delRead More",https://www.slpa.lk/port-colombo-page/3e7150311d69ec69151447fb01929316/35496e94ceedf423d3c86d785fb626548c035369
SLPA to relocate head office to new 17-storey complex,"The Sri Lanka Ports Authority (SLPA) plans to relocate its head office to a brand-new 17-storey office complex located outside the Colombo Port by 2021.

SLPA Chief Engineer Planning and Development Susantha Abeysiriwardena on Wednesday announced that the construction of the new head office, locaRead More",https://www.slpa.lk/port-colombo-page/13c9040a017dfa3323f8ef1a583e81be/eb9f0ec61dabbaa67736a88f870038948e5881f5
Stakeholders positive on proposed East Container Terminal model - Port Chairman,"Colombo Port

 




The Port of Colombo will be a leader in the Indian Ocean, Middle East and East African hub ports and is to become an efficient logistic hub attracting sustainable investment and trade to facilitate the national export strategy (NES), according to the National Port Master PlaRead More",https://www.slpa.lk/port-colombo-page/e128f85d26e70c7b60bca45ea8e11dbc/32b33d5b9e7120f4009bb19c2b37e0c0b0ee0fd9
CICT voted Best Container Terminal in Asia for 3rd successive year,"Beats terminals in China, Indonesia and Thailand to win coveted AFLAS award in Under 4 million TEUs category


 




The CMPort managed Colombo International Container Terminal (CICT), the only deep water terminal in the Port of Colombo, has been voted the Best Container Terminal in Asia in tRead More",https://www.slpa.lk/port-colombo-page/c507e512735d70c69d1e9e28813641b3/9a14d70c3d34d9f73f2983ae36923d971aee6356
Japan offers one billion yen to develop strategic Trincomalee port,"Dr Hiroto Izumi, Special Advisor to the Japanese Prime Minister Shinzo Abe, being welcomed by Prime Minister Ranil Wickremesinghe at Temple Trees yesterday.
 

Japan has offered Sri Lanka one billion yen to develop the strategic Trincomalee port.

Dr Hiroto Izumi, Special Advisor to the JapaRead More",https://www.slpa.lk/port-colombo-page/79090c255e8127c0be0c4e3ab9615a52/80070da2a51cd5cf8e0db12e897b52dd63b4fc24
Ports Minister attends 4th German-Asian Business Dialogue,"The fourth German-Asian Business Dialogue was held on 5 June at the Alliance Forum in Berlin. Chief of Staff of the Prime Minister and Minister of Ports and Shipping Sagala Ratnayaka, attended the Dialogue as a special guest and was a panellist at the Ministers’ Dialogue on ‘BuildingRead More",https://www.slpa.lk/port-colombo-page/a2ba5dc1bb1f9c028d92eaec655f2c21/430cd46a02126da083f97e8b48a868b43054735b
"India, BŌĆÖdesh to support Colombo PortŌĆÖs transshipment business","East India, West India and Bangladesh will remain Sri Lanka’s key markets for transhipment containers, accounting for an estimated 89.9% of throughput in 2050,

According to the National Port Master Plan completed in March 2019 by NIRAS mtbs and funded by the Asian Development Bank and JapaRead More",https://www.slpa.lk/port-colombo-page/c89e43555026532a165740b28e423bba/a7af1f784472c4dca1fad51b221154c54e4576c2
Ranvir arrives at Colombo harbour,"The Indian Naval Ship (INS) Ranvir arrived at the Colombo harbour on a goodwill visit yesterday (18).

The Sri Lanka Navy welcomed the visiting ship in compliance with naval traditions on her arrival. Upon her arrival at the port of Colombo, Commanding Officer of the ship, Captain Chetan ChandeRead More",https://www.slpa.lk/port-colombo-page/546d5c40917bd606d50cfad713c84bb6/e7f17e7727ad742b9e0fa3fcca11531d99df9b38
HIP joins WISTA Sri Lanka to build gender diversity awareness,"The booklet on gender diversity being handed over to Captain of the Vessel SHOHJIN, Capt. Wahidul Haque by President of WISTA Sri Lanka, Rukshila Anthony. Staff of Hambantota International Port and representatives of WISTA Sri Lanka were also present at

 




In a bid to increase awareness ofRead More",https://www.slpa.lk/port-colombo-page/0d432a2c086fad8ece2f7d5c9651effe/a05b6aba16f931ba4991d7887c63244690711a82
ŌĆśPort automation will attract more womenŌĆÖ,"Crane operators at SLPA

 




Sri Lanka’s current extensive port development programs will create more employment opportunities for women in the future, a port industry expert said.

“With automation, the opportunities for women to work in the port field will grow, as some of the jRead More",https://www.slpa.lk/port-colombo-page/2438163d8b16a8c5fd0080f35fe6c60e/3643caab65f748a374079e9ebd457951c32c599e
Japanese delegation in talks on East Container Terminal working group,"A 20-member Japanese group is currently in Sri Lanka to discuss and work on a ‘joint working group’ to develop the East Container Terminal (ECT) located in the Colombo South Port.

“The group is currently in discussion to determine what the working group should look like,&rdquRead More",https://www.slpa.lk/port-colombo-page/6c2d23a1ce26f761c98ecee74a89fe10/ff72727346b408c2053b96ed16b2cf031e7af598
Aitken Spence facilitates luxury cruise ship MS Europa call on two ports in Sri Lanka,"The luxury cruise ship ‘MS Europa 2’, owned by German operator Hapag-Lloyd Kreuzfahrten Hamburg, recently called on the Ports of Hambantota and Colombo from 5 to 8 June with 309 passengers and 356 crew onboard.

Aitken Spence Maritime is the agent in Sri Lanka for Hapag-Lloyd which isRead More",https://www.slpa.lk/port-colombo-page/f600f0e53df0c711ca30eb8250a4ad5d/6a32ab7dac322268b13a260385130b221b977dff
Port Chief says new deal for critical ECT best fit and win-win,"SLPA Chairman Kavan Ratnayaka

 


	Joint venture Terminal Operating Company will have SLPA as controlling shareholder with 51% stake and Japanese and Indian investors holding the balance
	Phase 1 will have capacity of 3 million TEUs followed by an equal amount in Second Phase
	Cost is estimateRead More",https://www.slpa.lk/port-colombo-page/b93046cb9a78e7f12a427e4e5d94fdf5/62ebd471d24db77f25ea7ee0021ce7afd3a1fa5b
Colombo Dockyard lays keels of two pilot launches being built for Sri Lanka Ports Authority,"Dignitaries on top of the keel laying platform

 



Invitees at the stage 



Pilot launch

 




On 11 June, Colombo Dockyard PLC (CDPLC) laid the keels to auspiciously commence shipbuilding work on two pilot launches as per an agreement signed with Sri Lanka Ports Authority (SLPA) on 1Read More",https://www.slpa.lk/port-colombo-page/2f46b9da5d12d8ed6892e33a5bdbeef6/a2077ed9e28211273b0ee7616be2dded4db346d3
GAC Group successfully holds contract logistics conference in Colombo,"Asia-Pacific is leading the global contract logistics market overtaking Europe. The growth in this region is attributed to the rising retail enactment, strong economic growth, and increase in disposable income in the region. Contract logistics involve the control of the complete comprehensive proRead More",https://www.slpa.lk/port-colombo-page/cb69741a41960e1769ca83a008dcc981/8ef05e50419eeebd9cca61f6666e49081cfcf7d7
Ports Authority official selected for Visitor Leadership Programme in U.S.,"Chitral Jayawarna, Deputy Chief Manager, Communication and Public Relations in Sri Lanka Ports Authority, is currently visiting the United States of America as the country representative at the International Visitor Leadership Program (IVLP) initiated by the State Department. He was selected by tRead More",https://www.slpa.lk/port-colombo-page/4f96796fd647c4e0f2203c6b34620f27/96de422fedf3661bd7f515c7484bba250808624d
Master plan to boost portsŌĆÖ performance,"CIMC Founder Chairman Rohan Masakorala moderates the media briefing attended by industry experts. 

 




The Sri Lanka Ports Authority (SLPA) has great plans for the future and they will come into fruition with the implementation of the National Master Plan for ports in the country, SLPARead More",https://www.slpa.lk/port-colombo-page/98e748cc706d27e04dcdd62c53e9a7db/230b9f9a59380142822ced0245a1d3d90cd7db61
Ambitious plans afoot to transform maritime sector,"Ports, Shipping and Southern Development Minister Sagala Ratnayaka opened the Sri Lanka Pavillion at the Transport Logistics Fair 2019 in Germany yesterday. The Minister also held discussions with a number of leading global corporate on potential investme

 




Ports, Shipping and Southern DevRead More",https://www.slpa.lk/port-colombo-page/2117e29fe9336e33c1d74c0d21cd9d9a/cddc9a1b8779d61f0e6995cb772e4060d1749e5e
Luxury ship MS Europa calls on Colombo Port,"MS Europa, a luxury cruise ship considered as one of the most spacious cruise ships on the market is docked at the Colombo Harbour.

On their arrival in Colombo, the guests were welcomed by the Sri Lanka Tourism Promotion Bureau and were also able to enjoy a cultural performance afterwards.

TheRead More",https://www.slpa.lk/port-colombo-page/2983dbd91d27453e36962c9d8bfbca34/a823b99e6677d9aeb8b1e80e368d27fd7439763b
The Port of Colombo partners in the Sri Lanka Country Pavilion at the Transport and Logistics Fair in Germany.,"Hon.Minister of Ports and Shipping Sagala Ratnayaka and the Parliamentary State Secretary of Germany Mr.Steffen Bilger open the Sri Lanka Country Pavilion at the Transport and Logistics Fair – 2019 in Munich, Germany. 

 




The Port of Colombo through an exclusive delegation from Sri LaRead More",https://www.slpa.lk/port-colombo-page/e7f56ee3cb6f801d1bd0607dc2d651f5/32e2b23fa664b2cfd8aa8bf4a057df2051027c90
Aitken Spence Maritime facilitates first cruise ship to Colombo following April aftermath,"The luxury cruise ship “MS EUROPA 2”, owned by German operator Hapag-Lloyd Kreuzfahrten Hamburg, recently called on the Ports of Hambantota and Colombo with 309 passengers and 356 crew onboard.

Aitken Spence Maritime is the agent in Sri Lanka for Hapag-Lloyd which is one of the largeRead More",https://www.slpa.lk/port-colombo-page/943be538f9e2f4a3e95b4354713b6c1a/7699869cb3dfeaf23f83317c015376143c1b1b18
Ambitious plans afoot to transform maritime sector,"Ports, Shipping and Southern Development Minister Sagala Ratnayaka opened the Sri Lanka Pavillion at the Transport Logistics Fair 2019 in Germany yesterday. The Minister also held discussions with a number of leading global corporate on potential investme

 






Ports, Shipping and Southern DRead More",https://www.slpa.lk/port-colombo-page/7e1184f3496fc424ff760dac01483fb3/192b03bd0d7e83632d27b4944cb779b95c8f7690
ECT to begin operations second half of next year,"Sri Lanka likely to get US$500-800 mn soft loan from Japan 
	Agreement for terminal operating company to be finalised within next three months





The East Container Terminal (ECT) is to be operational by second half of next year under the proposed terminal operating company (TOC) that willRead More",https://www.slpa.lk/port-colombo-page/7908f1614136a456a71111a93c5d95a0/dbc8afea4fc2b09e25608701f4247de0f044e5c4
Port tariff hike deferred until December,"The Sri Lanka Port Authority (SLPA) has deferred the proposed hike in port tariffs until December, to support the economy in the aftermath of Easter Sunday attacks, SLPA Chairman Kavan Ratnayaka told Mirror Business.

“We will make a decision in December whether to increase port tariff or nRead More",https://www.slpa.lk/port-colombo-page/c4498b68cc59da15a62837b6cbf65aa6/ef81d76de50e8cc93ab81bedc4631e81b3ee70be
SLPA to start ECT Operations with $ 500-800M JBIC loan,"SL to accelerate Colombo Port development
	ECT final agreement within 3 months, plans to build WCT as well





The Government plans to conclude the Colombo Port East Container Terminal (ECT) development agreement with the Japanese and Indian Governments within the next three months, Sri LankRead More",https://www.slpa.lk/port-colombo-page/1616b8756977e2207b766eb8f7d594ab/df14ef4a1758e1fa1594449bfd10eb3518270171
Colombo Port container volumes up by 9.1% in April,"The Colombo Port container volumes indicates an increase in the month of April 2019 by 9.1% compared to the same period last year.

Together with the Jaya Container Terminal (JCT), South Asia Gateway Terminal (SAGT) and the Colombo International Container Terminal (CICT), the Port of Colombo&rsquRead More",https://www.slpa.lk/port-colombo-page/7d9b1afa96fa2b4ea1637aa4f8a62d9f/56bf0b922a36ce284a8bd25ec8ca95b16155765d
"SLPA: Clarification on MoC between Sri Lanka, Japan and India over ECT","SLPA retains 100% ownership of East Container Terminal (ECT)
	


The Sri Lanka Ports Authority (SLPA) observes recent reports in the press about the envisaged Memorandum of Cooperation (MoC) between the three governments of Sri Lanka, Japan and India on the East Container Terminal of the PortRead More",https://www.slpa.lk/port-colombo-page/c2d738beb0040ca6f6625d26a93fd2ab/e2ac73f5e65bfe9c438ddc6855e1bd989d31285d
LetŌĆÖs move forward as a nation ŌĆō Sagala,"Today’s urgent need is for all people to unite and work together to enable the country to move forward as a nation, Ports, Shipping and Southern Development Minister Sagala Ratnayaka said.

He was speaking after laying foundation stones for a proposed new building at St Anthony’s ChurRead More",https://www.slpa.lk/port-colombo-page/ac52b2ac22c08637beff1ff6ade24f1b/4ab83000abdb3d0cfd72b9c7208f7a1238936864
Govt. to develop ECT jointly with Japan and India,"The government is gearing to fast-track the development of East Container Terminal (ECT) at the Port of Colombo jointly with Japan and India with the setting up of a terminal operating company (TOC), ensuring that the full ownership of ECT will remain with Sri Lanka.

According to informed governRead More",https://www.slpa.lk/port-colombo-page/8a1b16e4f6be6244645fd864ed811d6b/cc95b0161a243fc07a93d96c68026a3a9af3cb5a
CICT invests $ 1.5 m to open Sri LankaŌĆÖs only Dangerous Goods Storage Facility,"Says South Asia’s most advanced IMDG storage will enhance Port of Colombo’s capabilities and reputation





Sri Lanka’s first, and South Asia’s most advanced, Dangerous Goods Storage Facility (DGSF) was commissioned on Friday, 10 May, at the Colombo International ContainerRead More",https://www.slpa.lk/port-colombo-page/8162482690af36a5d42c2402622a2220/4e452876f2a97395812d04ce990606800ac92295
"Hambantota International Port, a gateway to sub-continent","HIP is the latest addition to Sri Lanka’s network of harbours, currently being developed in different parts of the island. The expansion is an initiative of the Sri Lanka Ports Authority (SLPA), to take advantage of the nation’s geographic positioning and the growing demand for more cRead More",https://www.slpa.lk/port-colombo-page/0a25c01d5533e4c9cd8a3149334455a5/db7af4a8c178a2b8f9298e6a1a780bf02228f419
Hambantota IntŌĆÖl Port signs TSAs with top players in Industry,"Vehicle Carrier, Glovis Sun sailing under the Marshall Islands flag, helped the Hambantota International Port (HIP) to reach its highest discharge volumes to date, when 5,000 transshipment units were discharged in record time last month.

The discharge operation was completed 22 hours prior to thRead More",https://www.slpa.lk/port-colombo-page/cb5eef6823cf76e3d7a4d165e99ba4b5/db2befe9766cb1725eb8d6a26a3ad85ef07bf510
South AsiaŌĆÖs largest LPG transshipment terminal by LAUGFS officially inaugurates operations,"LAUGFS Terminals Ltd officially inaugurated operations of its state-of-the-art LPG Transshipment Terminal at the Hambantota International Port, the largest of its kind in South Asia, with the first of its LPG cargo brought in by the Sri Lankan flagged vessel Gas Success, part of LAUGFS Maritime&rRead More",https://www.slpa.lk/port-colombo-page/ec5d05a72a016fb02ba3dc50c55a81c4/75c352f90a1d45a16492d78e4c0fd3e9c052a3af
Ports Authority placed 5th at Asian VB Club Championships in Chinese Taipei,"Sri Lanka Ports Authority Volleyball team was placed fifth at the 2019 Asian Club Volleyball Championships held in Chinese Taipei from April 18 to 26.

Sri Lanka Ports Authority team took part in the event as National Champions in the competition. Club teams from 14 countries took part in the eveRead More",https://www.slpa.lk/port-colombo-page/cd206a66be7555032d7310c730f88460/718e5027c5a16b62cc6e3e44766e8bb2f2db48ae
Sinopec wins bid to operate tank farm at Hambantota Port,"Deal with Chinese global giant to position Hambantota as region’s bunkering hub
	Sinopec picked from over 20 bidders from Singapore, China, India, Dubai and Sri Lanka 


The Hambantota International Port (HIP) has recently awarded a tender to Sinopec Fuel Oil Sales Co. Ltd. for oil tRead More",https://www.slpa.lk/port-colombo-page/438db3fdb348541266d8a021c1f3ac82/9d8598f5a93959af767f6068412e8eba1d9d26e2
Sri LankaŌĆÖs Hambantota Port positioned as regionŌĆÖs Bunkering Hub,"The Hambantota International Port (HIP) recently awarded a tender to Sinopec Fuel Oil Sales Co Ltd for oil trading works and the operation and maintenance of their oil tank terminal along with associated facilities.

Bunkering being an important part of the marine services portfolio offered by HIRead More",https://www.slpa.lk/port-colombo-page/51f225df1109451ddb8219afe38c91e0/59210bf778d38cace2b2f4df25ca6c47d442ac1c
SAGT engages Navis optimisation and analytics services,"Strategic Sri Lankan Port of Colombo terminal builds upon long-term Navis relationship to continue growth and handle bigger volumes





Navis, a part of Cargotec Corporation, and the provider of operational technologies and services that unlock greater performance and efficiency for the world&rsqRead More",https://www.slpa.lk/port-colombo-page/cfcad01bd0022bbd8cd7f05b3269c229/62bc652224a619bb49582e65cc488941d501738b
SLPA to purchase STS cranes for JCT 5 expansion,"The Sri Lanka Ports Authority (SLPA) was in the process of purchasing three Ship to Shore (STS) cranes in view of the Jaya Container Terminal (JCT) 5 expansion, Ports, Shipping and Southern Development Minister Sagala Ratnayaka said.

“The Sri Lanka Ports Authority (SLPA), upon Cabinet apprRead More",https://www.slpa.lk/port-colombo-page/6bfb35e3485febaaea9c0fda0b7f078d/6c1b2fe244e429425254e213938819372e65bd8b
ComBank adds SLPA to Online Banking Platform,Commercial Bank’s Chief Operating Officer Sanath Manatunge (extreme right) is joined by SLPA Additional Managing Director Upali De Zoysa and Director Operations Jayantha Perera (second and third from left) and the Bank’s Head of Digital Banking Pradeep Banduwansa (extreme left) at the ceRead More,https://www.slpa.lk/port-colombo-page/414059b331451eb389ed5bed0c56bcbe/2ee95cea5b3741958e9eb5a915b36d7d2c7d2d05
Largest oil field production asset calls Sri Lanka,"Dhirubhai-1 at the port

 




Hayleys Energy Services (HES), yesterday ushered in the first floating production storage and offloading (FPSO) asset to ever call Sri Lanka, in collaboration with the Hambantota International Port Group (HIPG).

The FPSO asset, Dhirubhai-1, is expected to be dockRead More",https://www.slpa.lk/port-colombo-page/44ff3a3daf46c5c00fa0c93e1813ab60/0dc3ba50fb9532c9e09f819882be6d2b7c05af28
Royal Navy ship HMS Montrose in Sri Lanka,"Commanding Officer of the Royal Navy ship HMS Montrose Commander Conor O’neill explained that the ship’s visit was part of their global deployment and that Sri Lanka was an important partner of the United Kingdom.

The Type 23 frigate arrived at the Colombo harbour on her way to BahraRead More",https://www.slpa.lk/port-colombo-page/0bd95fe70ebe4ecf46e4f33e61a449b9/d4df313d71df9c2a5a48979340c9a901258455f9
Luxury cruise ship 'Silver Whisper' calls at Sri Lanka's Colombo Port,"The luxury cruise ship, Silver Whisper, part of the Silver Sea Cruise liner company called at the Colombo Port in Sri Lanka on Monday carrying 300 high end luxury passengers who are on an around the world voyage.

The ship first called at the Trincomalee harbor on March 22, prior to docking at thRead More",https://www.slpa.lk/port-colombo-page/45e7edfdd12f4aaf948344eab548a89f/04285979acb160fecf6e0ee4f8b1541c597a331c
"PM visits Laugfs Gas Terminal, CMPort-SLPAŌĆÖs Hambantota Port","Prime Minister Ranil Wickremesinghe on Saturday visited the terminal belonging to Laugfs Gas in Hambantota as well as the China Merchant (CMPort) and Sri Lanka Ports Authority managed Hambantota port. He was detailed about the on-going developments in both ventures, toured the facilities as wellRead More",https://www.slpa.lk/port-colombo-page/b01d5c181c807fd7292e87d1d8834097/77198ebec53871bebc9dcedb7e233d49fe58b239
"Over 3,000 tourists arrive onboard two cruise ships to Sri Lanka","Over 3,000 tourists from Europe, Australia and Thailand arrived aboard two luxury cruise liners to Sri Lanka during the last two weeks reflecting increased interest in Sri Lanka since the launch of a new brand identity that amplifies Sri Lanka’s natural offering, wellness tourism and lessRead More",https://www.slpa.lk/port-colombo-page/57d873c0a400ba6aea22c637fb2bdd06/9356f346877dc577ffdd3305b7259f99f70bd317
Luxury cruise ship ŌĆśSilver WhispeŌĆÖr calls at Colombo Port,"The luxury cruise ship, Silver Whisper, part of the Silver Sea Cruise liner company called over to the Colombo Port on Monday carrying 300 high end luxury passengers who are on an around the world voyage.

The ship first called over at the Trincomalee harbour on March 22, prior to calling over atRead More",https://www.slpa.lk/port-colombo-page/1ac727ef187b6afb6112c92fce53e83a/6ec9edbd03b05ebdfddea2522f0146ebc8473dc2
Ship service between KKS and Karaikal discussed,"Launching a ship service between Kankesanthurai (KKS) harbor and Karaikal in South India was discussed at the Ports Authority office in Colombo on Tuesday (19).

Deputy Minister Abdullah Maharoof chaired the discussion with other senior officials of the Ports Authority.

The KKS harbour has beenRead More",https://www.slpa.lk/port-colombo-page/0c69280ad22da17e4983e0038f30cfc7/23a1a04ff03c84db0ecaef3590a814076e8dd5d2
Team SAGT welcomes A.P. M├Ėller ŌĆō M├”rsk A/S CEO Soren Skou,"Team SAGT (South Asia Gateway Terminals) welcomed A.P. Møller – Mærsk A/S CEO Soren Skou on his inaugural visit to Sri Lanka. SAGT CEO Romesh David accompanied Skou and Maersk Group representatives on the terminal visit, presenting the enhanced value proposition the Port of ColRead More",https://www.slpa.lk/port-colombo-page/a2b20136494f1b432d0141abbfdb6935/f568fad14bb46e8d9355b58464ef43fe8f89ea67
Three STS cranes for Jaya Container terminal,"Three Ship-to-shore (STS) cranes are to be purchased to increase the Deep Berth Capacity of the Jaya Container Terminal at the Colombo Port.

The project will be implemented by the Sri Lanka Ports Authority to increase the capacity of the Deep Berth Capacity of the Jaya Container Terminal (JCT) aRead More",https://www.slpa.lk/port-colombo-page/b20c7c39922db857d8fe451443bb52e2/6446d7a9baf2e3fc88f6d16d279bc169a8e642f7
New Ports and Shipping Minstry Secretary,"Former Navy Commander Admiral Sirimevan Ranasinghe assumed duties as the new Secretary to the Ministry of Ports and Shipping and Southern Development at the Ministry on Monday morning. Admiral Sirimevan Ranasinghe served as the Commander of Sri Lanka Navy from October 26, 2017 until his retiremenRead More",https://www.slpa.lk/port-colombo-page/399098905219787ff295075b02da5a6f/def7424a31b4cd348c8e688011724c97b669217b
SLPA fetes retired employees for outstanding service,"An employee is being awarded with a gold medal by Minister of Ports and Shipping and Southern Development, Sagala Ratnayaka, Kavan Ratnayaka Chairman of SLPA, Captain Athula Hewawitharana Managing Director, P. Ranathunga Director (Human Resources) and Nirmal Fonseka Chief Manager (Human Resources) aRead More",https://www.slpa.lk/port-colombo-page/b184ac86ab3693f18c7bab8aa73a50ae/6f876ae22c53276d0be9338afc7f0be748cb5fc5
CILT PAYS A COURTESY CALL TO NEW SLPA CHAIRMAN,"Chairman SLPA, Kavan Rathnayake with CILT members

 




Senior officials of the Chartered Institute of Logistics and Transport (CILT) Sri Lanka last week paid a courtesy call on the new Sri Lanka Ports Authority Chairman Kavan Rathnayake. Chairperson CILT Gayani de Alwis, CMILT, InternationalRead More",https://www.slpa.lk/port-colombo-page/c444a564c02c4384229a344ebd746ae5/7411a0d9ce7b317e746fce12205eb63e52e1f6be
The remarkable female crane operators at Port of Colombo,"Female gantry crane operators at Colombo Port

 


Harshani

Dilki Poojani


 




It is a remarkable story. They have earned exceptional life experience to narrate their precedential journey at this early age. The path they walk is an inspiration for female empowerment and gender balance,Read More",https://www.slpa.lk/port-colombo-page/1b1997d200c39ec713ec7a2540297cae/ef48111aaf462e1ecc6ffb3365767a9d03c0c534
Port sector decision-making process / Pressure to overcome delays - Ports Ministry,"Ports, Shipping and Southern Development Minister Sagala Ratnayaka said the ministry would examine would delays in decision-making in the ports sector in the past few years, as the first step in correcting its course.

“Colombo Port has reached its full capacity and the growth, quite naturaRead More",https://www.slpa.lk/port-colombo-page/66362317b348b2d57c6315c4977c532d/fd7a14e70acf4b1eb3cc9f44b1529fe47ce7f2b7
"better the balance, better the world - The benchmark for gender equality",Read More,https://www.slpa.lk/port-colombo-page/03aab343ad5c951002177c1ee6e2c74b/25e5f2195e9ffd248df3c0586f25bdd5f31ce0bc
Bangladesh Naval Ship Dhaleshwari departs Colombo harbour,"Bangladesh Naval Ship (BNS) Dhaleshwari which arrived in the island on a goodwill visit on 03rd March, departed the Colombo harbour on 06th March after the successful completion of her four-day official visit.
(Ceylon Today - 08032019)Read More",https://www.slpa.lk/port-colombo-page/7c91aef358c73ed9fdc53aa984a13afd/bee5e38ba791c72016d0e130a3c9d25e9fb3816c
US Delegation Visits Hambantota Port,"From left, Senior Defense Officer/Defense Attaché, Lt. Colonel Douglas Hess, US Ambassador to Sri Lanka & Maldives, Ms. Alaina B. Teplitz, COO of Hambantota International Port Group (HIPG), Tissa Wickremasinghe, Rear Admiral Jayantha de Silva, HIPS and US

 




A delegation headed bRead More",https://www.slpa.lk/port-colombo-page/0e9e71f02d050edd424c1c050c50b668/81541e60b8d2c5e64a329199407784744e5f4772
The final workshop on National Port Master Plan realizes a promising and   efficiently sustainable future for SL commercial port sector,"From Left: Country Director of the Asian Development Bank (ADB) – Ms.Sri Widowati, Secretary of the Ministry of Ports, Shipping and Southern Development – Dr.Parakrama Dissanayake, Hon.Minister of Ports, Shipping and Southern Development Sagala Ratnayaka and Chairman of Sri Lanka Ports ARead More",https://www.slpa.lk/port-colombo-page/80884ea547de547171e5783eab68f753/b0848911d6b939385a41752c1058fc1e977d2c82
A special Maersk delegation at SLPA,"A special foreign delegation headed by Mr.Soren Skou – Chief Executive Officer, A.P. Moller – Maersk recently visited Sri Lanka Ports Authority (SLPA). The delegation had special discussions with the Managing Director of SLPA Capt. Athula Hewavitharana. The delegation also included MrRead More",https://www.slpa.lk/port-colombo-page/3f7ab5bdaa04fdc86fade09334b1c8eb/55a616a3b21a4c0852c38b0de08ea55f99ab68fd
Minister urges quality training for prospective seafarers,"On the invitation of Capt. Ajith Peiris, the Executive Chairman of Ceyline Group and Chairman/President of CINEC Campus, Minister of Ports and Maritime Affairs Sagala Ratnayaka visited the campus premises on February 6, 2019.

Addressing the audience, the Minister emphasized the importance of qRead More",https://www.slpa.lk/port-colombo-page/3494a0f9ebd5bed4ae1e5a709475923d/b8f097a49d507af3fc32b7bac87c987771fdd0c5
ICT drive to make Colombo Harbour ŌĆśSmart PortŌĆÖ,"Colombo Harbour.

 




A full-scale IT infrastructure drive is currently underway to transform Colombo, Sri Lanka’s busiest port, into a ‘Smart Port,’ Ports, Shipping and Southern Development Minister Sagala Ratnayaka announced yesterday (25).

“Transforming Colombo intRead More",https://www.slpa.lk/port-colombo-page/f5343c2aa3d2bf777f301e86990eded8/62a4f9618a9b920d42dca372fe28a57ee8f08292
Port of Colombo to Become a Smart Port in 18 Months,"Rs. 929 Million Allocated for Upgrades to Terminal Management and Cargo Systems


 

A full-scale IT infrastructure drive is currently underway to transform the Port of Colombo — Sri Lanka’s busiest port — into a ‘Smart Port’, Honourable Minister of Ports, ShippiRead More",https://www.slpa.lk/port-colombo-page/b9f9b32bf54cb700265909a60c04e70b/cf4ee0ab2b8362a9794fa1e815129911c8178fd7
Global Ports Forum awards SAGTŌĆÖS Dhashma as Most Inspiring Woman in Ports,"South Asia Gateway Terminals Commercial and Marketing Manager Dhashma Karunaratne receives the award from Mohammed Sharaf, Assistant Minister of Foreign Affairs and International Co-operation for Economic and Trade Affairs of UAE in the presence of Global Ports Forum Chaiman Thiomas Ng

 




KRead More",https://www.slpa.lk/port-colombo-page/cc84d78e9dcf244212244f43bef069fe/0f1cd522aded1d7ea78e4fea537345395300f240
So Sri Lanka IRONMAN 70.3 Colombo concludes on high note,"So Sri Lanka IRONMAN 70.3 Colombo commenced at 6.15 a.m. yesterday with the participation of 775 tri-athletes. The race began with a 1.9 km swim in Galle Face, followed by a 90 km three-loop through the Colombo Port, Colombo Fort Area and Marine Drive, and finished with a two-loop half marathon tRead More",https://www.slpa.lk/port-colombo-page/985ac2209c69786686f26ac16429c29f/eb4261df872976589b6213e4b32576438f6a845c
SLPA wins second consecutive GPF Ports Authority of the Year 2019 award,"SLPA Logistics, Marketing and Business Development Director Upul Jayatissa and SLPA Communication and Public Relations Chief Manager Nalin Aponso receives the Ports Authority of the Year 2019 award on behalf of the SLPA from UAE Assistant Foreign Minister for Economic and Trade and Dubai Ports WorldRead More",https://www.slpa.lk/port-colombo-page/978d9a99be6eccb8128f50f27e4fec55/ab0d36de1009cd901e343f6e499b493c79093a57
ADB-supported Master Plan to steer port development until 2050,"Minister Sagala Ratnayaka

 


	Oluvil Harbour to be handed over to Fisheries Ministry: Sagala


 




Ports Shipping and Southern Development Minister Sagala Ratnayaka said a master plan supported by the Asian Development Plan (ADB) would lay a robust foundation for the ports and maritimeRead More",https://www.slpa.lk/port-colombo-page/88cac301691dade3e552dfb7feef9219/c3275ac52fb762a3d111b0ce8bba4588d19e28e1
Sagala assures to fast track port development plans,"Port, Shipping and Southern Development Minister Sagala Ratnayaka 

 


	Believes SLPA master plan will lay a robust foundation for ports and maritime sector development till 2050
	Ministry still undecided on East Container Terminal development, West Container Terminal to get a LNG plant
	TermiRead More",https://www.slpa.lk/port-colombo-page/403943ed376950405fd92c00d10fa564/ed99c11a0514a4a2b98d58a58e9e24da63e04408
Hat- trick for team SAGT at Global Ports Forum in Dubai,"SAGT General Manager Operations Upul Jinadasa being presented the award by UAE Foreign Affairs and International Co-operation for Economic and Trade Affairs Assistant Minister Mohammed Sharaf in the presence of Global Ports Forum Chairman Thomas Ng 

 


	Recognised as ‘Best Terminal in tRead More",https://www.slpa.lk/port-colombo-page/c67c4a879e5a5e300f198ae2af5a142c/6b7af584f7ebb225aa1c5f7a3de22513879fd9f7
SLPA launches news website,"Minister Sagala Ratnayaka launches the SLPA news website, while Ministry Secretary Parakrama Dissanayake looks on.

 




The Sri Lanka Ports Authority (SLPA) launched a news website yesterday under the patronage of Ports, Shipping and Southern Development Minister Sagala Ratnayaka.

Minister RRead More",https://www.slpa.lk/port-colombo-page/78a23a38676a590d100b26cb15132766/8d96a85f707fd55d2dc4a81279a596ce6d45cbc5
MS Queen Mary arrives in Colombo,"MS Queen Mary

 




Luxury cruise ship MS Queen Mary 2 marked its maiden voyage to Colombo. Measuring 1132 feet long, MS Queen Mary 2 is one of the largest cruise ships to arrive at Colombo’s shores. The luxury cruise ship arrived at Colombo East Terminal carrying more than 3,800 passengRead More",https://www.slpa.lk/port-colombo-page/52623a0a14342041f586e38a364ee147/9161dc130e85a6b2f86f860d75cf2a979ae69343
Sri Lanka Ports Authority partners with Ironman 70.3,"Around 739 athletes from 58 countries will swim, cycle and run, covering a distance of 113 kilometres or 70.3 miles in the event.

 




Sri Lanka Ports Authority is pleased to announce its partnership with the Ironman 70.3, one of a series of long-distance triathlon races, going to be held inRead More",https://www.slpa.lk/port-colombo-page/edff4e209361af66c621384f97aebebc/ba4d1b9e32b18712e09eaf2d99eeff1f936460aa
CILT anchors Road Show at Hambantota International Port Group,"Participants from HIPG with the CILT team at the Road Show

 



CILT Team with HIPS CEO and HIPG GM




The Chartered Institute of Logistics and Transport (CILT) Sri Lanka held its first road show for the year at the Hambantota International Port Group (HIPG) head office on 25 January. CILT SrRead More",https://www.slpa.lk/port-colombo-page/948bec75159a994fcfa30889efdc0b2c/c41aa44da33615a9bd9e52676897078145407acd
US Coast Guard trains Sri Lankan port officials,"The US Coast Guard (USCG) conducted a port security capacity building programme at the Colombo Port with more than 25 Sri Lankan port officials from February 11 to 13, the US Embassy said today.

In a statement, it said the event strengthened the port’s security capabilities through drillsRead More",https://www.slpa.lk/port-colombo-page/16c2fed89ac1fb3ea88ae8a5de975ead/bebe0fa66d63ce2a310eac11ad5c10b9ef6b00a8
MV Beijing Bridge under AGI Service makes maiden call at JCT,"MV Beijing Bridge at the Jaya Container Terminal of Sri Lanka Ports Authority 

 



SLPA Additional Managing Director Upali De Zoysa presenting the plaque to MV Beijing Bridge Master Capt. Rodie Barcoma. SLPA Director (Logistics and Marketing) Upul Jayatissa, SLPA Chief Operation Manager (CO)Read More",https://www.slpa.lk/port-colombo-page/0f7c7ba971457b401dcfdbeeca550386/ebe8bcb48a8c5f4dad40cf9c8481b3fe7e86e477
Vibrant economic hub around KKS Harbour: commercial operations to begin with Indian assistance,"Prime Minister Ranil Wickremesinghe yesterday said steps would be taken to develop a vibrant economic hub around the Kankesanthurai Harbour that would be transformed into a commercial port with Indian assistance.

Wickremesinghe visited the Kankesanthurai area yesterday to discuss the implementatRead More",https://www.slpa.lk/port-colombo-page/e79450d5c30219dd70e2fcdb12a8d7b8/b8f6c17b7191e3c2c2c9f839d0a5c8a9630e821e
Galle Harbour to be developed into tourism port,"Sagala says transformation will not be at the expense of historic value

Ports, Shipping and Southern Development Minister Sagala Ratnayaka said on Tuesday the Galle Harbour, one of Sri Lanka’s oldest harbours, would be transformed into a tourist port under a comprehensive development plan.Read More",https://www.slpa.lk/port-colombo-page/63640b1fa4c197dc8d1b11d636cd7fc2/b0e97863c99eb6f5525747af4a22f4ab9ca02425
SLTPB partners with Ironman to boost SL tourism,"From left: Sri Lanka Tourism Promotion Bureau Managing Director Dushan Wickramasuriya, Sri Lanka Tourism Promotion Bureau Director – Events Prasad Daluwatte, Sri Lanka Tourism Promotion Bureau Chairman Kishu Gomes, Event Director and Pro Am Serendib Director Rajan Thananayagam, Pro Am SerendibRead More",https://www.slpa.lk/port-colombo-page/22f96f37b5ab145e1a8e3327b4bac7d1/f43f7cc0737e6e388443b952272fa2c03b4eb6a7
Minister on Inspection Tour at Port of Colombo,"Ports, Shipping and Southern Development Minister Sagala Ratnayaka yesterday ( 11 February 2019) went on an inspection tour at the Colombo Port. The Minister visited the Jaya Container Terminal (JCT), passenger terminal, storage facilities, kitchen, medical centre, the fire response unit and accoRead More",https://www.slpa.lk/port-colombo-page/502492c2f99174edb2f5e768ec477c72/788a2d70dd179eb8e0609929db98349098570cbb
SECURITY TO BE BEEFED UP AT COLOMBO PORT: SAGALA INSTRUCTS SLPA TO COORDINATE WITH POLICE AND CUSTOMS,"Ports, Shipping and Southern Development Minister Sagala Ratnayaka has instructed the Sri Lanka Ports Authority (SLPA) to beef up security in and around the Colombo Port in view of ongoing raids on drug dealers and traffickers across the country.

The Minister has told the SLPA senior managementRead More",https://www.slpa.lk/port-colombo-page/3c7b21771441e92be819ac7e257072a4/63d5294834c9ebec2395d7e753f00407abe97be8
Colombo Port to invest in new equipment to speed up operations,"The Colombo Port has embarked on a major infrastructure drive as the Sri Lanka Ports Authority (SLPA) is set to receive fourteen new terminal tractors that will substantially increase the efficiency of the country’s busiest port.

Ports, Shipping and Southern Development Minister Sagala RatRead More",https://www.slpa.lk/port-colombo-page/b573bdf68bb077d6f44cfb157ca70f8d/84914ab9818788483d2cb5a6f169673e5e7a5e82
Colombo Port Embarks On Infrastructure Development Drive,"14 New Terminal Tractors To Increase Efficiency





Colombo Port has embarked on a major infrastructure drive as the Sri Lanka Ports Authority (SLPA) is set to receive fourteen new Terminal Tractors that will substantially increase the efficiency of the country’s busiest port.

Ports, ShippRead More",https://www.slpa.lk/port-colombo-page/1dde091364dc5d6c822922a85d2ae977/a10143c5188e23e527574c45af474c1299d49815
Bulk Carrier with consignment of slag sails into Hambantota port,"Bulk Carrier ‘Ithaca Patience’, sailing under the flag of Panama, steamed into the Hambantota sea port carrying a stock of slag, a recovered industrial by-product of iron blast furnaces, used as a supplementary material in the manufacture of cement concrete.

Chief officer of the HambRead More",https://www.slpa.lk/port-colombo-page/aaafef6e5b610c62e40ed19cbd75d89e/16a167cc0503b7f5772b69e164b2caeadf165a02
Sagala to study two reports on ECT before making final decision,"Ports and Shipping Minister Sagala Ratnayaka said he had given time to the new Board of Directors of the Sri Lanka Ports Authority to present their plans on the Eastern Container Terminal (ECT) project and the development of other key ports.

Speaking to the media at the Colombo Port after a brieRead More",https://www.slpa.lk/port-colombo-page/1186d6290a2ba6ef9ccc8ade49094fcb/45a8a9f722d8a31a228f08240bf9c5d3f2808e85
ComBank enables online payment of Ports Authority charges,"The Commercial Bank of Ceylon has added the Sri Lanka Ports Authority (SLPA) to its Online Banking platform, enabling customers to pay their Ports Authority charges in respect to their shipping requirements from anywhere, 24 x 7, 365 days of the year. To use this online payment option, customersRead More",https://www.slpa.lk/port-colombo-page/621449698b145827942838678e28e3e2/ca1c6738946ee27545f147ae751aeedbe4278d93
SLPA signs agreement with Colombo Dockyard to built two pilot boats,"SLPA Chairman, Kavan Ratnayaka and Colombo Dockyard, Managing Director/CEO, D.V. Abeysinghe exchanging the agreement flanked by officials of SLPA and CDL

 




The Sri Lanka Ports Authority (SLPA) has signed an agreement with the Colombo Dockyard PLC, to build two pilot boats for the Port of CRead More",https://www.slpa.lk/port-colombo-page/a3c6f1768dc1d51e0c9513f53ec7c976/ee6599c09677fadf342f027f5b020a99d90cca48
Final draft of national policy on Maritime and Logistics sector accomplished,"Dr. Parakrama Dissanayake, Secretary to the Ministry of Ports and Shipping and Southern Development presents the final draft of the National Policy for Maritime and Logistics Sectors to Minister of Ports and Shipping and Southern Development Sagala Ratnayaka.

 




To understand the importanceRead More",https://www.slpa.lk/port-colombo-page/7e99edd8b4e3af6e9b767c6a6658d797/92abe77c515a59dacc6f72e5f506804005c79d5e
Cabinet To Review Tariff After Committee Report,"Ports, Shipping and Southern Development Minister Sagala Ratnayaka said the implementation of the proposed port tariff revision will be deferred until March 15 considering concerns raised by multiple industry stakeholders.

The Cabinet ratified the decision today after a Cabinet memorandum presenRead More",https://www.slpa.lk/port-colombo-page/0a994d8d9f3f037a3ca869ff09ad6294/01a06e6e30881221ce03f11aa36face33fef8b06
Trincomalee and Galle harbours to operate 24/7 with night navigation,"Trincomalee and Galle harbours will operate 24/7 with night navigation before the end of this year, Ports, Shipping and Southern Development Minister Sagala Ratnayaka said.

The Minister said the Trincomalee harbour, a natural resource with immense economic potential will have night navigation inRead More",https://www.slpa.lk/port-colombo-page/7d4f8b9705f96df3633746c7f91aa3fa/e8642d89f8729b68b2e9813361cbc26cf06aa5d5
KKS Harbour To Handle General Cargo In Three Years,"The Kankesanthurai area will undergo a major transformation with the Sri Lanka Ports Authority set to launch the Indian-funded Kankesanthurai harbour development project.

Prime Minister Ranil Wickremesinghe, Ports, Shipping and Southern Development Minister Sagala Ratnayaka and other senior offiRead More",https://www.slpa.lk/port-colombo-page/115b3b1eaee55ea381b5b2f5b26180ba/032b248f3fb9305d9dc3a9e9995389a6d4919695
Plan for artificial island at Hambantota port in two months,"The master plan for creating an artificial island at Hambantota port by the British ATKIN group will be out in two months, the Sunday Observer learns.

According to the guidelines by the Hambantota International Port Group (HIPG) and Hambantota International Port Services (HIPS), two companies maRead More",https://www.slpa.lk/port-colombo-page/b76e57ca791908d5368257df1ebf0f0f/db5f219ddbc98c61e37fb68d48d1b34794c804e3
Slag cargo ship at Hambantota Port,"The Hambantota International Port (HIP) scored another first when the Ithaca Patience docked in the harbour recently to discharge 27,150MT of slag cargo, an additive used in the manufacture of cement. The operation was successfully completed with high levels of efficiency, peaking at 11,000 MT onRead More",https://www.slpa.lk/port-colombo-page/cd05ba71d065941d8befaabbe9e7bee3/783d6e826f751e84a369c0366cd72551f687b367
"Mr.Kavan Ratnayaka assumes duties as the Chairman, Sri Lanka Ports Authority (SLPA)","Mr.Kavan Ratnayaka assumes duties as the Chairman of Sri Lanka Ports Authority (SLPA). Hon.Minister of Port, Shipping and Southern Development Sagala Ratnayaka, Gampaha District Hon.Member of Parliament – Kavinda Jayawardhane, the Managing Director of Sri Lanka Ports Authority (SLPA) – CRead More",https://www.slpa.lk/port-colombo-page/b8ee0273a0fef8b6f68783c8781aa8b4/db4b9145f11a078e78a3d5d1ddf3c1c9e0667f6c
Deputy Minister of Ports assumes duties,"Ports and Shipping Minister Mohamed Abdullah Mohamed Maharoof assumed duties yesterday. Ports and Shipping and Southern Development Minister Sagala Ratnayaka, Secretary to the Ministry of Ports and Shipping and Southern Development Dr. Parakrama Dissanayake and several representatives joined the eveRead More",https://www.slpa.lk/port-colombo-page/04b3592f55969dcc42a45a06ec538f78/339c8129b2c0154c77b27f70445f19d5c0134dd3
First-ever Colombo International Logistics Conference on 1 and 2 Aug.,"Trincomalee Port

 



 

Ports City and Port of Colombo



Hambantota International Port


	Hidden gem of a logistics centre and a megapolis in the Indian Ocean
	A conference to understand South Asia’s logistics market beyond 2020
	Lonely Planet’s No. 1 destination for travelRead More",https://www.slpa.lk/port-colombo-page/5e353e6c2d7c2fd17407d10e41027e66/9b3ab83124ec53e79fb47045c9bdcf03d0deda82
Hambantota International Port places Sri Lanka on world maritime map,"Says marked first year of operation with stellar performance





The Hambantota International Port (HIP) said yesterday it saw an increase in vessels docking at the port on the first week of the New Year.   One of the region’s top multipurpose ports, HIP is currently handling a nuRead More",https://www.slpa.lk/port-colombo-page/db09523ff6bd2e2454723a06aa201a80/a808357f573cdab1ced72b2b0e1007122c7aea31
Hull 089 to call at Colombo Port,"M/V Saint John Paul II, (Hull 089) afloat at the Incat shipyard in Hobart, Tasmania, will call at Colombo Port later this month for refueling during its maiden voyage to Malta.

According to Malta Independent, it is due to be delivered to ship owners Virtu Ferries on January 24 and a few days latRead More",https://www.slpa.lk/port-colombo-page/461d9d1d2fceca29277023791ce2029b/cca9e9dde2e184e58bb286ae88da4a0132c9d297
SOUTH ASIA GATEWAY TERMINALS JOINS WORLD OCEAN COUNCIL,"South Asia Gateway Terminals (SAGT) strengthened its commitment to responsible and sustainable operations by joining the World Ocean Council (WOC), the global Blue Economy Business Organization.

SAGT CEO Romesh David said, “Ports play a critical role in ocean development sustainability andRead More",https://www.slpa.lk/port-colombo-page/a4755c1ed417c90b735b89ee90d16910/fac41795df93df97d89c0fbca37a5e8b10ef45f6
Night navigation to be introduced in Trincomalee harbour,"Night navigation would be introduced for the first time to the Trincomalee harbour from next April.

An official from the Sri Lanka Ports Authority (SLAP) said this would make the Trincomalee harbour operational 24 hours.

An official from the Sri Lanka Ports Authority (SLAP) said this would makeRead More",https://www.slpa.lk/port-colombo-page/bf23e3a284bbb3d44ffc9078733b4fa7/376a3a438dddf5e16a977211d25f41b4d7756a5a
Bangladesh garment exporters keen on Colombo port,"Bangladeshi garment exporters are keen on using the sea port in Colombo as it would save them time and money.

“In the era of fast fashion a shorter lead time gives you a competitive edge as there are so many competitors,” said Siddiqur Rahman, president of the Bangladesh Garment ManuRead More",https://www.slpa.lk/port-colombo-page/5198df869306d4606d6b66a4ef8d9686/ed9bf68820e20debb7fe7b79068ed101930a551d
Super luxury Marella Discovery makes her maiden call to Colombo,"Sri Lanka Port Authority, Aitken Spence Shipping and Aitken Spence Travels officials with Marella Discovery Master Capt. Christopher N. Dodds at plaque exchange ceremony

 




	Brings along 1, 732 passengers and 764 crew members 


 

 




Super luxury passenger vessel M.V. MarRead More",https://www.slpa.lk/port-colombo-page/b196130c815ae898f2c7dc14f68b5e7b/8c28214999e6a9da93e9e0212a7e38753f9bac38
"ŌĆ£Dedicated contribution and honesty  impetus in the journey towards the goal of successŌĆØ ŌĆō Sagala Ratnayaka, Minister of Ports, Shipping and Southern Development","Hon.Minister of Ports, Shipping and Southern Development Sagala Ratnayaka addressing the gathering.

 


Employees of SLPA reading the Pledge of Public Service to commence the year 2019. Hon.Minister of Ports, Shipping and Southern Development Sagala Ratnayaka and the Secretary to the MinistryRead More",https://www.slpa.lk/port-colombo-page/cf477e9e5bf30667bf42185fcbd9cdbd/ef1c655699560497210d333474f62909c27e2e6e
"The minister of Ports, Shipping and Southern Development, Hon. Sagala Rathnayake  made a familiarisation visit to the Port of Colombo.","Chief of staff to the Prime Minister, Minister of Ports, Shipping and Southern Development Hon. Sagala Ratnayaka made familiarization visit to the port of Colombo, recently (28). Hon. Minister visited the Chairman’s office, Harbour Master’s Office, Pilot Station, JCT Administration BuRead More",https://www.slpa.lk/port-colombo-page/e5d9c2b40e398d14e210b6ca2ef8d131/49ef2c35b06ac2cc3bdeb7f3aa17ad5b5b4e0969
The Port of Colombo handles record breaking 7 millionth TEU,"Hon. Minister of Ports, Shipping and Southern Development Sagala Rathnayake signals for the operation of 07 millionth TEU. The Secretary of the Ministry of Ports, Shipping and Southern Development and Chiarman of Sri Lanka Ports Authority (SLPA) – Dr.Parakrama Dissanayake and Director OperatioRead More",https://www.slpa.lk/port-colombo-page/b1aef197c8a91e6156b774b7d4ecb27c/69e6c9b849425e2fa7009f7cb01d6b8f779396a2
Dr. Parakrama Dissanayake deserves post of Secretary to Ministry of Ports and Shipping,"Dr.Parakrama Dissanayake

 




I was very happy to learn from your esteemed paper of 24 December that Dr. Parakrama Dissanayake has been appointed the Secretary of the Ministry of Ports and Shipping and Southern Development.

Dr. Dissanayake’s performance as Chairman has been excellent aRead More",https://www.slpa.lk/port-colombo-page/9a5c4caaf0b778c0383ba19e1a379942/9beee5987059422256fae1ac8b68b66860a8e71d
"Ports and Maritime Affairs Professional as Secretary Ports, Shipping and Southern Development","Dr Parakrama Dissanayake receives the appointment as the Secretary to the Ministry of Ports & Shipping and Southern Development by His Excellency the President Maithripala Sirisena

 




Dr Parakrama Dissanayake, Chairman, Sri Lanka Ports Authority (SLPA) was appointed as the Secretary toRead More",https://www.slpa.lk/port-colombo-page/0e52a162e7c767b6b9061574831b2f66/f4617d36ca8f4c4515c78871d8e1fbbf083ecba4
HON. SAGALA RATNAYAKA MINISTER OF PORTS & SHIPPING AND SOUTHERN DEVELOPMENT ASSUMED DUTIES.,"The newly appointed minister of Ports & Shipping and Southern Development Hon. Sagala Ratnayaka assumed duties at the line ministry today, (21).

After the welcoming ceremony Minister Sagala Ratnayaka who addressed the gathering said that our country went through an extensive political crisisRead More",https://www.slpa.lk/port-colombo-page/e505f18327a01c06b17540378710afea/0075357d73a700e5ab79ca813b5bd7aa9b6b28c4
USS Rushmore arrives at Port of Colombo,"United States Naval ship USS “Rushmore” arrived at the Port of Colombo on Friday (21), on a goodwill visit. The ship was welcomed by the Sri Lanka Navy in accordance with naval traditions. The 185m long vessel which has a displacement of 18,000 tons is manned by 380 officers and sailoRead More",https://www.slpa.lk/port-colombo-page/969e8480326baf7181aa665c3246f974/684f568e9cf04ecb25757fd9473dc9600d68ee22
USS Rushmore arrives at Port of Colombo,"United States Naval ship USS “Rushmore” arrived at the Port of Colombo on Friday (21), on a goodwill visit. The ship was welcomed by the Sri Lanka Navy in accordance with naval traditions. The 185m long vessel which has a displacement of 18,000 tons is manned by 380 officers and sailoRead More",https://www.slpa.lk/port-colombo-page/8692f1ef2e26ac8dd7abf02b0a70c970/6d1ca2742371888a6789e08fe0ca7fe1023ea006
"Parakrama first-ever industry professional to be made Ports, Shipping, and Southern Development Secretary","Ministry of Ports, Shipping, and Southern Development Secretary Dr. Parakrama Dissanayake gets his appointment letter from President Sirisena.

 




Top industry professional Dr. Parakrama Dissanayake has been appointed as the Secretary to the Ministry of Ports, Shipping, and Southern DevelopmRead More",https://www.slpa.lk/port-colombo-page/af77640206a5667f614535aa5121beba/2a0ad3b5409139a239c826ff8832dbf48088ca06
Super luxury cruise liner MS Le Laperouse latest to call at Colombo Port,"At the ceremony, the new website of the Sri Lanka Ports Authority was also launched by President Sirisena. Similarly the operations of the Container Freight Station were also opened by the President himself. Addressing the Ports Authority employees, the President noted that it’s everyone&Read More",https://www.slpa.lk/port-colombo-page/6813e8027dba344d1bff3d89b8e9fa19/40e1f79e4bed9251c13891421962f960081a590e
INS ŌĆśJamunaŌĆÖ arrives at Colombo harbour,"The hydrographic survey ship “Jamuna’ of the Indian Navy arrived at the Colombo harbour yesterday, with a view to undertaking hydrographic surveys in Sri Lankan waters. Sri Lanka Navy welcomed the ship in compliance with naval traditions, upon her arrival. Assistant Defense Attach&eacRead More",https://www.slpa.lk/port-colombo-page/6a6954912e99f747cb4d0d4f83941dca/4ea2b68ed056a55216bda9af76a0ceb68fa34596
Indian hydrographic ship arrives to undertake joint survey from Colombo to Galle,"The hydrographic survey ship ""Jamuna’ of the Indian Navy arrived at the Colombo harbour yesterday (20th December), with a view to undertaking hydrographic surveys in Sri Lankan waters. Sri Lanka Navy welcomed the ship in compliance with naval traditions, upon her arrival. Assistant DefRead More",https://www.slpa.lk/port-colombo-page/3a1514d2df4e423a35692a9c2459213b/d433b830e844682d14821392058eeb0d1b19262b
Russian Naval squadron arrives in Colombo,"The Russian Naval ships Varyag, Admiral Panteleev and Boris Butoma arrived at the port of Colombo on a goodwill visit yesterday (20). Sri Lanka Navy welcomed the trio of ships in accordance with naval traditions, upon their arrival.

The ship Varyag is an 187m long platform with a crew of 529. AdRead More",https://www.slpa.lk/port-colombo-page/0e5b4250ad1a242c220581cbbe054e8c/03ac9cda58873fb04caae38d40054f725e49091f
SAGT breaks through 2 million TEU in 2018,"South Asia Gateway Terminals Ltd. (SAGT), Sri Lanka’s first Private-Public Partnership (PPP) and a flagship venture of the Board of Investment (BOI), has achieved an impressive two million TEU (20-foot equivalent container units) in a calendar-year for the first time yesterday.

SAGT commenRead More",https://www.slpa.lk/port-colombo-page/3e51df5c1bfb1b5f85b1c6582b875ddc/ce39682b5ed7e249953e4cf4cfd077a61287915e
First global feeder ship under new agent calls at Port of Colombo,"From left: GFS Lanka Managing Director Mevan Peiris, GFS Lanka General Manager Azad Rawdin, Harbour Master Capt. Nirmal Silva, Ceyline Group Executive Chairman Capt. Ajith Peiris, Master of the Vessel Capt. Rajpal Singh Sandhu, SLPA Managing Director Capt. Athula Hewavitharane, GFS Dubai OperationsRead More",https://www.slpa.lk/port-colombo-page/7a4314646f22d6b1805bc556997b5043/5527ef758f71b0be80928fd76f39f500cee72351
Colombo Dockyard constructs underwater restaurant structure to be commissioned in the Maldives,"The Colombo Dockyard PLC (CDPLC) recently successfully handed over the Underwater Restaurant Structure constructed to be commissioned at a tourist resort, ‘YOU AND ME by Cocoon Maldives’, in the beautiful Uthuru Maafaru Islands in the west coast of Raa Atoll in the Republic of MaldiRead More",https://www.slpa.lk/port-colombo-page/52697ef51faa3a59a2770cb290bd7e9d/fa7a745fbd423622a1fd875df9813f54748c2b54
First global feeder ship under new agent calls at Port of Colombo,"From left: GFS Lanka Managing Director Mevan Peiris, GFS Lanka General Manager Azad Rawdin, Harbour Master Capt. Nirmal Silva, Ceyline Group Executive Chairman Capt. Ajith Peiris, Master of the Vessel Capt. Rajpal Singh Sandhu, SLPA Managing Director Capt. Athula Hewavitharane, GFS Dubai OperationsRead More",https://www.slpa.lk/port-colombo-page/1840263d08ce9372d831175bf308e6c1/b04988fcb1636250bf9e0eed0d40d66c6f119174
High-profile U.S. delegation visits Port of Colombo,"SLPA Managing Director Capt. Athula Hewavitharana, SLPA Additional Managing Director Upali De Zoysa and SLPA Harbour Master Capt. Nirmal Silva also attended the occasion.

 




A high profile delegation of the United States (U.S.) made a special visit to the Port of Colombo on December 13, 201Read More",https://www.slpa.lk/port-colombo-page/ee977d695d8d294aa4dfffa8384c3e86/55a647462cfa96678bb3813bc19d26a0198cc879
Norwegian Ambassador visits Colombo Dockyard,"Group Photo from left: CDPLC SRB GM Benny Fernando, CDPLC MD/CEO D.V. Abeysinghe, Royal Norwegian Embassy Ambassador Thorbjorn Gaustadsaether, Royal Norwegian Embassy Senior Advisor Commercial Cooperation Dharini Shamali Daluwatte and CDPLC Shipbuilding Marketing Head Prince Lye

 




ColomboRead More",https://www.slpa.lk/port-colombo-page/03d45934f0ef976cae859375cf5d286e/304b38a8f99a392eac8899670f7802dd983f9bca
Hayleys Energy Services commences SLŌĆÖs first oil and gas drillship lay-up at Hambantota IntŌĆÖl Port,"The Hayleys Energy Services team with drill ship Aban Abraham at the Hambantota International Port

 



 




Hayleys Energy Services (HES), the pioneer in oil and gas support services in Sri Lanka, announced the arrival of the oil and gas drillship ‘Aban Abraham’ for a warm lRead More",https://www.slpa.lk/port-colombo-page/3c98b3a8f6d56944200b8650a74f38d1/6cf4fa615adda424aff0872b3bf03c4bc6cb882e
Colombo Port performance: CASA lauds SLPA,"Expediting East Port, the priority - Mr. Iqram Cuttilan Vice Chairman, CASA

 




The Ceylon Association of Shipping Agents ( CASA) yesterday lauded the Sri Lanka Ports Authority ( SLPA) for its epoch making performance at the Colombo Port, but stressed that the need of the hour was to expeditRead More",https://www.slpa.lk/port-colombo-page/bc7bb01e25fadb778f5877d3647d9031/c3f3f6f7cb36944bce1840a636bc236143c5c2a0
CICT to enhance Colombo PortŌĆÖs deep water capacity by March 2019,"Deepwater capacity expansion

 





	Announces addition of 2 new mega QGCs, 6 RTGs & 12 Prime Movers to enable handling of 22,000+ TEU vessels


Colombo International Container Terminals (CICT) yesterday announced a significant equipment addition that will enhance the terminal’s deepRead More",https://www.slpa.lk/port-colombo-page/c3bc2bf14a4df6c68d712e28e849ea11/185b0eba21c21ca710de964d10dd437b4b743ce0
ŌĆśCOLOMBO PORT to touch 7 MN TEU LANDMARK FOR 2018ŌĆÖ,"The Colombo Port is on the brink of the 7 million TEU container throughput landmark for 2018.

“We are almost there, which will also be the highest and best ever performance of the Colombo Port, an upbeat Chairman of the Sri Lanka Ports Authority Dr. Parakrama Dissanayake told Daily News BuRead More",https://www.slpa.lk/port-colombo-page/e76b0f8dd9400ad780d2c1f682be9456/521160dd09c6d24e231d17782c87dab6fcc2d6c4
Ocean Network ExpressŌĆÖs newest vessel makes maiden call at Colombo Port,"Sri Lanka Ports Authority Managing Director Capt. Athula Hewavitharana exchanges plaques with the Master of MV ONE Columba Capt. Anil Khanna. SLPA Chief Manager (Marketing and Business Development) Upul Jayatissa, Harbour Master Capt. Nirmal De Silva, CICT CEO Jack Huang, General Manager (OperationsRead More",https://www.slpa.lk/port-colombo-page/bb52d1a8aafd72a7feab893787b01e1a/51703089cf5e155cf45f9d86c2e343f16e542834
HIPG attracts first drillship to Hambantota International Port,"Breakthrough following efforts to introduce new businesses that would encourage and develop downstream marine-related ancillary services at the Port
	The drill ship will be at the Port for a minimum of six months;  provides various opportunities for multiple disciplines in Lankan maritimeRead More",https://www.slpa.lk/port-colombo-page/148c7795e87cfe8d9cde7b432e1300a6/edfd85b5ad41c62b899fd63e4ca674090ee07679
YoungShip organises visit to Hambantota Port,"YoungShip Sri Lanka held its inaugural event for the next generation of the maritime industry with a visit to the Hambantota Port on 24 November. At the port of Hambantota, the YoungShip members were welcomed by LAUGFS Group Chairman W.K.H. Wegapitiya along with Tissa Wickramasinghe from the HambRead More",https://www.slpa.lk/port-colombo-page/f9f3a9a4ae9dd7e8c45b10511a9ed593/ed218016a993392322c7d8d4538751abcdd6c8f9
Association of Container Transporters holds AGM to elect new team,"Seated (from left): Thusitha Jeewendra, Roshan Manikwadyge, Nimal Amerasekara (Immediate Past President), Upalu Ginawardena (President), Channaka De Alwis, Lakshman Seneviratne, Dinesh Edirisooriya 

Standing (from left): E.A. Pathmasiri, H.D.R. Shantha, W.G.N. Kumara, Dimuth Silva, Shaminda Kumara,Read More",https://www.slpa.lk/port-colombo-page/998bf5c40a52af497d85b9fabcbf8ff7/14bf63f3efb12c60e8479e8a7b878dcdcfede97e
Port of Colombo reports 28.8% increase in cruise ship arrivals,"A remarkable growth of the cruise ships calling at the Port of Colombo has been reported this year. According to the records of Sri Lanka Ports Authority, 45 cruise ships have called at the Port of Colombo in the past 10 months of this year which is a 28.8 % increase compared to the the corresponRead More",https://www.slpa.lk/port-colombo-page/acd9af3ed01fa44320f47d094acfe07c/c15e05c2761d98343f69187b1a18689cdd761808
COLOMBO DOCKYARD LAY KEELS OF BOUY TENDER VESSEL & PILOT STATION VESSEL FOR GENERAL COMPANY FOR PORTS OF IRAQ THROUGH TOYOTA TSUSHO CORPORATION OF JAPAN,"On 4th December 2018, Colombo Dockyard PLC (CDPLC) laid the keel to auspiciously commence shipbuilding work on the 60 m Buoy Tender Vessel and the 50 m Twin Hull Catamaran hull Pilot Station Vessel for General Company for Ports of Iraq (GCPI) as per an Agreement signed with Toyota Tsusho CorporatRead More",https://www.slpa.lk/port-colombo-page/19820053e72e2fe5a083d359736d1285/454bb51730c6117d77f1b3a1321ae8adcff4ff54
Remarkable growth of cruise ship arrivals at Colombo Port,"A remarkable growth of cruise ships calling the Port of Colombo has been reported in this year. According to the records of the Sri Lanka Ports Authority, 45 cruise ships have called at the Port of Colombo in the last 10 months of this year which is 28.8 % increase against the corresponding perioRead More",https://www.slpa.lk/port-colombo-page/694c33fa3509c3718161e51d8467f6f0/db3a10947a520d1b543b7fef61a699e09b94f133
Two Indian Coast Guard Ships to visit Sri Lanka,"Two Indian Coast Guard Ships, CGS Samar and Aryaman, would arrive in Sri Lanka on Saturday furthering the cooperation between the two Coast Guards of India and Sri Lanka, the Indian High Commission said yesterday (30).

In a statement, the High Commission said the ships would arrive in ColomboRead More",https://www.slpa.lk/port-colombo-page/60b7c480097b7d6736fbc2c4dd709d3e/13f709a5bc33cd4878824815e92da3a190757f37
The Super Luxury MV. MEIN SCHIFF 3 calls the Port of Colombo,"MV Mein Schiff 3 at the Port of Colombo

 



 

On behalf of Sri Lanka Ports Authority (SLPA), the Chairman of Sri Lanka Ports Authority (SLPA) Dr.Parakrama Dissanayake exchanges plaques with the Maseter of Mein Schiff 3 - Capt. Alevropoulos George. The Manging Director of Shipping AgencyRead More",https://www.slpa.lk/port-colombo-page/df8cfbd41360981595b5d98494ac39c6/6d6a6d3be320570f7e4b767e0a125b723454ad7d
JCT TRANSSHIPMENT VOLUMES INCREASE BY 23.3%,"The state owned Jaya Container Terminal (JCT) of Sri Lanka Ports Authority (SLPA), witnessed the highest growth of 23.3% in transshipment container throughput for the first nine months (from January to September) in 2018 as against the corresponding period in 2017. During the first nine months ofRead More",https://www.slpa.lk/port-colombo-page/027d93b64d105211236ea53b41e2e0a5/f8e727409a9fc741fdfc09d1176c7cde7524de2a
New investment to boost cargo handling at Hambantota International Port,"The Hambantota International Port Group (HIPG) made yet another investment to further develop the operations of the Hambantota International Port.

The latest investment of over USD 600,000, was made for the purchase of 40-foot Ro-Ro trailers with goose-necks (to allow efficient maneuverability),Read More",https://www.slpa.lk/port-colombo-page/ee5b1718f2273c373cbd590e29d6b672/7c4e2e12f97c15921856ea1ecf0627c38bb63e38
SAGT-CR partnership continues for 5th consecutive year,"South Asian Gateway Terminals (SAGT) the first public private partnership container terminal in Sri Lanka revealed their plans of continuing their partnership with Ceylonese Rugby & Football Club (CR & FC) for the 5th year running for the 2018/19 Rugby season.

 




The news was brokenRead More",https://www.slpa.lk/port-colombo-page/0cbc3bd66521480f0434c785f3602c61/902695e448d761bc3636ad12f4d10b79c99094e7
ŌĆśTime to prioritise green logistics development initiatives and policiesŌĆÖ,"Chitral Jayawarna

 




The International training programme on Green Freight and Logistics Development has concluded at the Thai International Cooperation Agency in Bangkok, Thailand, recently.

The training programme aims to promote awareness of the importance of sustainable practices in theRead More",https://www.slpa.lk/port-colombo-page/ddb9dbc70c4fecf9df537f65dbed7f62/86982dce654b892ebf5c1d729fee918b523fe6c6
SRI LANKA NAVY AT ŌĆśBOAT SHOW 2018ŌĆÖ,"The ‘Boat Show and Boating Festival 2018’ organised by the Sri Lanka Export Development Board and the Boat Building Technology Improvement Institute Lanka Limited commenced on October 26 at Yacht Marina of the Port of Galle.

The Sri Lanka Navy put up an attractive stall and displayedRead More",https://www.slpa.lk/port-colombo-page/ccaf8fa70db6b7b9a8c9d50c1c7e870c/a5a8c5f47bffafb064ec4c3c622d566d8424cf57
Sri Lanka Ship Suppliers Association honours stalwarts,"Sri Lanka Ship Suppliers Association (SLSSA) held their annual general meeting in Colombo and Oshan Fernando was elected as President.

The Chairman elect Fernando said that they have been engaging successfully with the Sri Lanka Ports Authority and other stake holders on issues they faced in theRead More",https://www.slpa.lk/port-colombo-page/a76b66f76dc6bc7f266c21900998c99b/afcb0d3adca50e76fc761e407871ac9f100621a8
BOAT SHOW & BOATING FESTIVAL SRI LANKA 2018 begins today,"Boat Show & Boating Festival Sri Lanka 2018 is organized by Boat Building Technology Improvement Institute (BTI) and Sri Lanka Export Development Board (EDB), in association with Ministry of Development Strategies and International Trade, Ministry of Ports and Shipping and Sri Lanka Ports AutRead More",https://www.slpa.lk/port-colombo-page/565f61cecd5d146fb4e49344446ed3ed/dfe5bcb59bd877f35da0f2f4179834362fc20ef8
Indonesian Naval ship Kri Usman Harun here,"The Indonesian Naval Ship Kri Usman Harun arrived at the Port of Colombo on a goodwill visit on Sunday.

The ship was welcomed by the Sri Lanka Navy in accordance with naval customs. A group of officials from the Embassy of Indonesia in Colombo was also present on the occasion.

The vessel is 95mRead More",https://www.slpa.lk/port-colombo-page/ea035d96fb27517488100082fddcc6e4/5db9e4c393c94e8c79b6b2f2637ca10e557c12ea
Guwaso Highway calls HŌĆÖtota port,"(Top) Guwaso Highway in Hamabantota international port. (Right) A memento being exchanged.

 




A special big ship, Guwaso Highway called the Hamabantota international port for the first time recently with 7,500 vehicles belonging to Japan Keyline Shipping company.

This ship started its jourRead More",https://www.slpa.lk/port-colombo-page/a470321496c3db3b61935a39cc490bb8/fe23d6ad2c8f793d6cf201b1bcd252cfbcbd9c20
WISTA invests in leadership skills development program,"Women's International Shipping and Trading Association, (WISTA) successfully conducted a leadership development session to their members recently at Jetwing Colombo 7. The seminar which was titled “Discover the Leader in you” was conducted by McQuireRens and Jones (Pvt) Ltd. ThisRead More",https://www.slpa.lk/port-colombo-page/18955ac9c4cc70884f97073873cf88bb/7e5be61d5b04f2296fa8d3050d51e659d63bd0b1
Top experts share insights on SL economy with visiting diplomats,"Central Bank Governor Dr. Indrajit Coomaraswamy has observed that while Sri Lanka faces some difficulties due to the bunching up of debt payments, Sri Lanka had never missed a payment, was not in economic danger, and that the situation can be managed. He noted that recent Sri Lankan policies haRead More",https://www.slpa.lk/port-colombo-page/f3d7c3bce4c9f57d9acb37d27a9c375d/f1fbdc44f0d302dbf44d4bb24e7ac83c8a17e224
No privatisation of Colombo Port Eastern Terminal-Minister,"Ports and Shipping Minister Mahinda Samarasinghe said that the Eastern Terminal of the Colombo Port will not be privatised as the government’s stance is to run it as a government entity.

The Minister was addressing the media at the Sri Lanka Freedom Party (SLFP) headquarters yesterday.

ThRead More",https://www.slpa.lk/port-colombo-page/4ac5c8b7059356f2420883ec5674cfcd/14f703f38ccf5fcf7f9ddab258e8ea7d606e7d7b
Plans to upgrade Hambantota Port,"Measures had been taken to make the Hambantota Port an internationally-recognised port, Hambantota International Port Services Company CEO Captain Captain Ravindra Jayawickrama said.

He was addressing journalists during a recent press briefing held at the port’s administration complex. TheRead More",https://www.slpa.lk/port-colombo-page/8016ae73fb1ca74d09bddfd5d5df22a2/a28dbd8990d18b13ed21a54a67142254f124135c
Ports Minister sticks to guns on ECT,"Insists East Container Terminal will be developed by SLPA 
	Cabinet paper was to procure $ 80 m in equipment
	Says offer of Japanese investment for ECT was rejected 
	Wants to fast-track West Container Terminal, open to investment from India or Japan  &nbRead More",https://www.slpa.lk/port-colombo-page/fd56f21f8662847513443f9cde153abf/d2054f798708a8709c5f303bf49aec7b26d94502
Special discussion to revive Port of Oluvil,"With the initiative ofPorts and Shipping Minister Mahinda Samarasinghe, and the participation of Sri Lanka Ports Authority (SLPA) Chairman Dr. Parakrama Dissanayake, a special discussion was held recently with the fisheries organisations and several community associations of Oluvil in Ampara DistRead More",https://www.slpa.lk/port-colombo-page/59778f3ebc94e1661cfc98360d4936ce/b548b8777000005554e0dd3da20cd42e4567809c
Galle Dialogue' International Maritime Conference in Colombo on October 22-23,"Sri Lanka will hold the International Maritime Conference 'Galle Dialogue - 2018', organized by the Sri Lanka Navy in partnership with Ministry of Defense, for the ninth consecutive year on 22nd and 23rd October at the Galle Face Hotel, Colombo.

The two-day conference under the theme &quRead More",https://www.slpa.lk/port-colombo-page/7d0a8f2ae3e7d012ff9bccd2ac5ff8c4/96440ac68a1e2e426dbe5fd620fc121001977408
Port of Colombo leading in many indices,"CASA congratulates the efforts of all stakeholders 
	Urges for more port capacity


The Port of Colombo has been ranked as the world’s fastest growing port from among the top 30 container ports for the first half of 2018 according to Alphaliner. In container handling, the Port of ColRead More",https://www.slpa.lk/port-colombo-page/bb7d68cb336264945e203e6fdea4e52a/49671c8516187e539e2043170d65be6bf7b965b1
New initiatives to boost HŌĆÖ tota port,"Ship anchored at the Hambantota harbour

 




After the lease of the Hambantota harbour to the Chinese company, 146 ships has arrived and over 100,000 vehicles unloaded within six months, Capt. Ravindra Jayawickreme, CEO of Hambantota International Port Services (HIPS) said at a review meetingRead More",https://www.slpa.lk/port-colombo-page/ce8b0ee3daf8f7e7a7f0952500f73776/931964f6d8ccc2e32cbdf3d21b5159a2ef94ed66
SLPA plans multi-modal logistics park in Colombo,"In a major initiative that will vastly improve the country’s logistics sector, the Sri Lanka Ports Authority (SLPA) plans to build a state of the art multi-modal logistics park spanning over 14-acres in a key suburb in Colombo consisting of both warehouse space and railway links, the SundayRead More",https://www.slpa.lk/port-colombo-page/1850ef7417a40a7f01cb3f0ebc2a341f/99ef0f23cd7443c2953c4b062b52fedd6c5832c6
Minister Samarasinghe meets Chinese minister,"Ports and Shipping Minister Mahinda Samarasinghe met Chinese Transport Minister Lixiaopeng during his visit to China and discussed the securing of technical assistance to develop Sri Lanka ports sector.

Ports Authority Chairman Prakrama Dissanayake, Director-general-department of Water TransportRead More",https://www.slpa.lk/port-colombo-page/f51b320803caacc24dd1c6c82b8e115a/2a3a2f65827c40a0a9238e2ad9118d2c242d1bb3
Sri LankaŌĆÖs maritime affairs in the changing Indian Ocean,"Female in Formula One racing soon.

 




Prime Minister Ranil Wickremesinghe has called for the ‘Hub of the Indian Ocean’ concept to be adopted as the policy platform for Sri Lanka’s maritime cooperation. This concept has become the ideal platform to address many policy bottlRead More",https://www.slpa.lk/port-colombo-page/49c01837adb309795e431e6cad9ac5f7/3501edbb825314b4efab70fc010c4c007550c120
WISTA conducts leadership development session,"WISTA members at the development session.

 




Women’s International Shipping and Trading Association, (WISTA) conducted a leadership development session for their members recently, at Jetwing Colombo 7.

The seminar was titled “Discover the Leader in you” conducted byMcQuirRead More",https://www.slpa.lk/port-colombo-page/c93b3d996476c6c1763fd5c052b33922/d27ee41b54efad539c14d811407bdaa468a044e9
Minister receives copy of 'maritime heritage of sri lanka',"A copy of the book titled 'Maritime Heritage of Sri Lanka', authored by Dr. Sarala Fernando and published by National Trust, was presented to Ports and Shipping Minister Mahinda Samarasinghe recently.
(Daily Mirror - 10102018)Read More",https://www.slpa.lk/port-colombo-page/4b2e3258a71328931c3806b0279472ca/c52e46edd2ab5088e9b44ef5b7b2bc68b149a5ed
Laugfs Gas and Hambantota Port to make Sri Lanka an Energy Hub,"Standing left to right: COO of Hambantota International Port Group,Tissa Wickramasinghe, CEO of Hambantota International Port Group, Ray Ren, Group Chairman of Laugfs Holdings,W. K. H. Wegapitiya, and Executive Director, Laugfs Holdings Mr. H A Ariyarathna.

 




Laugfs Gas, a pioneer in Sri LRead More",https://www.slpa.lk/port-colombo-page/58dc97e4a77b11cab6949110464e5bf4/4eb3039efc979ba285a75c1566631ca78cb8c8ba
Embrace liberalisation to become maritime hub - State Minister Wickramaratne,"Sri Lanka would have been the maritime hub in Asia had it embraced British and American companies who were keen to invest in Sri Lanka in the 1950s to boost the energy sector in the country, Chairman, Advisory Committee on Logistics, EDB Rohan Masakorala said.

He was speaking at the inaugurationRead More",https://www.slpa.lk/port-colombo-page/568c1a34317e66d0d9b1094ea2e9b375/d39c17bea38f1ee7f71eff91d10c604809ddf4e9
Plans for industrial zone adjoining Oluvil Harbour,"Ports and Shipping Minister Mahinda Samarasinghe who visited Oluvil Harbour on Wednesday said that the adjoining areas of Oluvil would be converted into an Industrial Zone providing a regular income to the harbour, paving the way for villagers to attain a sound economic position.

Minister SamaraRead More",https://www.slpa.lk/port-colombo-page/32c71e13fc92e8fe08fa27b5d2971dc8/ba37f7197ff8f5db7bd56fd5801d5ed947cbd5b7
BANGLADESH TO USE COLOMBO PORT AS TRANSSHIPMENT HUB,"""The agreement is based on subtle business principles,” he said. The agreement is well in line with the BIMSTEC agreement. In this instance, the member states reiterated the commitment to establish seamless multi-modal transportation linkages and smooth, synchronized and simplified traRead More",https://www.slpa.lk/port-colombo-page/15748e3559dd6b104d20e1a6af665b93/46d25c564f34af3daba4cac324b545445d4b9669
Colombo Port to handle 6.9mn containers this year: SLPA,"Plans to almost double capacity by 2025 to 11mn TEUS
	Short and long-term projects underway to expand capacity
	East Container Terminal likely to be commissioned within 8-19 months 


The Port of Colombo will handle a minimum of 6.9 million TEUS this year with long-term plans to almost douRead More",https://www.slpa.lk/port-colombo-page/fbe4eb6df7d8d97ff1d0ee539b937680/626f8db99b763e57d9c3187adfd21b6a9889941f
Dr. Prasanna Lokuge ŌĆō Director (IS) of SLPA awarded the Prestigious CIO of the Year by CSSL,"Dr. Prasanna Lokuge – Director (Information Systems) of Sri Lanka Ports Authority (SLPA) receiving the CIO of the Year Award from His Excellency the President Maithripala Sirisena. Hon.Minister of Telecommunication, Digital Infrastructure and Foreign Employment - Harin Fernando and President,Read More",https://www.slpa.lk/port-colombo-page/90cc95631c40006dc08896b91cbb1523/5661a162b17e713491574508f6e173c92f5378ce
"70th World Maritime Day - Port of Colombo achieves global standards on safe Maritime, Trade and Shipping","Colombo, Western, Sri Lanka, Indian Sub-Continent, Asia

 




It is a delightful fact. The passing of several milestones by overcoming various challenges throughout her rich history, the Port of Colombo has achieved the global standards on safe Maritime Trade and Shipping Industry. No doubt, tRead More",https://www.slpa.lk/port-colombo-page/c562e73643cc4a07783fa83674a0472d/6223a0017ecd290730f14b8c86f8476f3dd4c8ea
BOOMING COLOMBO PORT AND 70TH WORLD MARITIME DAY,"It is a delightful fact. The passing of several milestones by overcoming various challenges throughout her rich history, the Port of Colombo has achieved the global standards on safe maritime trade and shipping industry. No doubt, this immense contribution to the maritime trade is enriching the nRead More",https://www.slpa.lk/port-colombo-page/38203dd24804182842253bdbf947e5f7/7d599d68b8e66dd2288c1818f887abd57deca536
K-Line vessel makes maiden call at HŌĆÖtota Port after signing of TSA,"Captain Filipov Genchev with Ravi Jayawickrama, CEO of Hambantota International Port Services (HIPS), on behalf of Hambantota International Port exchanging a welcome plaque commemorating this inaugural visit

 




K-Line vessel Hawaiian Highway, a car carrier sailing from Marshall Island, callRead More",https://www.slpa.lk/port-colombo-page/832dad298c5bca32e0b722975e9e0dfd/3d2b20951e200962862f6b20c5ecca260f4124dd
COLOMBO DOCKYARD ACHIEVES RECOGNITION AT THE PRESIDENTIAL EXPORT AWARD,"Mr D V Abeysinge receiving the Award from Dr Harsha De Silva

 




Colombo Dockyard won the Sectoral Award for the Highest foreign exchange earner in Shipbuilding for the year 2017/18 at the Presidential Exports Awards held recently at the BMICH.

This is one of the highest forms of recognitioRead More",https://www.slpa.lk/port-colombo-page/dd003503946cfa862c20584745118bf8/053d57848ce2390e996762b058f4dbdd4499fa9a
JICA delegation visits Hambantota Port,"Following the visit to the Hambantota Port by a Japanese delegation, the Japan International Cooperation Agency (JICA), has initiated talks with the Hambantota International Port Group (HIPG).

A delegation from JICA, an agency appointed by the Japanese government to assist economic and social grRead More",https://www.slpa.lk/port-colombo-page/f105605fe95f5c79acadd294b5c4e180/17a4c83ddfbb32c455cd44838b4857b2f9f94c6c
A special meeting convened at SLPA to discuss Trincomalee Port  Development,"Governor of Eastern Province Hon. Rohitha Bogollagama, Chairman of Sri Lanka Ports Authority (SLPA) – Dr.Parakrama Dissanayake and Vice Chairman SLPA – Mr.P.G.Dasanayake at discussions.

 



 




Following the recent inspection visit byHon.Minister of Ports and Shipping MahinRead More",https://www.slpa.lk/port-colombo-page/9494c2b556c184c7dfb6f106a648e953/f51a5763486748a15b5a72cfdd995bbbdf43238f
Super Luxury MV Viking Orion Calls Colombo,"The super luxury MV Viking Orion made her maiden call at the Port of Colombo last week. In order to mark the occasion, a plaque exchange ceremony was held on board the vessel. The plaque exchange took place between the Master of the vessel Capt.Rune Lokling and the Harbour Master of Sri Lanka PRead More",https://www.slpa.lk/port-colombo-page/ced24df9b202a8d897a5d2e83fcc6adf/b10d009c9a4b1b9c818789352113beef8858e9a1
Hambantota Port signs historic TSA with K-Line,"seen in the picture are CEO of HIPG, Ray Ren and President & CEO of KLPL, Makoto Hashizume in discussion before the signing ceremony.

 




The Hambantota International Port Group (HIPG) has entered into its very first Terminal Service Agreement (TSA) with K-Line Ltd. (KLPL), one of the woRead More",https://www.slpa.lk/port-colombo-page/f90e28d06e5bb7e96626923b70add31d/c526ff026f5488f390f5fac9b7e62f6ae48196ee
Mobitel designs pioneering Mission Critical Service for South Asia Gateway Terminals,"SAGT Chief Executive Officer Romesh David exchanging the partnership agreement with Mobitel Chief Executive Officer Nalin Perera. Also present were (from left) Mobitel Head of Business Solutions Chamith Hettiarachchi, SAGT General Manager Information Technology Chinthaka Abeynaike, Mobitel General MRead More",https://www.slpa.lk/port-colombo-page/b2d181d04869aa9687048305908adba9/957b89c1edd30971a62c843074480321fc5b9ad4
CountryŌĆÖs longest cycle race ŌĆśSLT SpeedUp SawariyaŌĆÖ marks finish line in Kuliyapitiya,"Sri Lanka’s longest across the country cycle race organised by Sri Lanka Telecom successfully came to an end on 8 September in Kuliyapitiya.

Gihan Pushpakumara of Team Sri Lanka Army (SL Army) won the overall championship of the five-day race securing the first price of Rs. 1 million. PrabRead More",https://www.slpa.lk/port-colombo-page/f0ea0cecd4d04bcc969de128c8872da9/7f7ed94f6da5c456a6d633df73bdd0493073898c
Port of Colombo Ranked WorldŌĆÖs No.01 Highest Growth Port in the First Half of 2018 - Alphaliner,"Hon.Minister of Ports and Shipping Mahinda Samarasinghe and the Chairman of Sri Lanka Ports Authority (SLPA) Dr.Parakrama Dissanayake on a visit to inspect  operations at the Jaya Container Terminal (JCT) of SLPA.

The Port of Colombo is  ranked as  world’s No.01 container growtRead More",https://www.slpa.lk/port-colombo-page/73114b843ad0ab7945866c686dc9fc6a/bca9d20c4c2b6d0e0e72a365cb88abbea3ee69a6
Sri lanka Maritime week 2018,Read More,https://www.slpa.lk/port-colombo-page/a46e1d4ecdc46cfddb1e69231a9d122e/ec6c7581a7eb90b2ae4224424bac41525457587f
British High Commission delegation visits Hambantota Port,"Standing from left: Dinidu de Alwis, Political Affairs Officer, British High Commission, Tissa Wickremasinghe, Chief Operating Officer – HIPG, Ravindra Jayawickreme (AFNI), CEO Hambantota International Port Services (HIPS), Tom Burn, Deputy High Commissioner, Ray Ren, CEO of Hambantota InternaRead More",https://www.slpa.lk/port-colombo-page/cf8b8eb22b1fb41344b326e489231093/78ba885aabb10807e2c80f2017a682d9f30d0d9f
INTERNATIONAL TRAINING ON SUSTAINABLE PRACTICES IN LOGISTICS SECTOR,"Participant from different Counties and Dr. Watcharas Leelawath, Executive Director, Mekong Institute (MI) and Madhurjya Kumar Dutta, Director of the Trade Investment and Facilitation (TIF) Department. Chitral Jayawarna, Deputy Chief Manager, Communicatio

 



Prof. Vanchai Vatanssapt, founderRead More",https://www.slpa.lk/port-colombo-page/8e7768d75253fb29348cf07bf4ff6552/45baef62df00b264530dba267bf14e147c13050d
Sri Lanka ShippersŌĆÖ Council holds 48th AGM,"The 48th Annual General Meeting of the Sri Lanka ShippersŌĆÖ Council was held recently at the Lotus Ballroom,

Shangri-La Hotel, Colombo. The Chief Guest and keynote speaker was State Minister of Finance Eran Wickramaratne, and the Guest of Honour was Hong Kong and Shanghai Banking CorporationRead More",https://www.slpa.lk/port-colombo-page/2498ff16ebf8bc58d64ad3f34238bfef/fde568ca99b445a351b2ae15e1d4606e2328a93a
Japanese Defence Minister visits Hambantota Port,"Japan’s Minister of Defense, Itsunori Onodera, called at the Hambantota Port on August 22 during his State visit to Sri Lanka.

The Minister was taken on a tour of the port by Capt. Ravindra Jayawickreme, CEO of Hambantota International Port Services (HIPS). He was given an overview of theRead More",https://www.slpa.lk/port-colombo-page/54f040a152c2c76d5575de872acb30d3/f5af4c5a723e3c936889f78c093557575485e216
Two Japanese Coast Guard vessels commissioned,"Two brand new Fast Patrol Vessels (FPV), gifted by Japan, joined the Sri Lanka Coast Guard (SLCG) fleet during a commissioning ceremony held at the Colombo Port on Wednesday. State Minister of Defence Ruwan Wijewardene, Japanese State Minister for Foreign Affairs, Kazuyuki Nakane attended the cerRead More",https://www.slpa.lk/port-colombo-page/e1b781f32463efa9d0f4b266b81022f2/7efe45a35ecbc83e6a6011030e5b3404a034770f
Japanese State Minister for Foreign Affairs here,"State Minister for Foreign Affairs of Japan Kazuyulci Nakane will visit Sri Lanka from August 28-30 to participate in the commissioning ceremony of the patrol vessels donated from Japan to Sri Lanka.

“During the visit, Nakane will call on Prime Minister Ranil Wickremesinghe and hold meetinRead More",https://www.slpa.lk/port-colombo-page/78f3739742d08570a0e2b4fc74900ce9/fd672313e869c5b291ebcaad69fdba2c435467c7
Exports earnings from merchandise Up to US$1.02 Billion In June,"Sri Lanka’s external sector displayed a mixed performance in June 2018. Even though the lowest trade deficit so far during the year in absolute terms was recorded in the month of June, the trade deficit widened significantly in comparison to June 2017 as the growth in import expenditure oRead More",https://www.slpa.lk/port-colombo-page/f065957e0e73a34fb6c2450373d003c2/ef94966c2c98ebc90c2461e02553ba68c9275f31
Two ŌĆśmade-in-JapanŌĆÖ FPVs bolster Sri Lanka Coast Guard,"The FPVs are the first purpose-built modern craft for the SLCG and bring with them new capabilities and technology to play several roles.

 




Two new fast patrol vessels (FPV), custom-made in Japan for the Sri Lanka Coast Guard (SLCG) and equipped for, among other things, marine pollution coRead More",https://www.slpa.lk/port-colombo-page/59eba600ef450b472a4fbe14b182bb05/2d354fec2e15e5344b590181823a3aca3ed98dec
Colombo Port ECT as largest container terminal in S. Asia,"berthing facilities to some of the biggest ships and tankers in the world
	minimum of 15 months to manufacture, deliver and fix machinery


The government will develop the Colombo Port’s East Container Terminal (ECT) to be the largest and deepest container terminal in South Asia without aRead More",https://www.slpa.lk/port-colombo-page/797284ac4af9eea1710ce0809b9329a8/a5b65edbd9b6ab4bf0ee4590be75a63e52b96ec0
Ports Ministry to present Cabinet paper on ECT development,"Govt. grants approval to Ports Authority to run the ECT
	Ports Authority to procure equipment for the development of the Terminal
	Equipment to be leased till procurement is delivered to bring the Terminal to functionality as soon as possible


Port and Shipping Ministry is preparing to presentRead More",https://www.slpa.lk/port-colombo-page/d2b7fddc83a4b81adff77efe64c35098/23c71901acd572212a4002b714e5f7d02e796114
Japanese Defence Minister visits Colombo harbour,"Japanese Defence Minister Onodera with SLPA Chairman Parakrama Dissanayake and others.

 




Visiting Japanese Defence Minister Itsunori Onodera yesterday inspected the operations at the Colombo harbour.

This is the first time in history that a Japanese Defence Minister visited the Colombo haRead More",https://www.slpa.lk/port-colombo-page/67312c451cd9e0bdaba42b1d87745e41/a05f792e276dfbbbc65d1c69141c36bc877452d2
ŌĆśIkazuchiŌĆÖ at Trincomalee Port,"Ikazuchi, a Naval ship of the Japanese Maritime Self Defence Force, arrived at the Trincomalee Port yesterday on a good will visit. She was welcomed in accordance with naval traditions on arrival. Deputy Area Commander of the Eastern Naval Command, Commodore Nandana Jayarathna, was present on theRead More",https://www.slpa.lk/port-colombo-page/3ce8d81c7fe8c64ebfec5cedbd12b875/91b6f0424828585db8291839bee31e700c2e6361
WISTA Sri Lanka wins Gold at Top 50 Professional & Career Women Awards 2018,"The Women’s International Shipping and Trading Association (WISTA) was this year’s Gold recipient of the Best Woman Empowerment Project Run by a NGO, INGO and International Organization at the Top 50 Professional & Career Women Awards – Eighth Edition, Sri Lanka and MaldivesRead More",https://www.slpa.lk/port-colombo-page/09a59ce389b01afa862e06129f9a2f75/85e8d2ce5fc91d75d57355680f0659c2dcad2dc3
CICT win Chamber of Commerce cricket,"A relatively new team from Colombo International Container Terminals (CICT) emerged champions at the annual six-a-side softball cricket tournament conducted by the Ceylon Chamber of Commerce (CCC) recently.

The CICT team won the trophy easily eclipsing the 91/3 posted by Salota (the team that woRead More",https://www.slpa.lk/port-colombo-page/8e9c3426f8baa2bd0a68a43c9f289098/663c64ffec0956fe188409a2c950fbc62d582352
Japanese Defense Minister to visit Sri Lanka,"Japanese Defense Minister Itsunori Onodera will visit India and Sri Lanka from Sunday to discuss military cooperation with those two countries, the Japanese defense ministry said Friday, in an apparent effort to counter China’s growing influence in the Indian Ocean.

On the first leg of theRead More",https://www.slpa.lk/port-colombo-page/d920468cf03bc19401a02669cac5cb51/8aa9c37cc6a8eadd9f2a56299098160e818111a8
Chinese speed halved CICT construction time -Tissa Wickramasinghe,"Chinese speed was a key factor in the time taken to complete construction of the Colombo International Container Terminal (CICT) being more than halved, Chief Operating Officer of the Hambantota International Port Group (HIPG) , Tissa Wickramasinghe said on Friday.

Addressing a group of ColomboRead More",https://www.slpa.lk/port-colombo-page/81be849604e7395093a0cb43959600fa/aedda05a8e336437585d22a9ee8c0767477c4ae4
JAPANESE DELEGATION VISITS HAMBANTOTA PORT,"From left: Yusuke Tanaka, MOFA, Toru Kodama, Japan Coast Guard, Shogo Yoshitake, Director, Southwest Asia Division, MOFA, Tissa Wickramasinghe, COO, HIPG, Capt. Atsuhiro Moroe, Embassy of Japan in SL, Admiral Jayantha de Silva, Chief Security Officer, HIPG and Itsuki Sugihara, MOD.

 




A higRead More",https://www.slpa.lk/port-colombo-page/960922f6a7de3e2a9e3cd87ab6176d95/5de14da697db252aa9576dcec4a82e46211854d1
ŌĆśKashmirŌĆÖ to visit Sri Lanka,"Pakistan Maritime Security Ship (PMSS) ‘Kashmir’ is scheduled to arrive at Colombo Port on a four-day goodwill visit from 13 to 16 August.

Pakistan Naval ships frequently pay port calls to Sri Lanka as both countries enjoy warm diplomatic and strong military ties. Such interactions aRead More",https://www.slpa.lk/port-colombo-page/73f8f66e16c3edcda5594ecd788ba726/967fb148ffe5099f0c2de0a9deac58d5dd85bff6
Hydrographic survey ship of Chinese Navy in Colombo,"A hydrographic survey ship of the Chinese Navy arrived at the Colombo port on Wednesday on a four-day goodwill visit, the Navy said.

The People's Liberation Army Navy (PLAN) ship Qian Weichang was welcomed by the Sri Lanka navy accordance with naval traditions.

The 129m long and 17m wide veRead More",https://www.slpa.lk/port-colombo-page/2a730195868ddf079c51e38fa5245c9b/b12027c294fdd6c2b5d5122a6f38ef5240a0724f
Denmark support for Lankan ports sector,"Ports and Shipping Minister Mahinda Samarasinghe visited Denmark recently to obtain financial and technical assistance for the development of Sri Lanka’s ports sector. During the visit, Minister Samarasinghe held discussions with a group of delegates.

 




Ports and Shipping Minister MaRead More",https://www.slpa.lk/port-colombo-page/043c6e0bdabe66d900101ef1cc7ead56/2f4dc3da3d4ea11cb066e654dd2470d09715e618
WISTA continues to empower women in maritime sector,"Women’s International Shipping and Trading Association (WISTA) officials at the AGM.

 




The Sri Lankan arm of the Women’s International Shipping and Trading Association (WISTA) held its AGM recently, at the Jubilee Ballroom, Galle Face Hotel.

Aden Wong, a member of the port praRead More",https://www.slpa.lk/port-colombo-page/51806f91d07d6912b746e1b7557a5854/17209ea1519a587d44a8fff46c330112e2a31609
Colombo has potential to be the International Maritime Centre - Aden Wong,"Colombo has all necessary potentials to be the service centric, International Maritime Centre for the Asian Region by developing segments such as the Port and logistics, Maritime Finance and law and Maritime Technology, said Singapore based Drewry Maritime Services (Asia), Senior Consultant AdenRead More",https://www.slpa.lk/port-colombo-page/33b7d2606aca66cd382d6c91079fd001/1c82ee0249c186b80806e495b2279ecf47a6283c
SAGT wins Platinum at inaugural National Logistics and Transport Excellence Awards,"South Asia Gateway Terminals (SAGT), the first public private partnership container terminal in Sri Lanka, won the Platinum award at the inaugural National Logistics and Transport Awards organised by the Chartered Institute of Logistics and Transport Sri Lanka (CILTSL).

The prestigious event wasRead More",https://www.slpa.lk/port-colombo-page/c37c6c1d7109ed91ced3ceaa36cba859/ed9d40174f9ea5ab1e30a0ce4db711517e255c6d
Sri Lanka Ports Authority donates essential items to residential patients at  Apeksha Hospital Maharagama,"The Vice Chairman of Sri Lanka Ports Authority (SLPA) – Mr.P.G.Dasanayake hands over a parcel containing essential items for residents of the Apeksha Hospital, to the hospital’s Acting Deputy Director Dr.Roshan Amarathunga symbolizing the donations.

 




Employees of Sri Lanka PorRead More",https://www.slpa.lk/port-colombo-page/170aa0cf234a1b7df6e85b76e80117c9/b1ff83823c1b3eac79614e01d2e921d3fdc49558
Sri Lanka Ports Authority celebrates 39th Anniversary,Sri Lanka Ports Authority (SLPA) celebrated the 39th anniversary on 01st August 2018 amidst a series of religious activities to bring blessings to the institution and its work force. The main function to mark the 39th anniversary was held at the Sambuddhathwa Jayanthi Chaithya premises of Sri LRead More,https://www.slpa.lk/port-colombo-page/4d6c574a83247cb5395da758a27b41fa/c373a836ee3b860bb10522037356a95962014801
"A DOUBLE CELEBRATION FOR COLOMBO DOCKYARD: CELEBRATES ITS 44TH ANNIVERSARY AND 25 YEARS SINCE COLLABORATION WITH ONOMICHI DOCKYARD CO. LTD, JAPAN","Shipyard a hive of activity, plays a major role in providing full-service repair facilities located inside the very port of Colombo in the drive of gaining “Maritime Hub status for Sri Lanka” in the global landscape.

 




Colombo Dockyard PLC, Sri Lanka’s premier ship repairRead More",https://www.slpa.lk/port-colombo-page/6d2c002fe3b2daa746fd0772bea590a8/731bf1a4c8d74c68ab6de085d51ed89b790f33ef
CASA holds 52nd Annual General Meeting,"CASA Treasurer Shehara Jayawardena, Ports and Shipping Minister Mahinda Samarasinghe, CASA Chairman Ruwan Waidyarathne, SLPA Chairman Dr. Parakrama Dissanayake, CASA Vice Chairman Iqram Cuttilan and CASA Secretary General Ralph Anandappa

 




The Ceylon Association of Shipping Agents (CASA),Read More",https://www.slpa.lk/port-colombo-page/1f8ed138f59f2c34d4532fb0ca54cf39/7c6728ea06c40a20935bc24a7371f40da1a9bf5e
A land mark meeting between Sri Lanka Ports Authority (SLPA)  and the SL Customs (SLC) to resolve industry issues,"A land mark joint meeting to discuss a number of maritime industry related issues was held recently, initiated by the Sri Lanka Ports Authority (SLPA) and Sri Lanka Customs (SLC) with the members of the Ceylon Association of Shipping Agents (CASA) and members of Sri Lanka Association of VesselRead More",https://www.slpa.lk/port-colombo-page/4d8ebbfabcd8e60ff3cd407cb38fc675/110644b2aa95708830c13a73fcbdabb1deac5fb4
CASA presents memento minister,"Ceylon Association of Shipping Agents (CASA) Chairman and Haykeys Advantis Managing Director/CEO Ruwan Waidyaratne, presents a memento to Chief Guest, Mahinda Samarasinghe at the 52nd CASA AGM at Kingsbury Hotel on Wednesday night(25)
(Ceylon Today - 29072018)Read More",https://www.slpa.lk/port-colombo-page/62192b8644da47aa997a204c9c9f1f3e/3e7c40fbd3ec8def6f4bfd7678ff731db7521101
"SLPA in collaboration with the JCT, SAGT and CICT hold the first ever Port of Colombo Awards Night","The Mediterranean Shipping Company being awarded the most outstanding Main Line Operator to the Port of Colombo by Hon.Minister of Ports and Shipping Mahinda Samarasinghe and Hon. Deputy Minister Nishantha Muthuhettigama. Director (Port Operations) of SLPA Mr.Jayantha Perera, Mr.Romesh David –Read More",https://www.slpa.lk/port-colombo-page/1555b527f67a66e85eca4ab9825f96a9/9747c88e2fbaff606111bf9dade6ca6e760efc2b
National ports master plan ready by end of the month,"Sri Lanka Ports Authority Managing Director H. D. A. S. Premachandra

 





	SLPA in process of drafting maritime and logistics policy
	Calls on stakeholders to come up with best design for NSW


The Sri Lanka Ports Authority (SLPA) is set to launch a national ports master plan, followed by aRead More",https://www.slpa.lk/port-colombo-page/d710f2a7bac3197003d120acff7110d1/1c94179549332056a569f0763177ad11e808910f
"Sri Lanka, China, India jointly invest US$ 700 mn to develop Lankan ports","Sri Lanka Ports Authority (SLPA), China and India are jointly investing over US$ 700 million to develop three key ports in Sri Lanka in the next three years.

Sri Lanka Ports Authority (SLPA), China and India are jointly investing over US$ 700 million to develop three key ports in Sri Lanka in thRead More",https://www.slpa.lk/port-colombo-page/8d90d33d015f3528e8eeff71def294d1/fc60bbde1bc5502fb08727f00e75e45b3067e73f
Mediterranean Shipping triumphs at Port of Colombo Awards,"Mediterranean Shipping Company was awarded the most outstanding main line operator to the Colombo Port last night, beating global giant Maersk. MSC was recognised at the first-ever Port of Colombo Awards Night, officiated by Ports and Shipping Minister Mahinda Samarasinghe. The awards ceremony waRead More",https://www.slpa.lk/port-colombo-page/3433d7f2e6b1a4b406df005bd5b9531c/8add5065f36deef0ec501ad25405169bb8886560
"3rd Sri Lanka-Japan Dialogue on Maritime Security, Safety and Oceanic Issues concludes successfully","The 3rd Sri Lanka–Japan Dialogue on Maritime Security, Safety and Oceanic Issues was held on 19 July at the Ministry of Foreign Affairs, Colombo.

The Dialogue forms an important pillar of cooperation envisaged in the Joint Declaration on Comprehensive Partnership between the two countries,Read More",https://www.slpa.lk/port-colombo-page/6161dd7a96661822e9e812c5fcc3324c/b459baebe58a5e02f045f4ee05d1379e56571d4c
The Port of Colombo transshipment volumes increase by 19.8 %,"Hon.Minister of Ports and Shipping Mahinda Samarasinghe and the Chairman of Sri Lanka Ports Authority (SLPA) Dr.Parakrama Dissanayake on a special inspection visit at the Jaya Container Terminal (JCT) of SLPA.

 




Establishing a record in transshipment operations the Port of Colombo has wiRead More",https://www.slpa.lk/port-colombo-page/1679f6a1c4915fa05ea3857de93839ad/f314ccbfadd19f5c54ff6ff96246901eccf0c88f
"SLPA in collaboration with the JCT, SAGT and CICT to hold the first ever Port of Colombo Awards Night","Sri Lanka Ports Authority (SLPA) in collaboration with the Jaya Container Terminal (JCT), South Asia Gateway Terminals (SAGT) and the Colombo International Container Terminals(CICT) for the first time, has organized the Port of Colombo Awards Night 2018. The ceremony will be held on Monday 23rd JRead More",https://www.slpa.lk/port-colombo-page/10f6b52034c4639876c759073bb35842/441efd372026783a579f54218de0324768f38b04
SL to deploy feeder vessel to Bangladesh,"Cabinet approval was granted to deploy a vessel registered under the Sri Lankan flag as a feeder vessel to be used at the Port of Chittagong, the main port in Bangladesh.

A Memorandum of Understanding (MoU) was signed between shipping corporations of Bangladesh and Sri Lanka in a bid to strengthRead More",https://www.slpa.lk/port-colombo-page/c0fbc9a76cf5ad9e60fee76f9d6f3b1c/8e829ff5d8bad1e5857aa2e99d765fceb4f04ddf
US$ 300mn ADB loan to construct Port Access Elevated highway,"Cabinet approval was granted to obtain a foreign loan of USD 300 million from the Asian Development Bank as an investment for the Port Access Elevated Highway.

The project will construct an Expressway linking Colombo- Katunayake Expressway to the Colombo Fort and Port via the New Kelaniya BridgeRead More",https://www.slpa.lk/port-colombo-page/d7ed570645abe276ebe1c8394079b497/c2181a8842780de811552103187ac6d2762c2aa2
Oluvil Port to be developed,"A meeting was held in the Ports and Shipping Ministry auditorium regarding the Oluvil Port development project under the patronage of Minister Mahinda Samarasinhe.

 

The Minister said the Sri Lanka Ports Authority already has taken steps to renovate the surrounding coast-line and to removeRead More",https://www.slpa.lk/port-colombo-page/5c798e059db1c68845240c6e27d36d95/2d49be73f4eb5d54c9370d7a07b822135b06e75d
INS Trikand leaves Colombo harbour,"The Indian Naval Ship INS Trikand which arrived in Sri Lanka on July 7 on a goodwill visit, left the Colombo harbour yesterday after a successful tour. The Sri Lanka Navy bade farewell to the ship in compliance with naval traditions, at the harbour premises.
(Daily News - 10072018)Read More",https://www.slpa.lk/port-colombo-page/0620103723234904a95a04ca1441ba66/a86d42a30eafcfbdb48a2d4be43d9838196df158
Shipping Minister to power more ports development post-Hambantota deal,"Ports and Shipping Minister Mahinda Samarasinghe, in a recent interview with the Daily FT, recapped the success of concluding the mega-lease deal of Hambantota Port, which he identified as critical, and outlined plans for the development of other ports in the country aimed at enhancing Sri Lanka&rsqRead More",https://www.slpa.lk/port-colombo-page/6bb04f187c43d6279dda1469947a7b97/1b50173b016f1da7d477317f074275e9c1d58c6a
Colombo International Container Terminals partners with the National Chamber of Exporters of Sri Lanka as the strategic partner,"From left: Ms. Kosala Suranjani - Business Development Executive(NCE) , Ms. Menaka Wanniarachchi - Director Operations (NCE), Shiham Marikar – CEO/Secretary General (NCE), Jack Huang – CEO (CICT), Tissa Wickramasinghe - Chief Business Development Officer (CICT) and Ms. Catriona JayasundeRead More",https://www.slpa.lk/port-colombo-page/440cc0275fe061ee00a90a806c835346/f614331f9b2107d432def8648c66e5f0ae42ea42
SLPA joins Drug Prevention walk to mark Drug Prevention National Week,"Vice chairman of SLPA Mr.P.G.Dassanayake, Director (Logistics) – Mr.Upali de Zoysa, Director (IS) Dr.Prasanna Lokuge, Director (Human Resources) Mr.P.Ranathunga, several Heads of Divisions and Senior Executive Officials of SLPA are also in the pictures.

 




Sri Lanka Ports Authority (SRead More",https://www.slpa.lk/port-colombo-page/3f4df5b3a3147197568ebdcb0d31c562/3f010794ceaef5f0d7e2e4400be56e318d0bdc90
Hambantota Port agreement purely a commercial transaction - Minister,"Ports and Shipping Minister Mahinda Samarasinghe said the agreement with the Chinese firm on the Hambantota Port makes it clear that the facility cannot be used for military purposes.

In an interview with the Daily News, the Minister noted that intelligence and strategic possibilities of the porRead More",https://www.slpa.lk/port-colombo-page/21c791725ec77be16d976e1110e062a2/ffb4d8730c7313a0daba77866e8462f4812c8def
SLPA to seek Cabinet approval for new East Container Terminal development plan,"Dr. Parakrama Dissanayake

 




The Sri Lanka Ports Authority will soon seek Cabinet approval for the new development plan of the East Container Terminal (ECT) of the Colombo port, according to a top SLPA official.

“We will be shortly seeking the Cabinet approval to go ahead with the deRead More",https://www.slpa.lk/port-colombo-page/60efaa8e9fbeb2985a72629c15727488/2dbf91b511bb3da7cd9acd9eac676541ce773bf2
CILT Sri Lankan delegation attends CILT Annual International Convention in Poland,"The Annual International Convention of the Chartered Institute of Logistics and Transport (CILT), which is a much-awaited global gathering of logistics and transport professionals, was held from 3-6 June at the DoubleTree Hilton Hotel in Wroclaw, Poland. Picturesque Wroclaw was selected as the beRead More",https://www.slpa.lk/port-colombo-page/390adcc3539f0428139b0fa308f690f5/66224cdbd1a522e29e08bd79223fdfeaede12f8d
ONE launches third service at SAGT,"From left: ONE Lanka Senior General Manager Ayesh Perera, ONE Lanka General Manager – Product and Network Lohitha Hettiarachchi, NYK Themis Chief Officer Jhinjha Jayant Kumar, NYK Themis Master Capt. Gagandeep Singh, SAGT Chief Executive Officer Romesh David, SAGT General Manager Operations UpRead More",https://www.slpa.lk/port-colombo-page/38ab47dc01d868bf9c2977950674ece7/5a45048dee87a0aa3ce569acaa26697c503b7926
"SLPA posts Rs 13.2bn profit in 2017, becomes 13th best port","SLPA Chairman speaking at the event. Picture by Chaminda Niroshana

 




Sri Lanka Ports Authority (SLPA) during the corresponding period of 2017 had earned a record net profit of Rs. 13.2 billion and became the 13th best connected port in the world.

SLPA, Chairman Dr. Parakrama Dissanayaka mRead More",https://www.slpa.lk/port-colombo-page/5fe63fccd5f8592a3035a3d21448a81a/37c8e6a23ec74f258af6225340b072a8975a112c
CM Port pays the final tranche of US$ 584  million in Hambantota Port investment,"Symbolizing the payment of US $ 584,194,800 to Sri Lanka Ports Authority as the final tranche of the Public-Private Partnership (PPP) investment for Hambantota Port. In the picture, from left are; Mr.Nilan A.S.Wickramasinghe – Executive Director of SLPA, Mr.Mohan Wijesinghe – Legal CounsRead More",https://www.slpa.lk/port-colombo-page/65adcfec3d20034c9a380f9167d3bbda/adbf092366f03176f9a691140d8f640af20a887a
Colombo Port to be opened for public: Samarasinghe,"Minister Mahinda Samarasinghe inspecting security personnel during the ceremony.

 




Even though the Colombo Port had operated as a high-security zone during the 30-year war period, in the near future, it would be opened for the public having considered the prevailing peaceful conditions inRead More",https://www.slpa.lk/port-colombo-page/f555ad1c59f8a1e6f6234d09bce86f1d/5b8cb8f0aad584ca10b25cfd84938ff818596fc9
Ocean Network Express (ONE) commenced calling the JCT of SLPA,"MV""Honolulu Bridge” at the Jaya Container Terminal (JCT) of Sri Lanka Ports Authority (SLPA).

 



 

From Left: Mr.Ayesh Perera (Snr.General Manager,ONE Lanka), Mr.Lohitha Hettiarachchi ( GM, Product & Network,ONE Lanka),Mr.Upul Jayatissa - Chief Manager (Marketing & BRead More",https://www.slpa.lk/port-colombo-page/5e856b8939e0e9513c62df84d4cd011c/b3411d6a5323bc0cc822a1acdf124d77d3a247c0
US Special Delegation visits Port of Colombo,"A special delegation from the United States visiting the Port of Colombo recently.  From left: Congressman Henry Cuellar, SLPA Chief Manager (Marketing and Business Development) Upul Jayatissa, US Ambassador to Sri Lanka and the Maldives Atul Keshap,  House Armed Services Committee Chairman WillRead More",https://www.slpa.lk/port-colombo-page/4442b62580cc8822d0f14b613a3e36b0/749cbda01d7e2e1f576a382af27e4ab3788d7aea
"CASA embraces paperless initiatives, use of digital signatures","CASA, the voice of the shipping industry successfully facilitated the seminar on ‘Paperless initiatives of Sri Lanka Customs and the use of digital signatures’ on 24 May at the Sri Lanka Foundation Institute. The seminar was attended by over 120 participants representing diverse indusRead More",https://www.slpa.lk/port-colombo-page/ff583c4ed05adcb9d1f8d9b1f8e66ba7/8aece01e472b05f7bbcbe212b31a3869fa401deb
WISTA to create interest in young women to take active roles in shipping industry,"Felicita Alwis, WISTA MEMBER, Catriona Jayasundera, WISTA EXCO, Nilu Wickramasinghe, WISTA EXCO, Shalinie De Silva, WISTA EXCO, Anoma Ranasinghe, WISTA EXCO, Dharshanie Illukpitiya, WISTA EXCO, Sewwandi Wanniarachchi, WISTA SL Member at the eventFelicita Alwis, WISTA MEMBER, Catriona Jayasundera, WIRead More",https://www.slpa.lk/port-colombo-page/344207c5a813bbd6d5a5709c12626899/6423e77cb963895cf05d7f9529402bc920f9cff9
Insee Cement enhances supply chain practices,"Hambantota harbour




Sri LankaŌĆÖs cement market was up 1.5 percent year-on-year to 1,653 kilo metric tonnes by the end of 1Q 2018, indicating a slow recovery in the construction sector.

The growth mainly came from the industrial customer segment while the other segments were stagnant. Cement supRead More",https://www.slpa.lk/port-colombo-page/794e7a48fd7bcf55140861ee90da68ab/3aedcc100ffc992a53c0b0f3696593a33862fd33
Largest common carrier vessell arrives at JCT,"The largest common carrier vessel to visit Sri Lanka docked at the Jaye Container Terminal(JCT) of the Colombo Port recently 
(Ceylon Today - 31052018)Read More",https://www.slpa.lk/port-colombo-page/cfa8d608fa94bc61b71b8a8731aa9f26/bb75df6fecf59f0e0d1d9e5df3fc579790295a3a
SL and Korea sign MOU on cooperation in Aids to Navigation during visit of Minister Samarasinghe,Minister of Ports and Shipping of Sri Lanka Mahinda Samarasinghe and Minister of Oceans and Fisheries of the Republic of Korea Kim Young-Choon signing MoU between the Ministries of Ports and Shipping of Sri Lanka and Oceans and Fisheries of Korea on cooperation in the development of Aids to NavigatiRead More,https://www.slpa.lk/port-colombo-page/7a94c446179f50ebe69971c794d4d21d/a439a2030eb716d64ebb2bb4049f7cae53948ca3
Colombo Port records worldŌĆÖs second highest growth in 1Q,"Minister Mahinda Samarasinghe with Chairman of SLPA Dr. Parakrama Dissanayake at the Colombo Port

 




The Port of Colombo recorded a 16.2% growth for the 1st quarter 2018 over same quarter last year In container handling according to Alphaliner Monthly 2018.

Among container Ports worldwide,Read More",https://www.slpa.lk/port-colombo-page/60704e67876ef86a2223019601e3e497/b7f746ba49bb5e69e3da72df7b989fe2025a9169
Chinese-operated HŌĆÖtota port now eyes bunkering business,"Hambantota International Port Group (Private) Limited, the joint venture formed between China Merchants and Sri Lanka Ports Authority for the development of the Hambantota port, now eyes the bunkering business for global shipping lines, an official said

The company’s Chief Operating OfficeRead More",https://www.slpa.lk/port-colombo-page/94d0a2f44486efe8a23cb8f321e58ceb/0d12802954af33a35f4549ca2a8188f19a62599a
Thailand Ambassador to Sri Lanka visits Colombo Port,"Photo: from left to right; Ms. Chandrika Naleer, Additional Chief Manager for Administration of Sri Lanka Ports Authory, Mr. Nalin Aponso, Chief Manager for Communications and Public Relations, Mr. Upul Jayatissa, Chief Manager for Marketing and Business Development and Acting Chairman of Sri LankaRead More",https://www.slpa.lk/port-colombo-page/80564b7c305cf266ebc0a3ac1b91042c/b9eab4ae77b8cc72ed7a698dc37aaa2ad9c2a858
CICT adjudged Best Container Terminal in Asia for second successive year,"The CMPort managed Colombo International Container Terminal (CICT) was adjudged the Best Container Terminal in Asia in the Under 4 million TEUs category at the respected Asian Freight, Logistics and Supply Chain (AFLAS) Awards, bringing pride to Sri LankaŌĆÖs Ports sector.


This is the second coRead More",https://www.slpa.lk/port-colombo-page/5c77b2b4e78de81b3a8a02c9b3db6920/d36ac21c54344808a156a8506b2760661d546119
Colombo port container handling grows by 8.3% TEUs,"Ship arrivals decline 2.4% in 2017

SLPA increase in revenue by 2.2% unaudited PBT Rs 13.1b in 2017




Total container handling at the Colombo port grew by 8.3 percent to 6.2 million twenty-foot equivalent container units TEUs in 2017 against the 5.7 million TEUs recorded in 2016, due to increasedRead More",https://www.slpa.lk/port-colombo-page/c53830899285be92d03189f8c0945bcd/f391452e9edd1ac55834db9697d5c3892cdefc95
HŌĆÖtota Port to develop ro-ro business,"The management of Hambantota Port is looking for the development of a marine-related industrial park and the construction of a Liquefied Natural Gas (LNG) power plant for the Port, said Chief Operating Officer of Hambantota International Port Group (HIPG) Tissa Wickramasinghe.

He said that HamRead More",https://www.slpa.lk/port-colombo-page/5b60468c91bb9d4633f8ea916db5b70f/7c1f5bcd42b21cb6822a84ec18f38857aa241c6a
Right of reply -  SLPA says no unfair treatment to Laugfs over terminal in Hambantota,"In response to the article titled ‘Laugfs unhappy over H’tota terminal delay’, which appeared in the Daily FT of 14 May, the Sri Lanka Ports Authority (SLPA) yesterday released a statement seeking to provide their side of the issue, insisting that no investor had been subjectedRead More",https://www.slpa.lk/port-colombo-page/8bebf8a1cfa8e4f1bceaff0e99680088/fb3245b6da67b501e8191567554a016d8dd02f17
Colombo Port one of the busiest in the world,"Heavy container traffic at the Colombo Port

 




The Sri Lanka Ports Authority (SLPA) has earned record profits in the year 2017, reported the Ports and Shipping Minister yesterday.

In 2017, the SLPA earned Rs 45.6 billion while its net profit after taxes came to Rs 13.3 billion. In 2016, thRead More",https://www.slpa.lk/port-colombo-page/7146592852c508fa8294db39aba25be3/980d164e69149d00fa7ce2dea6a35b1404b1514c
CMPort spells out operational potential of Hambantota Port At major container supply-chain event in Asia,"Hambantota could be an important ‘pit stop’ in the Indian Ocean for ships plying the east-west route, a senior business leader told an influential global port industry forum recently.

Invited to make a presentation at the 2018 TOC Asia (Terminal Operator Conference) in Singapore, theRead More",https://www.slpa.lk/port-colombo-page/cff472ca7aeeb89cef63c5792bd9718b/62aa9f2fcf8e67a23054ca39717f5e4fda97c913
"SLPA posts 15.3% growth in Q1 - Colombo, Trinco, Galle show profits","The Sri Lanka Ports Authority (SLPA) has recorded a total growth of 15.3% for the first quarter 2018, with Colombo Port growing at 16.2 per cent during the same period and Trincomalee and Galle Ports posting profits.

According to the SLPA, the State-owned entity had made a profit of Rs. 13.3 bilRead More",https://www.slpa.lk/port-colombo-page/43b853548178fcf3d28d9bcedb8be77a/b14edcab56f6bea2df47c2bf86c634197e3a984b
HyundaiŌĆÖs new Asia-Europe Express Service adds Colombo,"A plaque being exchanged between Chairman of Sri Lanka Ports Authority, Dr.Parakrama Dissanayake and D H Oh, Managing Director of HMM Regional HQ India to commemorate the maiden call of the AEX independent service at JCT recently

 




Hyundai Merchant Marine (HMM) launched its new Asia-NorthRead More",https://www.slpa.lk/port-colombo-page/4af90380f3c770eb9333d75781f32a88/76ec9d9987daee7978ca137600c6834bd97e34af
SLPA as a leading public sector institution records higher revenue,"Operations at the Jaya Container Terminal (JCT) of SLPA

 



 




Sri Lanka Ports Authority (SLPA) as a leading public sector institution has achieved a revenue of Rs.45.6 billion in 2017. This is a significant increase compared to 2016. The net profit after tax for 2017 was Rs.13.3 billRead More",https://www.slpa.lk/port-colombo-page/de3d98b17e36dfcdaeab97a647a270d9/0b43d22cc67abcbb4f039339e1634a7cfc0a1627
Japanese Ambassador to Sri Lanka and a delegation representing Japanese Prime Minister called on Minister of Ports and Shipping  to discuss Japanese assistance for port development in Sri Lanka.,"Japanese Ambassador to Sri Lanka Kenichi Suganuma and a delegation representing Japanese Prime Minister, led by Hiroto Izumi, called on Minister of Ports and Shipping Mahinda Samarasinghe, recently, at his ministry to discuss Japanese assistance for port development in Sri Lanka.  Secretary to tRead More",https://www.slpa.lk/port-colombo-page/2dcca2d593078b7f7c465d67d73a3e7c/3f5d7fe97eb05f4c74980c4aebb8ef9e487dd7e2
1.  The commitee on high posts of the parliament of sri lanka to examine the suitability of persons appointed / nominated to the state services and state corporations,View,https://www.slpa.lk/uploads/article_attachment/attachment_2018_05_02_15252590021525259383.jpg
HON LALITH ATHULATHMUDALI AN APPRECIATION,"Lalith Athulathmudali

 




I read with great interest Mr. Krishantha Cooray’s appreciation of the late Hon Lalith Athulathmudali , and also the appreciation of Hon Lalith Athulathmudali (Minister L.A. ) by H.E. The President.

I had the good fortune and the privilege to be associated MiRead More",https://www.slpa.lk/port-colombo-page/bbf1b32fb69ee9b77059b738ed5acf1d/02c498f90ea2d6ffaf41bbd09816449f73748c8e
SLPA to host 5th Kolomthota Vesak Zone in a grand scale,"SLPA Vice Chairman P. G. Dissanayake speaking at a special meeting convened to discuss organising activities of the Kolomthota Vesak Zone. With him are Chief Patron Colombo District Chief Incumbent Ven. Panditha Nikula Pannasara Thera, the top management officials of SLPA including Additional ManagiRead More",https://www.slpa.lk/port-colombo-page/3928c94efa93309a2825088c9e0c227f/fdab678db3fddd237c73f9e63bf5a021e2559b81
ŌĆśHŌĆÖtota Port project a successŌĆÖ,"Ambassador of China to Sri Lanka, Cheng Xuetuan

 




Both China and Sri Lanka have benefited from World Trade Organisation (WTO) and the global trade rules, which have contributed to China’s reform and opening up and also making Sri Lanka a jewel in the Indian Ocean, said the AmbassadorRead More",https://www.slpa.lk/port-colombo-page/4402e8838682bb3bd12889fead0abeb9/1fd99bc79863537d3b69fee534584ae23e8d4822
No interference in SLŌĆÖs internal affairs: Envoy,"Chinese Ambassador to Sri Lanka Cheng Xueyuan with Prime Minister Ranil Wickremesinghe.

 




Chinese Ambassador to Sri Lanka Cheng Xueyuan, responding to recent accusations on the alleged Chinese militarization at Hambantota Port, pointed out that there is no military purpose for China in conRead More",https://www.slpa.lk/port-colombo-page/b72c8b0f3b26067b2eff74e3090ca64f/7564d1cc3a0f112046aea8f75ba86c5e5b90c1aa
SLPA runs its terminals fully occupied during seasonal holidays,"Operations at the Jaya Container Terminal (JCT) during the Sinhala and Tamil New Year Season.



With 100% attendance of operations and all other supportive staff  during  Sinhala and Tamil New Year season, and especially on 13th and 14th April 2018, the Jaya Container Terminal (JCT) and tRead More",https://www.slpa.lk/port-colombo-page/445af2e4bef22274ac298f47229d17e1/9981611baa34aeb0ab63800d9ee41fc2fd43bbb8
KKS Harbour and Colombo Port project given green light,"$45.17 m credit line from India for KKS
	Harbour restoration
	Technical Assistance loan from ADB for development of northern section of Colombo Port


The Government this week approved loans to develop both the Kankesanthurai (KKS) Harbour and the northern section of the Colombo Port.Read More",https://www.slpa.lk/port-colombo-page/4074ece199f431057772ec64ff1a70c7/0bf54ab5cf1fc21b1b82dcd17863657c199d6ae2
Colombo Port Northern Harbour project - SL to call for EOIs and proposals,"The Minister of Ports and Shipping received Cabinet approval on Tuesday (27) to select a consultancy firm for the feasibility study on the proposed Colombo Port North Harbour project.

 




Minister of Ports and Shipping Mahinda Samarawickrama requested approval to call for Expressions of InteRead More",https://www.slpa.lk/port-colombo-page/ebd34885f20e9ed39cbd71cc07f6f89e/198a13861ba5e5fb3b56348e7af0936dec34c2ab
"Loans for development of KKS Harbour, Colombo Port approved","Loans to develop the Kankesanthurai Harbour and the Northern section of the Colombo Port, have been approved in keeping with plans to improve the logistics and shipping sector in the island.

A dollar credit line agreement was signed between the Export-Import Bank in India and the Government of SRead More",https://www.slpa.lk/port-colombo-page/22560adb0a7ba2d70b3ab8aad1e79d58/70d857f64fe36b0a8f83e07887e39d3e3384cc94
Port of Colombo ŌĆō 13th Best Connectivity Port in the world,The Port of Colombo that had been ranked as the 18th Best Connectivity Port by the Drewry Port Connectivity Index is up by five places and is now ranked the 13th best Connectivity Port in the world in the 4th quarter 2017. According to the rankings the Port of Colombo is also the top best conneRead More,https://www.slpa.lk/port-colombo-page/2e4edd565287693d3ba1b245271b1179/c299ab1531627bb785e8ead0a09ef41970e0ad4c
Magampura Port workers receive permanent jobs,"Minister Mahinda Samarasinghe handing over an appointment for an employee.

 




In accordance with the agreement between the Sri Lanka Ports Authority and trade unions following the new launching of the Hambantota Magampura Port, 135 port workers were given permanent Jobs and others were paidRead More",https://www.slpa.lk/port-colombo-page/a7e422db6df4aa3e4b38551e8edb62bc/32f060f47b3635dc9a51f8f24ca9b924c48b6cfa
THE RUSSIAN AMBASSADOR TO SRI LANKA MR. YURI BORISOVICH MEETS MINISTER OF PORTS AND SHIPPING MAHINDA SAMARSINGHE.,Read More,https://www.slpa.lk/port-colombo-page/3097cfa73892ef17b4d65ade48a1b9a3/fb8486b72e3f75b25b3e6476a1f44c102c3a0723
Young Shipping Professionals organize 'CASA OPEN QUIZ 2018',The much awaited inaugural CASA open quiz 2018 which was conducted by the Young Shipping Professionals of CASA in collaboration with the International quizzing association (SL branchat BMICH was a resounding success with the participation of 34 teams covering various industry sectors such as LogiRead More,https://www.slpa.lk/port-colombo-page/50768aaa5d1fdbd93ba29892411c9882/d2669ff83f5c3d466054e136270254fd088582f4
"SAGT awarded ŌĆśBest Port, Terminal in Indian Sub-Continent RegionŌĆÖ","South Asia Gateway Terminals (SAGT), the first Public-Private Partnership Container Terminal in Sri Lanka, was awarded the 'Best Terminal in the Indian Sub-Continent Region - 2018' for the second consecutive year by the Singapore-based Global Ports Forum, held at the Grand Hyatt Hotel in Dubai, aRead More",https://www.slpa.lk/port-colombo-page/949cce7ed9f35189cc47344d2bdd50e3/e242b421603f561e1876f741968234390251ed30
Feasibility study to commence soon,"A comprehensive feasibility study to establish a Liquefied Natural Gas (LNG) terminal and Floating Natural Gas terminal within the Colombo South Harbour will commence this month, Sri Lanka Ports Authority (SLPA) Chairman Dr. Parakrama Dissanayake said.

Speaking to the Daily News yesterday, the SRead More",https://www.slpa.lk/port-colombo-page/8d9c6c788a44ea0cf5febfa93856fa01/ffbf03578610053b06321eff0f4895dc216b3580
CASA facilitates seminar on Sri LankaŌĆÖs maritime hub aspirations,"In sifting through a myriad of ideas and thoughts discussed and debated in recent times, and highlighting the different aspects which make up a maritime hub, dispelling many myths held that a maritime hub is limited to container operations, CASA opined it would be necessary to evaluate the fundamRead More",https://www.slpa.lk/port-colombo-page/f7a4020e2cf632bca27842ba59fd0d99/59ac63d5d58daa8360b4d161ddd718ace84b71d0
PeopleŌĆÖs mandate is with unity govt - Minister,"The two parties in the governing coalition have obtained a higher mandate than any other party at the local government election, so no other party can challenge the government, said Ports and Shipping Minister Mahinda Samarasinghe yesterday.

He pointed out that the majority is 50.1 percent and nRead More",https://www.slpa.lk/port-colombo-page/dd9b0acd4797f9296db57d746b730afa/3bac764197e186ba872145b4550bf55c694b41ae
Colombo Port expenditure cut by 8.6 percent,"The expenditure of the Colombo Port has been reduced by 8.6 percent in 2017 in comparison to 2016, said Ports and Shipping Minister Mahinda Samarasinghe yesterday.

He also added that the Colombo Port has increased its income by 3.5 percent as well, in comparison to the previous year, making a toRead More",https://www.slpa.lk/port-colombo-page/008ed3f76b0e69c20aae31942f319817/ab610479d6c25cf64dd8e52d7be073c03dbafd2f
Plans ports upgrades countrywide,"*  KKS to be developed with assistance from India
* Galle Port to be expanded as Yacht Marina
* Developing ports in East “top priority”

Ports and Shipping Minister Mahinda Samarasinghe said that several major ports throughout the island would be developed in 2018, inclRead More",https://www.slpa.lk/port-colombo-page/34c7e83d66946439000a2e8ae74ade8a/0dd012bc6e2deaa258dc56945c87b81255629c0d
SLPA nets record profits of Rs 13.3 b,"Bringing in the dividends of the Hambantota Port lease to China, the Sri Lanka Ports Authority (SLPA) recorded an unprecedented profit of Rs 13.3 billion in 2017 assisted by its relief, top officials said yesterday.

Ports and Shipping Minister Mahinda Samarasinghe announced the revenue numbers yRead More",https://www.slpa.lk/port-colombo-page/64fa4dcb094e2b9578ff44d0e8f298d3/38d6ff2dd1350e6a30356a62e844961a71175702
Major promotion drive finalized for Colombo Port Cabinet approval sought to fast-track ET development,"A formal agreement was finalized between the Sri Lanka Ports Authority (SLPA), Colombo International Container Terminal (CICT) and South Asia Gateway Terminals (SAGT) to promote the Colombo Port, according to Minister of Ports and Shipping, Mahinda Samarasinghe.

""We have negotiated a hallmark agRead More",https://www.slpa.lk/port-colombo-page/67d7fe8a9501aaba5bb33146c3d4e82f/c4e98bb2c8075f07e380f29d5bcc9515515f58f9
SLPA posts record Rs 13.2 bn profit in 2017,"Ports and Shipping Minister Mahinda Samarasinghe presenting a award to recipient looked on by SLPA, Chairman Dr. Parakrama Dissanayaka. 

 




The Sri Lanka Ports Authority (SLPA) has posted a record profit of Rs. 13.2 billion in 2017.

Ports and Shipping Minister Mahinda Samarasinghe revealedRead More",https://www.slpa.lk/port-colombo-page/4b584af1ea763ca9b62b0bb4edbd692b/2c6d47533ab72cb32c0a01bde8378726bdf0c25c
SLPA receives GPF Ports Authority of the Year 2018 award,"Upul Jayatissa, Chief Manager (Marketing & Business Development) and Nalin Aponso, Chief Manager (Communication and Public Relations) receiving the GPF’s Ports Authority of the Year 2018 Award for Sri Lanka Ports Authority (SLPA) from Muna Al Maeeni, De

 




Sri Lanka Ports AuthoritRead More",https://www.slpa.lk/port-colombo-page/9c622c00fa107cb0051c3c123dfd9458/c19af8a7ed552cd573cc85b2587b49bfe534dbd9
CALL TO SET UP MARITIME PROMOTION BUREAU,"Hambantota port

 




Sri Lanka hasn’t the luxury of wasting time any longer in transforming its ports and shipping industry to be a global port operator when others in the region are progressing in leaps and bounds, ports and shipping experts said at a conference in Colombo last week.Read More",https://www.slpa.lk/port-colombo-page/e0514fc19c67759f36eed9a9501ed8b7/4f1b0cea3d2e19f2ca522f235822a330b89bb10f
National Port and Maritime Sector Policy soon ŌĆō Port MD,"Sri Lanka will introduce a national Port and Maritime Sector Policy shortly, Sri Lanka Port Authority (SLPA) MD, H. D. A. S. Premachandra said Yesterday.

Addressing the Ceylon Association of Shipping Agents (CASA) forum in Colombo he insisted on the importance of having a solid, unchanged policyRead More",https://www.slpa.lk/port-colombo-page/5149b300a6181aecdef233a7c0865b3c/222472bb39ee0211b31aacbbf4aadb380e105006
Unpoliticized Maritime Promotion Bureau required: Ports Authority Chairman,"Highlighting that branding is vital to achieving Sri Lanka's vision of becoming a maritime hub, Sri Lanka Ports Authority Chairman Dr.Parakrama Dissanayake called for the establishment of an un-politicized Maritime Promotion Bureau, steered strictly by the Government.

Speaking at a forum on SriRead More",https://www.slpa.lk/port-colombo-page/efce5ea91d54b37676e01bac29e3cef4/d6e0e981c552baf30645b47e8a58738dc252489b
Transshipments at Colombo Port up by 20.4% in Jan.,"Transshipment operations at the Port of Colombo have shown a significant increase in January this year against last year amid an increase in productivity, Sri Lanka Ports Authority said.

Accordingly against 362,451 transshipment TEU operations in January 2017, together with the JCT, SAGT and CICRead More",https://www.slpa.lk/port-colombo-page/6bad148aa9614391eca75ff0897ab26c/b8b4f5d93761c6700db63d3f4cf5f4f133a0e2d9
Transshipments at Colombo Port up by 20.4% in Jan.,"Transshipment operations at the Port of Colombo have shown a significant increase in January this year against last year amid an increase in productivity, Sri Lanka Ports Authority said.

Accordingly against 362,451 transshipment TEU operations in January 2017, together with the JCT, SAGT and CICT,Read More",https://www.slpa.lk/port-colombo-page/82b89b4240e963d8be553afae140eda6/4a9291a7ce84921475463fdd2b6fcccdbf76668a
Nippon Maru visits Colombo,"The Nippon Maru which is deployed on a youth exchange programme, will call over at the Colombo Port today together with 242 youth from various countries.

Nippon Maru which marks its 29th visit to the country this year, sails around the world with a view to exchanging cultural values, goodwill anRead More",https://www.slpa.lk/port-colombo-page/af5cc8483a5908ff1ba01743a2f9ad13/82be4c2ac2127ddfe019ae50dfe21f195e14d5b5
Transshipment container traffic grows by 14.4% ColomboŌĆÖs maritime hub status reinforced,"Colombo's regional maritime hub status was strengthened by the fact that transshipment traffic, led by the economic strength of India and complemented by Christmas seasonal demand, grew by 14.4 per cent year on year (YoY) in November 2017 to 412,287 twenty foot equivalent unit of containers (TEUsRead More",https://www.slpa.lk/port-colombo-page/42d4cbfd1d55ebf50e36449e6d00c1a4/b6eb21208a6dee1bc8da3e94f8a301ab5e97b777
SLPA VOLUMES AT A STEADY INCREASE SINCE 3RD QUARTER 2017,"The Jaya Container Terminal (JCT) of Sri Lanka Ports Authority (SLPA)

 



Hon. Minister of Ports and shipping Mahinda Samarasinghe and the Chairman of Sri Lanka Ports Authority (SLPA) Dr.Parakrama Dissanayake in a special observation at the Jaya Container Terminal (JCT)




The Jaya ContainerRead More",https://www.slpa.lk/port-colombo-page/a70bc0032f0b43322dca83012c5c0f5d/05ac38c3d10c181758b3e05ca2a479f70bff60d6
RCL commences  Colombo-Tuticorin New Feeder Service  at the JCT,"MV Charlie at the Jaya Container Terminal (JCT) of Sri Lanka Ports Authority (SLPA)

 


Mr.Upul Jayatissa – Chief Manager (Marketing and Business Development) of SLPA exchanging plaques with the ship’s Master Capt. Oleg Anashkin. Chief Operations Manager (CO) of SLPA – Mr.I.KRead More",https://www.slpa.lk/port-colombo-page/09d7547074534e14466a9eff1cdc3d55/20dfc7539c48cb32767624bb3e127937de11b63b
Port of Colombo - Three Years of Excellence,Read More,https://www.slpa.lk/port-colombo-page/031b233151b22cc5f6c3b1b37150a027/9d00b820347956517239ca6ec09b099730b90366
Japanese Foreign Affairs Minister visits Colombo port,"The Japanese Foreign Affairs Minister Taro Kono paid a special visit to the Sri Lanka Ports Authority (SLPA) following his official visit to Sri Lanka.

This was the first time in 15 years a Japanese Foreign Minister is touring in Sri Lanka and also the first time a Japanese Foreign Minister everRead More",https://www.slpa.lk/port-colombo-page/d26b43e93302e8ba71d981a0f90cc279/40002db383d93ec6dc1a69a3b8af6eb68f23b0e9
Colombo Engineering performs major crane repair afloat,"Colombo Engineering of the MTD Walkers Group the most efficient ship repairing organisation located in Sri Lankan waters recently performed a major a crane repair operation whilst the ship lay afloat in the Port of Colombo

The 'Queen of Luck' managed by Victoria Oceanway Limited of GreecRead More",https://www.slpa.lk/port-colombo-page/d1b5a991cdca2a3712b1ad500da2a338/2bc708be4e0b72a5370192358aaca7ddc8ca0af3
RCLŌĆÖs Colombo to Tuticorin service debuts today,"RCL has announced the launch of inaugural Colombo to Tuticorin service, providing twice sailings per week, with Service Code RTC.

RTC (RCL Colombo-Tuticorn) Service, will commence her maiden voyage on 8 January 2018 with M.V. Charlie voyage 001N calling CMB (Mon/Tue) ŌĆō TUT (Wed/Thu) ŌĆō CMB (FRead More",https://www.slpa.lk/port-colombo-page/d82cdf386694604438822f21af6ed063/4fddbacf2bee0b6bb8a1efa0b6786b2517f0127b
Japanese Foreign Minister visits Colombo Port,"SLPA Chairman Dr. Parakrama Dissanayake presenting a token of goodwill to Minister of Foreign Affairs of Japan Taro Kono while also seen are Ambassador of Japan Kenichi Suganuma and SLPA Vice Chairman P.G. Dasanayake 

 

 

The significant visit was after 15 years of a Japanese ForeiRead More",https://www.slpa.lk/port-colombo-page/bdce65b8907f91cdd8ad34098bb83a5b/c859358dd9c20473d24071933e23354b7e205ca0
SLPA commences work for 2018,"The Chairman of Sri Lanka Ports Authority (SLPA) Dr.Parakrama Dissanayake speaking at the SLPA’s official commencement of work in 2018. The Vice Chairman of SLPA - Mr.P.G.Dasanayake and the Managing Director – Mr.H.D.A.S.Premachandra are also in the picture.

 




 

Sri LankaRead More",https://www.slpa.lk/port-colombo-page/44ef9a83aafbd4f323686b70a4ad832c/22128d5309050292cbfab65dd6d3fc3f199a8a32
The Port of Colombo handles 6 millionth TEU,"Hon.Minister of Ports and Shipping Mahinda Samarasinghe signals to handle the 6 millionth TEU of the port of Colombo brought in by MV MSC Madhu B at the Jaya Container Terminal of SLPA. Dr.Parakrama Dissanayake – Chairman of SLPA, Mr.Jayantha Perera – Director (Operations) are also in thRead More",https://www.slpa.lk/port-colombo-page/082ab3c3fdca6d22ea625fd3cdb5948e/9a788288b95eec7b9efc0b5726bbedb52981da3c
New Dedicated Feeder Service starts between Yangon and Colombo,"A new Dedicated Feeder Service on Yangon-Chennai-Colombo-Yangon Sector commences with the Port of Colombo. The first vessel under the new service, MV Sea Perl made her maiden call at the Sri Lanka Ports Authority (SLPA) controlled Jaya Container Terminal (JCT) Monday (18).

To mark the occasion aRead More",https://www.slpa.lk/port-colombo-page/abf1e544feba93fcf2879945e2b8b16d/c869c551060dd0779e528fb705c036e16d801a27
H'tota port officially handed over to China,"Sri Lanka formally handed over commercial activities in its main southern port to a Chinese company on Saturday and received $292 million out of a $1.12 billion deal, Finance Minister Mangala Samaraweera said.

The deal, signed in July, will see China Merchants Port Holdings, handling the ChineseRead More",https://www.slpa.lk/port-colombo-page/e787ab599af1b3661b373780ac6340c4/1b6536d23716669f5e52602b64a23f16df2ccad3
Celebrating branding,"Top corporate representatives, politicians and well-wishers were seen at the inaugural Best Sri Lankan Brands Awards ceremony which saw the top 20 local brands crowned by Interbrand. The pioneering initiative was spearheaded by Interbrand, the world’s largest and most influential brand consultRead More",https://www.slpa.lk/port-colombo-page/4aa6e429f9e5de169c67f9baa93eae5e/a5d4b7ba0a0f36b26e51d755c7266b4a4d7d6f8f
CICT promotes Port of Colombo at maritime forum in Hong Kong,"CICT Chief Business Development Officer Tissa Wickramasinghe (second right) at the Forum.

 




The role of the Port of Colombo in facilitating imports and exports and supporting trade with India and other subcontinent countries was expounded upon by Colombo International Container Terminals (Read More",https://www.slpa.lk/port-colombo-page/79981c0c0b4b8eed244754beb9775a59/1e7168ccbd0dd2cc5e3d21ffe2ac4cad654d7fa7
Govt. formally hands over Hambantota port to China Merchant-led JV,"The Government on Saturday formally handed over the Hambantota port to the joint venture set up by China Merchant Port Holdings and Sri Lanka Ports Authority at a ceremony chaired by Prime Minister Ranil Wickremesinghe in Parliament. Several Ministers, officials of Sri Lanka Ports Authority andRead More",https://www.slpa.lk/port-colombo-page/524e525310820255d80350b4779de329/d3690f630e2a61f9cdc625f961722f8146bf7484
Cabinet approves ownership structure of HIPG and HIPS,"Cabinet has approved the proposal by the Minister of Ports, Mahinda Samarasinghe to sign a supplementary agreement on the ownership structure of the Hambantota International Port Group (Private) Limited (HIPG) and Hambantota International Port Services Company (Private) Limited (HIPS) as China MeRead More",https://www.slpa.lk/port-colombo-page/b88d65c43ff0a104ccd01be2a493b3d1/bf11bd1652e2d28d9b147feb89c0d6339ab4a787
The Heist of an Economic Boom,Read More,https://www.slpa.lk/port-colombo-page/40e91b56b39db955b4af5ac6e7a9f032/8ce16a64e02fabf28d6ff43a70bf0f5b500a5f25
Mahinda to up Colombo PortŌĆÖs global ranking,"The minister also stated that the accelerated development process launched in the late 70s to build up the infrastructure of the Port of Colombo reasoned towards its continued growth and to become the 23rd port in the world in container business at present. “During my period in office,Read More",https://www.slpa.lk/port-colombo-page/c3457742987c321aec14479f76712f93/0e78f2a9ffe2126087453bbbcceb5e759eb1c7f1
Sri Lanka Ports Authority clarifies baseless reports  against Magampura Port,"Our attention has been drawn to erroneous speculations and to several inaccurate and misconceived reports relating to the Magampura Port Management Company (Pvt) Ltd (MPMC) and Sri Lanka Ports Authority (SLPA).

The allegation that the employment of the workers of MPMC has been terminated is falsRead More",https://www.slpa.lk/port-colombo-page/fada3908e5fa26f14a78d3fab46ff2fb/0634a45a5d55719a3ebf23ba6c3a94e2aa0a346e
SLPA suffers reversals - FM Private sector container handling grows,"Container handling at the State-run Jaya Container Terminal (JCT) and Unity Container Terminal (UCL) operated by Sri Lanka Ports Authority (SLPA) at the Colombo Port registered an 8.4 per cent year on year (YoY) decline to 1,471,679 twenty foot equivalent units (TEUs ŌĆō relating to containers) iRead More",https://www.slpa.lk/port-colombo-page/74c68d4f6c8e71ac2e66740f725b1b78/ccb48a2dec176f3c19fbbfe9fada1e87a978a8fe
2.  Our Contribution Towards Economic Prosperity of Sri Lanka  -   Volume Growth and Performance,View,https://www.slpa.lk/uploads/article_attachment/attachment_2017_12_04_15123660281512366166.pdf
CICT invests over US$ 10m towards green infrastructure at Colombo Port,"Colombo International Container Terminals (CICT) has completed a project to convert the companyŌĆÖs diesel-operated rubber-tyred gantry cranes to electric-powered rubber-tyred gantry cranes or E-RTGs, making a major contribution to efforts by the Port of Colombo to go Green.

Costing more than USRead More",https://www.slpa.lk/port-colombo-page/176b7c45ba0b0481fc69e97e1b42e944/cf247fb00ae3db02e8a3ff7f4d3c5bbab7208a10
ŌĆśMS MEIN SCHIFF 01ŌĆÖ makes debut arrival at Colombo Port,"“MS. MEIN SCHIFF 01” made her port of call at Colombo Port from Mumbai, on November 13. “MS. MEIN SCHIFF 01” passenger ship belongs to TUI Cruises and started her journey from Europe via Suez canal in Egypt connecting the Mediterranean Sea to the Red Sea and has sailed acrRead More",https://www.slpa.lk/port-colombo-page/df27a82aa917eb57954c2d2cd28a9176/c37c162b4b4c35f5baecc7cf27c28caa731b2c6a
SLFP opposed to Budget proposal on opening shipping sector to foreigners,"The SLFP is against the budget proposal to fully open up the shipping sector to foreign companies, Ports and Shipping Minister Mahinda Samarasinghe told Parliament today.

The Minister said all the Cabinet Ministers, Deputy and State Ministers representing the SLFP had met with President MaithripRead More",https://www.slpa.lk/port-colombo-page/60b4bf628124ab80f957bf05817d9f39/0b5f1919fef465dc136e5c1dbc9fcae05cc445ac
ŌĆ£We are confident that we can raise the position of the Port of Colombo to a higher position  in the global maritime rankings of container portsŌĆØ ŌĆō Minister of Ports and shipping states at the inauguration of the INAP 2017.,"Hon.Minister of Ports and Shipping Mahinda Samarasinghe speaking at the inauguration of INAP 2017. 

 

 



Chairman of Sri Lanka Ports Authority Dr.Parakrama Dissanayake receiving the INAP 2017 Chairmanship from Atty.Jose Mario Elino T. Tan, Commissioner, Cebu Port Authority in PhilippinRead More",https://www.slpa.lk/port-colombo-page/d7920a9ffa516d63bb8a0962f8a1b34b/7d570ec75c229c2f5a9d81a5cb470d1e6dadb360
Hayleys Advantis invests in SLŌĆÖs future by inspiring future logisticians,"Students from the Kotelawala Defence University

 




Hayleys Advantis Limited recently completed the second programme in their capacity building initiative under the theme ‘Inspiring Logistics in Sri Lanka’. The programme was launched earlier this year to uplift the local logisticRead More",https://www.slpa.lk/port-colombo-page/23ac7cf65a1c4b51bc6c4468f0f59059/bbd14837f07ad344e05019feb2b504d2081a5563
"World Dream, the newest luxury cruise ship, calls at Colombo Port","World Dream,ŌĆÖ the newest luxury cruise ship belonging to Dream Cruises, berthed at the East Container Terminal in Colombo Port on Friday. Built by Meyer Werft in Germany, the vessel has a length of 335 meters and Tonnage of 151,300 GRT. The vessel call in Colombo was mainly to sign on over 400Read More",https://www.slpa.lk/port-colombo-page/1c8e9bc5f483d2c13a91b5b51cda1d6a/baf5d324dcbebefcdee92c95c4f17ce955981fc0
CASA congratulates first winner of Maritime Cadet Employment Award,"From left: Clive Woodbridge, The Maritime Standard; Ali Shehab, Kuwait Oil Tanker Company; Isuru Udara Silva; Trevor Pereira, The Maritime Standard

 




The Maritime Standard (TMS) and Kuwait Oil Tanker Company (KOTC) have collaborated on a unique project to recognise the region’s bestRead More",https://www.slpa.lk/port-colombo-page/b83fc4903c001e5f95239df1cb9bd393/5be681b517c9c6ed492f9bb3d4ad8a507e2bf25c
Joint venture company takes over HŌĆÖtota Port operations on Dec. 8,"The Joint Venture Company formed between the China Merchant Port Holding (CMPort) Company and the Sri Lanka Ports Authority (SLPA) will officially take over operations of the Hambantota Port on December 8.

International Trade and Development Strategies Minister Malik Samarawickrema speaking at tRead More",https://www.slpa.lk/port-colombo-page/bf82642d3b586c1cc1ffd1a7aad99fb6/f60934f7bf306e376a779703dc06d2b4594ea4bc
Future global trends in shipping and logistics and opportunities for Sri Lanka,"The shipping and logistics industry in Sri Lanka is at a pivotal point, as the Government focuses on leveraging its strategic location to position the country as “the Hub of the Indian Ocean”. As highlighted in the Vision 2025 policy document, the Government intends on expanding portRead More",https://www.slpa.lk/port-colombo-page/a7b40965e3588481e6ad2d4c347ae3de/4b185c5456f117a47b2e1d556daedb1a7f2d0ad5
SL does not wish to be sandwiched in geopolitical conflict: Ports Minister,"Ports and shipping Minister Mahinda Samarasinghe yesterday reiterated the Government’s earlier assurance that any foreign military activity at the strategically located Hambantota Port will be decided through a mutually established government-to-government (G2G) agreement.

The terminalRead More",https://www.slpa.lk/port-colombo-page/a53352f6544570745d5930392cfc273a/5621c0a201401f5abbc89490c8bbeec671204b25
Sri Lanka Ports Authority to host 19th Conference on  International Network of Affiliated Ports (INAP) 2017 in Colombo,"Hon.Minister of Ports and shipping – Mahinda Samarasinghe


 




The 19th conference on International Network of Affiliated Ports (INAP) will be held on 07th and 08th November 2017 at the Kingsbury Hotel Colombo. The two day international maritime conference of regional importance thatRead More",https://www.slpa.lk/port-colombo-page/6f024dc336e659faa41beab7947991de/7e22d651ab428ae5e83fa6c238a58d291b898c43
Colombo Port becomes 25th busiest container port in the world,"Colombo Port (SLPA) has become the 25th busiest ranked container port in the world according LloydŌĆÖs List. SLPA was ranked two slots below in 2016.

Ho Chi Minh City was named 24th busiest port. ŌĆ£The significant rise in volumes in Colombo came as a result of an influx of ultra large containerRead More",https://www.slpa.lk/port-colombo-page/de6cbbccc36bff792621e1838fcc03ee/868efeb733efc65c486c80dc1d76327780580740
SLPA to host 19th Conference on International Network of Affiliated Ports on 7-8 Nov,"Minister of Ports and Shipping Mahinda Samarasinghe




The 19th conference on International Network of Affiliated Ports (INAP) will be held on 7 and 8 November at the Kingsbury Hotel Colombo.

The two day international maritime conference of regional importance that will be held with the participatRead More",https://www.slpa.lk/port-colombo-page/09473c3a16520d2fc4e0c06f2ecb16de/9e29ecd75584e8133d17a40d1cbc56c90d33c6d5
Indonesian ship arrives at Colombo Port,"An Indonesian Navy Academy training ship ŌĆśKRI Bima SuciŌĆÖ arrived at Colombo Port on Monday on a three-day goodwill visit.

The KRI Bima Suci is the biggest and most advanced training barquentine ship in the world. The ship, officially baptized on September 12 in Vigo, Spain, has replaced theRead More",https://www.slpa.lk/port-colombo-page/80c17232792273682a83135ea78be9f4/cfd4135003ea8462ec2462e13a0c64dcacf586db
ŌĆśLankan ports still productive compared to others in regionŌĆÖ,"Dr Ganeshan Wignaraja, Deputy Minister Dr Harsha De Silva, Sarala Fernando, James Crabtree and Central Bank Governor Dr. Indrajit Coomaraswamy, at the Lakshman Kadirgamar Institute, yesterday.

 




Though India is investing several million on developing over 12 international ports, the threeRead More",https://www.slpa.lk/port-colombo-page/b6e7bfd87da6817422708104573ae848/1eb604d0b098864b20aa5c8a8cbcdaf24e58d532
CICT highlights Colombo Port as a pivotal player in global trade at CILF Makes presentation at 3rd Forum of 21st Century Maritime Silk Road and 6th Shenzhen International Port Chain Strategy Forum,"The pivotal role played by the Port of Colombo in global trade and its contribution towards the betterment of the South Asian region was the focus of a presentation made by Colombo International Container Terminals (CICT) recently at an international forum in Shenzhen, China.

The presentation waRead More",https://www.slpa.lk/port-colombo-page/8fbd946762343c074b9d05d642d91a98/563ca889f6fa2a58d9cc86776da62481d3af5302
US Nimitz Carrier Strike Group in Colombo,(Daily Mirror - 29102017)Read More,https://www.slpa.lk/port-colombo-page/6724068324630e8f978373434ed6732b/b1bd70539656df448d7988c7c821c7eee222fa26
ŌĆśUSS Nimitz GroupŌĆÖ war ships dock here,"The Nimitz Carrier Strike Group is scheduled to arrive in Sri Lanka for a planned port visit today (October 28).

The Carrier Strike Group includes the USS Nimitz, the cruiser USS Princeton, and destroyers USS Howard, USS Shoup, USS Pinckney, and USS Kidd.

The ships are scheduled to depart ColomRead More",https://www.slpa.lk/port-colombo-page/ce8fec6fecb4a01bd3e0808f1e5fb926/1e0f31cae2157928d682135629c9f66911acb0c6
ŌĆśCASA on enhancing seafarer contributionŌĆÖ,"The government of Sri Lanka deposited the instrument of ratification of the Maritime Labour Convention 2006 (MLC 2006) with the International Labour Office (ILO) in January 2017, becoming the 81st ILO member state and the 16th Asian state to have ratified the Convention.

The MLC 2006 will enterRead More",https://www.slpa.lk/port-colombo-page/810ad502c79f3e8a343e1dc241a2d4af/0af99e8920b97bbb5bbd1f600ddb0504e530c0c3
Colombo Port pivotal to global trade CICT Highlights Colombo at China International Logistics & Transportation Fair,"The pivotal role played by the Port of Colombo in global trade and its contribution towards the betterment of the South Asian region was the focus of a presentation made by Colombo International Container Terminals (CICT) recently at an international forum in Shenzhen, China, stated a press releaRead More",https://www.slpa.lk/port-colombo-page/722ab3e6242b4ba3194f95465c1b1598/c2080fb5e34cf7d657e39a08bacec7e4978de2d3
SL has South Asia's best maritime connectivity Leapfrogs India to 15th spot in UNCTAD ranking,"According to the 'Review of Maritime Transport 2017' report by the United Nations Conference on Trade and Development (UNCTAD), Sri Lanka has bypassed India in the 2016-2017 period to become the best-connected country in terms of maritime transportation in the South Asian region.

The report statRead More",https://www.slpa.lk/port-colombo-page/816b7bacb53082af03bc557f583ad380/6e69ce011750056ceabbc9ed6fe3ec61eafcfeb6
Govt to sell Marine Gas oil and cst oil Cabinet approves sale from Hambantota storage,"Cabinet approved a proposal to sell 13,500 metric tons of Marine Gas oil and 648 metric tons of IFO 380 centiStokes (cst) oil, stored at the Hambantota Port to Inter-ocean Energy Private LTD for USD 3,220,800.

Co Cabinet Spokesperson, Minister Dayasiri Jayasekera said according to the concessionRead More",https://www.slpa.lk/port-colombo-page/8b3bdda812e4f58e563d5af03c8b88ce/8a4514ccd5d81bb585ae8e7808566ae6ca577fa7
Coast Guard OPV commissioned as Suraksha,"Offshore Patrol Vessel CG 60, which the Indian Coast Guard had provided to the Sri Lanka Coast Guard (SLCG), was commissioned by State Minister of Defence Ruwan Wijewardene as SLCG Suraksha at a ceremony held at Colombo Harbour on Saturday.

The Navy said the newly commissioned ship, the first OfRead More",https://www.slpa.lk/port-colombo-page/edfa1d88ca79070e51bc2a0c448b508e/353b84f8becd9e80d275334bc2ef6a6d3c934740
CICT sponsors ŌĆśBest Innovative Exporter of the YearŌĆÖ Awards,"CICTŌĆÖs Head of Marketing and Commercial Catriona Jayasundera participates in the presentation of the ŌĆśBest Innovative Exporter of the YearŌĆÖ Gold award to Rileys at the NCE export awards




Colombo International Container Terminals (CICT) sponsored the ŌĆśBest Innovative Exporter of the YearŌĆRead More",https://www.slpa.lk/port-colombo-page/be78487ad7ee40839d36e98a3bce54f2/405b510b5f3a09eb1921237ad063beb26ba4d3f6
WorldŌĆÖs biggest container vessel to ever enter into South Asia calls Colombo,"MV Milan Maersk being called at the Port of Colombo

 




The biggest ever container vessel to call South Asia, MV Milan Maersk of the Maersk Line made her maiden call at the Port of Colombo. The mega container carrier was berthed at the Colombo International Container Terminal (CICT). To markRead More",https://www.slpa.lk/port-colombo-page/b743da1c8600857d6a826f56a7ef9a1b/956225f03668a8a8f33750faf7c99dda723ccc98
MILAN MAERSK ON ITS WAY TO COLOMBO,"Milan Maersk, one of the world’s largest container vessels owned by Maersk Line, will call on the Colombo Port on Tuesday. Milan Maersk is a container ship built in 2017 and currently sailing under the flag of Denmark. The ship is of 399m overall length and a beam of 58m with 20,568 TEU capRead More",https://www.slpa.lk/port-colombo-page/a47afbead10b8b20a821795a8b08907a/3ff914f22d30d8690710e50072bfaa6770c52087
"Fresh Bids For Tuticorin, Colombo Ferry Service","The government will once again call for Expressions of Interest (EOI) for the ferry service between Tuticorin, India and Colombo.

The procurement process initiated in January had only attracted two proposals and the Ceylon Shipping Corporation and Cabinet Appointed Negotiating Committee had recoRead More",https://www.slpa.lk/port-colombo-page/063a65250015c12dda23eb3b429363d8/67c29e48e94c33a2bcad0a853b3cfe06f1f62d9a
Sri Lanka-China JournalistsŌĆÖ Forum President Nalin Aponso felicitated,"President of the Sri Lanka-China Journalists’ Forum (SLCJF), Nalin Aponso was felicitated and awarded for his services in promoting inter-personal solidarity between Sri Lanka and China.

He received the award at the 68th Chinese Republic Day ceremony at the BMICH organised by the AssociatiRead More",https://www.slpa.lk/port-colombo-page/1aca0a1af7a6666796e63c4bc4660e6c/30924e886bbf5dacb7ef58364e10c07df361f493
"ŌĆ£The change in global macroeconomic environment has created a huge challenge to the Asian Ports,ŌĆØ ŌĆō Dr.Parakrama Dissanayake, Chairman SLPA   states.","“We need to understand that the demand for the carriage of goods is a derived demand and it is derived out of demand for trade. Ports & Shipping have to follow trade,” said Dr.Parakrama Dissanayake – Chairman of Sri Lanka Ports Authority (SLPA). Dr.Dissanyake made these statRead More",https://www.slpa.lk/port-colombo-page/b8e819b3635e4df8f7df0dd851e53466/590ebe3a83f263c0187d80f1e13858bb28d0f4a7
Minister of Ports & Shipping on a visit to promote the Port of Colombo,"Dr. Parakrama Dissanayake - Chairman SLPA, Capt. G. Aponte - Group Executive Chairman MSC, Hon. Mahinda Samarasinghe -Minister of Ports & Shipping, Mr. Diago Aponte - President MSC.

 




The Hon. Minister Ports & Shipping, Mr. Mahinda Samarasinghe and Chairman of Sri Lanka Ports AuthoRead More",https://www.slpa.lk/port-colombo-page/b17809a4a2c8a0c58ebf19064ee13848/d143b5e028dc5d0218a379d7d7b4b92c6b84afca
Akiyama Award,Read More,https://www.slpa.lk/port-colombo-page/a3b38b6b836f3ebf16c18c813d752c5a/abd13275bb7fbca32df7de2d0fa8c96336114c95
Jaya Container Terminals commemorates ceremonial berth of Pendulum Express Lines,"I.K.Gnanatilake(Chief Ops. Manager-JCT) ,Daya Wijesekara(SLPA) ,Sarathkumara Premachandra(Managing Director-SLPA) ,Jayantha Perera(Director Ops.-JCT) ,Capt. Athula Hewavitharana(Harbour Master), Capt. Peter Dorciak(Master), Pawel Tomasz Konieczny (Chief)

 




Hong Kong registered Pendulum ExpRead More",https://www.slpa.lk/port-colombo-page/9798f75dfff1b325165fe8c8ca77e2d4/6be26d9dab51f7b57025a0b229ba07ae3b15b935
Golden awards for long-standing port employees,"A ceremony was held at the Mahapola Ports and Maritime Academy to present golden awards for port employees who have been rendering their service to the authority for 38 years.  The ceremony was held under the patronage of ports and shipping Minister Mahinda Samarasinghe.  Here, the Minister is pRead More",https://www.slpa.lk/port-colombo-page/9e09afad24491035e7998f19af154216/bbaee70fb10e3a223d6fcd31104bcf8d59d45415
Colombo eyes largest port status in Indian Ocean,"The Colombo Port could end up sprawling up to Ja-Ela, over 10 kilometres away from ColomboŌĆÖs city limits, under the North Harbour project to make the Sri Lankan capital the largest port in the Indian Ocean, Prime Minister Ranil Wickremesinghe buoyantly said yesterday.

ŌĆ£If we can develop theRead More",https://www.slpa.lk/port-colombo-page/e7550898b5770dad81116adbfc7ce511/53cf24cf9fc9119fad93d94084a6f239c5a33231
Road to becoming a maritime hub: Opportunities and challenges in the eyes of CASA,"Sri Lanka’s journey in becoming a maritime hub is put on the fast track with the signing of the Hambantota port agreement and the expedition the Colombo Port Expansion project. The two deep water terminals in development phase, East Container Terminal and West Container Terminal would add aRead More",https://www.slpa.lk/port-colombo-page/d98b11fc4309c049c38a7f6f2611a24e/a99e786ed20416818aab9e211ddd8b4bab3a151b
Colombo Engineering provides underwater services to 15 ships in 3 months,"Turning out to be a major foreign exchange earner to Sri Lanka, Colombo Engineering, an MTD WALKERS Group company located inside the Port of Colombo and classed as one of the most sophisticated afloat ship service organizations in Sri Lankan waters, provided underwater services to 15 ships withinRead More",https://www.slpa.lk/port-colombo-page/f05514f6e9917a3fd91aa076d190fd44/9faa2cb57885a3cc57293679f03deb7bf2f87234
"Colombo Dockyard awarded ISO 9001: 2015 certifications by LloydŌĆÖs Register Quality Assurance, UK","The Technical Review Committee of Lloyd’s Register Quality Assurance (LRQA) has approved the issue of ISO 9001: 2015 certificates to Colombo Dockyard PLC (CDPLC) making them one of the very first shipyards in this region to receive, from LRQA, a certification to ISO 9001: 2015.

Colombo DocRead More",https://www.slpa.lk/port-colombo-page/7cb09d94c5eb57d2474b89920c00a552/0a0fd75c63513957c7160b55ecadcdaab987cf8c
New container scanner system for Colombo Port,"A new container scanner system has been introduced to the Colombo Port at a cost of Rs. 2,500 million yesterday. The installation ceremony was launched by the Finance Minister Mangala Samaraweera and Custom officials.

According to the newest initiative four portals of Eagle P60, state of the artRead More",https://www.slpa.lk/port-colombo-page/c2ae25b9c2aa6e8ca9987fbd9c1a6ee8/0df50ce82d4a24428c8390b803b2369af7bbf938
Feeder service between Colombo and Bangladesh soon - Yamuna Wettasinghe,"A feeder service between Sri Lanka and Bangladesh would commence soon, said Assistant General Manager of Ceylon Shipping Corporation Ltd, Yamuna Wettasinghe speaking to Daily News Biz Shipping.

“During the state visit of President Maithripala Sirisena last July, a MoU between Ceylon ShippiRead More",https://www.slpa.lk/port-colombo-page/d4dd7eb5473562c08f41bebf4982f62e/2b3a06685d6e7332aa3a495781691e62b717a95f
Dhashma Karunaratne heads South Asia Gateway Terminals,"Dhashma Karunaratne is the Commercial and Marketing Manager at South Asia Gateway (SAGT).

She contributes to the overarching Commercial and Marketing strategy and is accountable for tactical execution to achieve its strategic objectives.

A Fellow member of CIMA (UK) she commenced her career atRead More",https://www.slpa.lk/port-colombo-page/ec336c6d68ff81ee5489464a8bb3af3c/d3c128d5fb785792402df3c3a485100c4d8300a8
German research vessel ŌĆśSonneŌĆÖ in Sri Lankan waters,"After its expedition around Australia, the German research vessel ‘Sonne’, among the biggest of its kind, arrived at the Colombo harbour, from where it set sail on 12 July to start its expedition in Sri Lankan waters. The expedition aimed at solving the mystery around the separationRead More",https://www.slpa.lk/port-colombo-page/ff21be39e9d61b413da7ebad09dd70b7/97415280e5bfd0dcca5eabf41f60b0dab97f7a9a
ŌĆśAmagiriŌĆÖ arrives at Hambantota Port,"Japanese Maritime Self Defence Force (JMSDF) Ship, ‘Amagiri’, arrived at the Hambantota Port on a goodwill visit yesterday. The ship was welcomed by the Sri Lanka Navy in accordance with naval traditions.

The ship is on a three-day official visit to Sri Lanka. She is scheduled to conRead More",https://www.slpa.lk/port-colombo-page/e3e3cc8f23d8abdc987e47eac4e88c84/0a056c76a956b536f16885ba842ecffb8a126375
Minister Samarasinghe presents Diploma certificates,Ports and Shipping Minister Mahinda Samarasinghe presenting a certificate to a student who comleted the diploma course at a ceremony held to present certificates for the diploma holders in Human Resource Management conducted at the Mahapola Ports and Maritime Academy of Sri Lanka Ports Authority.Read More,https://www.slpa.lk/port-colombo-page/ddb21be2406bbe7bac54a15d3eece766/9cc17812ade9609418f24a711289ece817c78f6c
'Amagiri' arrives at Hambantota Port,"Japanese Maritime Self Defence Force (JMSDF) Ship, ‘Amagiri’, arrived at the Hambantota Port on a goodwill visit yesterday. The ship was welcomed by the Sri Lanka Navy in accordance with naval traditions.

The ship is on a three-day official visit to Sri Lanka. She is scheduled to conducRead More",https://www.slpa.lk/port-colombo-page/fa3fbba4facccd152d8d84230f21c148/903c86c7e28d2531a0162846aaba492fd9e5aa34
Korean Research Vessel ISABU calls at Colombo Port,"Research Vessel ‘ISABU’ andChang Won-sam, Korean Ambassador at the harbour


 




A large and high-tech ocean Research Vessel (R/V) of the Korea Institute of Ocean Science and Technology (KIOST), ‘ISABU’, arrived at the Port of Colombo as the first port of call on AuguRead More",https://www.slpa.lk/port-colombo-page/42ceacfa8f2bb101ca6c95ff4e792d5c/3d1c146a6cf4b926b24eb589f3b271ab6493fd49
TRADE FACILITATION: BENEFITS FOR SRI LANKA,"The World Trade Organization (WTO), made its ultimate achievement at the 9th WTO Conference in Bali, by finalizing the Trade Facilitation Agreement (TFA) in 2013 which came into effect on 22 February 2017 with 2/3 of the members ratifying the agreement.

It pays attention to customs procedures thRead More",https://www.slpa.lk/port-colombo-page/614ca97c34e3a527fcaede9868343252/40ff85135261c8b6f77b4cde7b150466a2c337ab
CCC welcomes HŌĆÖtota Port PPP,"The Ceylon Chamber of Commerce appreciates the steps taken to develop the Hambantota Port as a Public Private Partnership (PPP) as it marks an important step towards the goal of positioning Sri Lanka as a full-service maritime hub nation.

In addition to the much-needed boost to the countryŌĆÖs fRead More",https://www.slpa.lk/port-colombo-page/bef3f2210798a0bcb7c814fa8c451bdd/34219be9db0a4a14a2defb55391b95c23be181cb
Ceylon Chamber hails Hambantota Port PPP as important milestone towards true maritime hub,"The Ceylon Chamber of Commerce in a statement yesterday said it appreciated the steps taken to develop the Hambantota Port as a public-private partnership (PPP) as it marks an important step towards the goal of positioning Sri Lanka as a full-service maritime hub nation.

In addition to the much-Read More",https://www.slpa.lk/port-colombo-page/a40c17ea7c4fc21b8d3e1603bd8a7a66/7632eaeabd8f1b6c1e0524b23ed0f4795d8b2f72
The Glory Continues,Read More,https://www.slpa.lk/port-colombo-page/4893b3d3a97b0402f3c8d903e71fe784/13cdc46f0449bf0e16e01a62179fa1193f625a05
Our critics have no credentials,"New Ports and Shipping Minister Mahinda Samarasinghe has been compelled to face a tough state of affairs with the Ceylon Petroleum Corporation Trade Union actions instigated by the Hambantota Port Agreement. All the same, the senior minister assures that the agreement with China will not compromiRead More",https://www.slpa.lk/port-colombo-page/8e5bfe9f08cffd15e57d1fdc32e6ff80/332088c5d9c664fcfd86ed8d82398947e7a3d350
Hambantota can become Shanghai if security concerns are handled diligently,"The Hambantota port has seen a sea a criticism ever since the then Mahinda Rajapaksa government laid the foundation for it in 2010.  In comparison, any opposition to last SaturdayŌĆÖs agreement between the Sri Lanka government and China Merchants Port Holdings seems like a drizzle in the middle oRead More",https://www.slpa.lk/port-colombo-page/1b79d12636041be7f26bd453f5155603/63a885c0bd6843747642183b2bc061a9af467d5f
Sri Lanka Logistics and Freight ForwardersŌĆÖ Association holds 36th AGM,"The 36th Annual General Meeting of the Sri Lanka Logistics and Freight Forwarders’ Association was held at Hilton Colombo Residences recently. At the event Jagath Pathirane was elected as its Chairman and Guest of Honour for the occasion was SLPA Chairman Dr. Parakrama Dissanayake.
(DailyRead More",https://www.slpa.lk/port-colombo-page/c3cb316f924e0bcb95ed51daa42a48be/f291dc2341f78754b9470f92bec3d9801e7693b2
An Inclusive Economy Through Regional Ports,Read More,https://www.slpa.lk/port-colombo-page/2d6fca6ab6a83d418af7ad84ceaf7a28/f8c0832c47a000a37ab0cf0bb8915e6212ba8028
AGREEMENT WILL HELP TRANSFORM HAMBANTOTA PORT - SLPA CHAIRMAN,Further investment of US$ 600 m needed to equip container terminal:Read More,https://www.slpa.lk/port-colombo-page/cb5c4fce3ac0ff2918fa86fa949de099/b888ad27db5e707a44b1ef9cf1274658f7a39ef2
Chinese Hospital Ship Ark Peace in Colombo,"A Hospital Ship of the People's Liberation Army Navy (PLA Navy) of China ŌĆśHepingfangzhouŌĆÖ called at the Colombo Port today on a four-day goodwill visit.

The SL Navy said the State of the Art vessel had been constructed in a bid to engage swiftly in humanitarian response to disasters around tRead More",https://www.slpa.lk/port-colombo-page/ff17c2375eac7ab2580de6fbe2e17fba/ed5a33ab5f13746510e7d257923b2c215e989a3a
President Sirisena says no to PPP for Colombo PortŌĆÖs East Terminal; move apparently snubs Indian interests,"President Maithripala Sirisena yesterday dropped a bombshell saying the Colombo Port’s East Terminal will not be privatised or developed via Public Private Partnership but will remain with Sri Lanka Ports Authority despite an on-going exercise for non-state involvement.

Speaking at the SriRead More",https://www.slpa.lk/port-colombo-page/4af0a8dcc5ad788847f93f3502eb5b94/714500c407846eb943313914f24a0d8b5426d78b
TWO COMPANIES TO OPERATE HŌĆÖTOTA PORT,"The Cabinet has approved the proposal to lease out the Hambantota Port to the China Merchants Ports Company (CMP), Ports and Shipping Minister Mahinda Samarasinghe said.

“The Cabinet approved the amended agreement to lease out the Hambantota harbour to a Chinese company,” he said.

TRead More",https://www.slpa.lk/port-colombo-page/aa081370109fabfa109a762652fb9206/4de4176559d5bfb051aef8e3c328573cf2d6fb2b
ŌĆśHAMBANTOTA PORT PROJECT WILL TRANSFORM REGIONŌĆÖ,"ŌĆśWill create jobs for Sri LankansŌĆÖ



China Merchant Port Holdings Company Ltd. (CMP) is eager to work with the Government of Sri Lanka in developing the Hambantota port and the Southern region, Deputy General Manager, CMP, Hang Tian told the Sri Lanka Economic Summit 2017 last week. He said megRead More",https://www.slpa.lk/port-colombo-page/a3db48f41831aecb00b6dfdf42d80ff9/ebe4db798ff453d5ca73fba4620a6e6b8a549399
CICTŌĆÖs Catriona Jayasundera wins WIM award for ŌĆśLeadership Excellence in LogisticsŌĆÖ,"Catriona Jayasundera, Head of Marketing and Commercial at Colombo International Container Terminals Ltd. (CICT) has been recognised for her achievements in the field of logistics at the ‘Top 50 Professional and Career Women Awards – Sri Lanka’ presented by Women in Management (WRead More",https://www.slpa.lk/port-colombo-page/0abc64a512f2128163c07beca7e73def/a5980a3660d645d3593ab558af28c4c3aad00c28
ŌĆśGovt. wonŌĆÖt sell or lease Eastern Terminal of Colombo PortŌĆÖ,"President Maithripala Sirisena addressing the crowd.

 




The government would not sell or lease even an inch of the Eastern Terminal of the Colombo Port, said President Maithripala Sirisena yesterday.

The President gave this assurance to the workers of the Sri Lanka Ports Authority, addressRead More",https://www.slpa.lk/port-colombo-page/200e372acc5fbd21af7be59879a82731/5733914e77a98726598fa2d322d0a0ea26c005bf
SL sign deal on Hambantota port with China,"Sri Lanka signed a US$1.1 billion deal today to lease the southern Hambantota port to China, after several months of delay caused by protests.

The amended agreement was signed between the Sri Lanka Ports Authority (SLPA) and the China Merchant Port Holdings at the Ministry of Ports and ShippingRead More",https://www.slpa.lk/port-colombo-page/76d3a0236d3d8926cb7a065dc079e4a7/ec1e15c9ac0b7edfdfb3031c397c744e2155598a
Delay in east terminal cost SLPA Rs. 4 b,"Ports and Shipping Minister Mahinda Samarasinghe

 

 

 





	Minister says SLPA to fast-track east terminal development
	Chairman and Board instructed to come up with strategy
	Western terminal also being looked into
	Hambantota deal under the direct purview of Samarasinghe
	Deal wRead More",https://www.slpa.lk/port-colombo-page/724b43f8eb19259ae4fb104cdcdd37d2/82380c5edb39c5b8f9b0e8b15249b9e32d25de50
CICT wins Best Container Terminal Asia award,"The Colombo International Container Terminal at Colombo Port

 





	Tops category for terminals under 4 m TEUs at 2017 AFLAS in Singapore


Colombo International Container Terminals (CICT) won Best Container Terminal Asia in the under four million TEUs category at the 2017 Asian Freight, LogiRead More",https://www.slpa.lk/port-colombo-page/2b833d0af3cb6593abfafccad7e348ec/c91f6ca736b5e79b30a2ec9b3adbe19ff364bb6a
Rebranding and marketing Colombo Port,"Meanwhile, unfolding the country’s port sector future plans, the newly appointed SLPA Chairman Dr.Parakrama Dissanayake said that they have launched a programme to rebrand and market the Port of Colombo.

He said that they also have embarked on drafting a National Port Master Plan. He alsoRead More",https://www.slpa.lk/port-colombo-page/12acfa11aa435400ec14163754beab22/f2f31b034637c2b04bc66c5b02a9d859e2cd8376
Minister vows to fast-track East Container Terminal,"The government will fast-track the delayed development work on the East Container Terminal (ECT) of the Colombo port, Ports and Shipping Minister Mahinda Samarasinghe told an audience of logistics and transport professionals in Colombo, last Friday.

“It is a shame that we have wasted two yRead More",https://www.slpa.lk/port-colombo-page/f96615cc0f5d93f0088c11d5ee3369e5/acf3b2ecef0ffcf61f215e4812ad757c93fa01ee
NEW IMAGE FOR COLOMBO PORT,"The Colombo Port will be rebranded to position it better as a key port in the region, Sri Lanka Ports Authority (SLPA) Chairman Dr. Parakrama Dissanayake told a gathering of chartered transport and logisticians last week in Colombo.

He said steps have been taken to develop a national marketing pRead More",https://www.slpa.lk/port-colombo-page/e3508ed42a5c669213099baa8bb527a0/91db1fe2ec61c24e59d082fede3703732028ef0e
"CILT to hold Logistics LeadersŌĆÖ Evening with Ports Minister, SLPA Chairman","The Chartered Institute of Logistics & Transport (CILT) Sri Lanka continues its Logistics LeadersŌĆÖ Evening this month on the theme of ŌĆśChanging TidesŌĆÖ.

It will exclusively feature the recently appointed Ports and Shipping Minister Mahinda Samarasinghe and also newly appointed Sri Lanka PoRead More",https://www.slpa.lk/port-colombo-page/846263738220be723329d8c1b30c3ec5/eba50e3da7aa0d1526e09c2614b63fbd1cb6d465
SLPA Spikers to represent Sri Lanka in Vietnam tourney,"The Sri Lanka Ports Authority volleyball team will represent Sri Lanka at the Asian Inter club men's volleyball tournament which will be held in Hanoi, Vietnam from today to July 25. The Ports Authority Volleyball team comprises Janitha Surath (captain), Sameera Dissanayake (vice captain), UdRead More",https://www.slpa.lk/port-colombo-page/778f97706142d9797027066f2aa893a9/5461d01f278cf17cda359bc6135a7e54c4437aca
Russian sail training ship ŌĆśNadezdaŌĆÖ arrives at Colombo Port,"The Russian sail training ship ‘Nadezda.’

 




The Russian sail training frigate ‘Nadezda’ arrived at the port of Colombo on a goodwill visit yesterday.

The Russian Ambassador to Sri Lanka Alexander Karchava is scheduled to declare open the photography exhibition orgaRead More",https://www.slpa.lk/port-colombo-page/01b71eebc2c3614b90864c24ca72751b/e77e5e08b9cf4af78e0e8e155417f898b9897254
Indian High Commissioner calls on Minister Mahinda,"Indian High Commissioner in Sri Lanka Taranjit Singh met Ports and Shipping Minister Mahinda Samarasinghe recently to discuss the ways that India can help develop the Ports and Shipping sector of Sri Lanka.
(Daily News - 13062017)Read More",https://www.slpa.lk/port-colombo-page/9dfd26da8a7e40ebcd57f01e22f814b6/822c474ff2884effc74a35b04174a26de194f193
Super Luxury M.V. Majestic Princess calls the Port of Colombo,"In the picture, plaque exchange between the Chairman of Sri Lanka Ports Authority (SLPA) – Dr. Parakrama Dissanayake and the ship’s Master – Craig Stewart Street. The Managing Director of Sri Lanka Ports Authority (SLPA) – Mr.H.D.A.S.Premachandra, Director (Port Operations)Read More",https://www.slpa.lk/port-colombo-page/bb5f102c01a77e8d2d7f2267fec3c69c/db1bb634e4a42fab232122af6a8da4c527b1e47d
"Minister of Ports& Shipping Spearheads a ""Three Year Development Plan"" for  Sri Lanka Ports Authority.","Hon.Minister of Ports and Shipping – Mahinda Samarasinghe addressing a session soon after assuming duties as the Minister of Ports and Shipping.

 




Sri Lanka Ports Authority on the advice of Hon.Mahinda Samarasinghe, Minister of Ports & Shipping is in the process of preparing a &qRead More",https://www.slpa.lk/port-colombo-page/593446beb0f81a458ba9ad9a15cfb733/83fd0ada7d1ec28a21b3b3708b1dbfebb3edefcb
Dr. Parakrama Dissanayake assumes duties as the Chairman of Sri Lanka Ports Authority (SLPA),"Dr.ParakramaDissanayake assuming duties as the Chairman of Sri Lanka Ports Authority (SLPA).Vice Chairman of Sri Lanka Ports Authority (SLPA), Mr.P.G.Dasanayake, the Managing Director of SLPA – Mr.H.D.A.S.Premachandra, the Executive Director of SLPA Mr.H.A.Wimalasooriya and Director (LogisticsRead More",https://www.slpa.lk/port-colombo-page/2fcb6bd2172d0847a94b8d6e48b01a04/fed86077a3ce877ae99be52fd307be2035784a7e
Minister Mahinda Samarasinghe opens the fully re-constructed Container Freight Station -  1 (CFS - 1) of  SLPA,"Hon.Minister of Ports and Shipping Mahinda Samarasinghe signaling to commence work at the fully re-constructed Container Freight Station - 1 (CFS - 1).

 




The fully re-constructed Container Freight Station - 1 (CFS - 1) of Sri Lanka Ports Authority (SLPA) was opened today; 31st May 2017 witRead More",https://www.slpa.lk/port-colombo-page/3e0403b57b37fa65fb0ced53fbaa39b3/844235dca393966d74c889b763708f3d63867e6b
Hon.Mahinda Samarasinghe assumes duties as the new Minister of Ports and Shipping,"Hon.Minister of Ports and Shipping Mahinda Samarasinghe assuming duties in office. The Hon. Minister of Petroleum Resources Development - Arjuna Ranathunga, Hon.Minister of Transport - Nimal Siripala De Silva, Hon.Minister of Local Government and Provincial Councils - Faiszer Musthapha and SecretaryRead More",https://www.slpa.lk/port-colombo-page/e88f88eca51900cd399af0a467b0ecfd/49b552df1d2126d4a00b3a8a6ef0d65ffc4dc342
Australian Border Force vessel visits Sri Lanka,"Ocean Shield




The Australian Border Force’s largest patrol vessel 'Ocean Shield' arrived at the Trincomalee Port today as part of an official visit to Sri Lanka recently.

This is the first visit by an Australian Border Force vessel to Sri Lanka.

It observes long-standing record ofRead More",https://www.slpa.lk/port-colombo-page/5c08d0346b0271e4ee5f447e13bd5590/4e303c6a466b58b9b1d31baec5daa4057b41b4f0
ChinaŌĆÖs ŌĆśBelt and Road InitiativeŌĆÖ beneficial for Indian OceanŌĆÖs socio-economic success: Ranil,Prime Minister Ranil Wickremesinge yesterday declared that China’s ‘Belt and Road Initiative’ will provide the much needed hard and soft connectivity in the Indian Ocean required for rapid economic and social development and its success will depend on the maintenance of long-terRead More,https://www.slpa.lk/port-colombo-page/9a951108c97abbeb1a2eaba53b7712d4/cddded0f22917fe2ca1bcd1a073bfd031242185c
President to unveil worldŌĆÖs first laser Vesak Pandal,"The world’s first Vesak pandal erected with laser technology at Galle Face Green concurrent to the Colomtotha Vesak Zone will be unveiled for public view by President Maithripala Sirisena on Vesak Full Moon Poya Day, May 10. The laser technology pandal erected on a concept of Ports and ShipRead More",https://www.slpa.lk/port-colombo-page/4a2110822568284e1bec4ac6ecaa1655/5ab480070af97db9ff68614d148ca8fdf0950e01
"Colombo Dockyard represents Sri Lankan ship repair and shipbuilding at Sea Asia 2017, Singapore","Sri Lanka’s pioneer shipbuilding and ship repairing facility, Colombo Dockyard PLC participated at one of the leading international shipping exhibitions ‘Sea Asia 2017’ during 25-27 April in Singapore.

Colombo Dockyard has been a regular participant at many marine exhibitions,Read More",https://www.slpa.lk/port-colombo-page/343c61111bf7e37fa91386cd51ef44b5/08f997e835927a7140cd1bf5d6b7f6acc02852e7
Lighthouses could be used to promote tourism industry: Minister,"Sri Lanka Ports Authority commenced its support to the development of the tourism industry from Dondra.

“We could use lighthouses to promote tourism industry. We could initiate a procedure to strengthen the villagers by creating opportunities for them to earn money.

“We have plannedRead More",https://www.slpa.lk/port-colombo-page/0a59945e8e9fadccac2aa1616a46bf17/abb8f3dc4aedb16cf38806b4ce3b2c4feda707c5
Mercmarine Training awards scholarships to female merchant Navy cadets,"Mercmarine Training, Sri Lanka’s foremost merchant seamen training institute, presented scholarships worth Rs. 2 million to two female cadet applicants, Koshila Herath and Sonali Jayarathne, at an event held in Colombo recently. The scholarship winners were selected from over 50 applicants,Read More",https://www.slpa.lk/port-colombo-page/06c3355b6cff88df9eb25c0bba4e858a/80966ba5edbd1205e193bcd37184c7101cb6b000
"Sri Lanka Ports Authority supports the development of tourism industry, it commences from Dondra.","Sri Lanka Ports Authority commences its support in the development of the tourism industry from Dondra, Minister Arjuna Ranatunga stated. Minister Ranatunga expressed these concerns while addressing the opening ceremony of the Dondra Head Lighthouse. Hon. Deputy Minister of Ports and Shipping NisRead More",https://www.slpa.lk/port-colombo-page/863cc5a69bc7bfec0cd08f24596c2cb8/5256bf654403e1bb52a767b449d7956eef5ced5e
DONDRA HEAD LIGHTHOUSE IS TO BE RE-OPEN FOR PUBLIC VIEWING,"Dondra lighthouse is set to be re-open to the public on 04th of May, Thursday. This ceremony is taking place under the patronage of the Hon. Minister of Ports and Shipping Arjuna Ranatunga. Hon. Deputy Minister of Ports and Shipping Nishantha Mutuhettigama, Chairman of the Sri Lanka Ports AuthoriRead More",https://www.slpa.lk/port-colombo-page/ab8a003bfb7716de194ca2f067fdda33/562f4be17d29ec3c5d3f971079f776719e5568f2
Kolomthota Vesak Zone,Read More,https://www.slpa.lk/port-colombo-page/beab1589b691257b3fd4479819dab549/df94936ab0d258356aee84ba71abdc2177996a96
HON.MINISTER ARJUNA RANATUNGA PARTICIPATES IN THE SEA ASIA MARITIME CONFERENCE,"The Hon. Minister of Ports and Shipping Arjuna Ranatunga participates in the Sea Asia Maritime Conference currently under way at Sands Expo & Convention Centre Marina Bay Sands, Singapore. Minister delivered a special speech at this conference. Ports at SriLanka considered as hubs of transshiRead More",https://www.slpa.lk/port-colombo-page/57f7d25e74f1fccef4cc618fe01462c3/a71821b1aae0e261fda38f7d651be321e852fde6
IT'S OUR DUTY TO CONTINUE THE DEVELOPMENT PROGRAMMES CARRIED OUT BY THE LALITH ATHULATHMUDALI TO DEVELOP THIS PORT,"Carrying forward the procedures executed by the Former Minister Late Lalith Athulathmudali to develop the Sri Lanka Ports Authority is a responsibility of all of us, Minister Arjuna Ranatunga told. Minister Ranatunga expressed these concerns while addressing the commemoration ceremony of Late LalRead More",https://www.slpa.lk/port-colombo-page/ce208bfbb0380803b3b371a3df8a4314/26504b38e5ed9b0e5e90571586dc0811eb6acc9a
SLPA to host INAP 2017 General Assembly and Symposium in August in Colombo,"Chairman of Sri Lanka Ports Authority (SLPA) Mr.Dammika Ranatunge exchanges a plaque with Mr.Koji Yokobatake - Director (Port Promotion Division) of the Kochi Port Japan at the discussion.

 




Sri Lanka Ports Authority (SLPA) will host the General Assembly and Symposium of the InternationalRead More",https://www.slpa.lk/port-colombo-page/dd880dc976a8ea91e4169d2366faeb84/7eff8be229d124bfaa63081c4e113e3198132956
A team of British Petroleum Ltd visits Colombo Port,"A managerial team of the British Petroleum Ltd., of the UK visited the Port of Colombo on 20th April 2017. The visit had been facilitated by the British High Commission of Sri Lanka in collaboration with Sri Lanka Ports Authority (SLPA).

During the visit the team made discussions with the ChairmRead More",https://www.slpa.lk/port-colombo-page/cb15b248cdc9bf4ebae4d77c51b3ab55/6923d02d581c3e5c0290a00091c1a40705bd2ed8
In 2016 JCT Oil Bank of Sri Lanka Ports Authority posts 113 percent increment in profit,"Jaya Container terminals limited of Sri Lanka Ports Authority [JCT Oil Bank] has enhanced its profit in the previous year by 113 percent in relation to the year 2015, Hon. Minister of Ports and Shipping Arjuna Ranatunga said. Minister Ranatunga expressed these conserns while speaking in a ceremonRead More",https://www.slpa.lk/port-colombo-page/6ca1456385415f07fd98b50c9ece2b25/eba1b71e15132f3001bd52088fb5b49d903553ae
Hon.Minister of Port and Shipping and Chairman of SLPA visit employees with greetings for the New Year,"Chairman of Sri Lanka Ports Authority (SLPA) Mr.Dammika Ranatunge visiting the employees at their at SLPA on the first day of work following the Dawn of Sinhala and Tamil New Year.


 




The first meeting on the first day of work following the dawn of Sinhala and Tamil New Year at Sri LankaRead More",https://www.slpa.lk/port-colombo-page/36c341e71294cd73fb9980e39520fb43/59d54026fce92f84ac45965f3aa7186506258aba
Next period will be the most decisive period of the Sri Lanka Ports Authority - Minister Arjuna Ranatunga,“In the last year Sri Lanka Ports Authority faced many challenges. Leading factors of Sri Lanka Ports Authority were privatized. In this year also we have challenges to face. As the Sri Lanka Ports Authority you have the responsibility to protect this institution. My responsibility is to maRead More,https://www.slpa.lk/port-colombo-page/9ad4e580a75238e39bdeacdea681c48f/90c7b4f50f83cf34c99f910cd638da43313a5f2c
H'tota Port--SL Navy will handle security: PM,"All security matters in the Hambantota Port will be handled by the Sri Lankan Navy, Prime Minister Ranil Wickremesinghe said yesterday.

He said this at a forum organized by the Japanese Government on the theme, Global situation and importance of Japan in Tokyo.

ŌĆ£Sri Lanka will act with responRead More",https://www.slpa.lk/port-colombo-page/26a9a2a9ffdbcc1430b2d5a92411d6bb/24976cfd9ee739d32561a8df8fe3c88489aad807
Sri Lanka's Colombo port box volume up 5.6-pct in Jan,"ECONOMYNEXT - Throughput at Sri Lanka's Colombo port rose 5.6 percent to 484,866 twenty foot equivalent units (TEUs) in January 2017 from a year earlier, with transhipment growing 4.2 percent, official data shows.

Domestic container volumes also rose 9.1 percent to 116,746 TEUs.

TranshipmenRead More",https://www.slpa.lk/port-colombo-page/423f3276d9ab87963c6036755c9c2bf8/30810e26ca1c6632377bc12d7946ce81735987ab
A special  delegation from Chittagong Ports Authority visits the Port of Colombo,"Plaque exchanges between Mr.Dammika Ranatunga – the Chairman of Sri Lanka Ports Authority (SLPA) and Mr.Md. Mashiur Rahman Beg – Deputy (Traffic) Manager from the Chittagong Ports Authority of Bangladesh.

 

A special delegation including Mr.Md. Mashiur Rahman Beg – DeputyRead More",https://www.slpa.lk/port-colombo-page/65928f8cbf6a1f3679c303b71af0c2c8/21753242a211debb3eb203ff1be20ed0616c1f20
The World Largest Car Carrier Called at the Port of Hambantota,"Making a historic land mark in Sri Lanka, the world largest Pure Car and Truck Carrier (PCTC), the mv “Hoegh Trigger” owned and operated by m/s Hoegh Autoliners AS – Oslo, arrived on her maiden call at the Port of Hambantota on 31st March 2017.

The Hoegh Autoliners - AS have veRead More",https://www.slpa.lk/port-colombo-page/9286b34199ec10ab0e2a0f2a9371ef70/eec91fccfeefa59dcf5f0b146d9bf6c0cd1824f5
NISHANTHA MUTHUHETTIGAMA INTERVENE IN THE DEVELOPMENT OF THE GALL PORT.,"A special attention has paid to catalyst the development project of the Galle Port, Deputy Minister of Ports and Shipping Nishantha Mutuhettigama stated. Minster Mutuhettigama stressed that all the possible steps will be taken to face challenges and to provide solutions for them when the initialRead More",https://www.slpa.lk/port-colombo-page/98894917bb63f42be5d0a5a6473d9a67/898be5c7c0ac5cd04d5ac556e153736cd0e03f9d
Global container volumes bounce back to 4% growth in Q4: Alphaliner,"Global container volumes bounced back to grow 4% in the fourth quarter of 2016 according to analyst Alphaliner.

Based on a survey of the world’s top 30 container ports Q4 2016 saw 4% volume growth compared to -0.6% in the first quarter.

As whole global container volumes grew 1.8% in 2016Read More",https://www.slpa.lk/port-colombo-page/c90ab7ca9efb3afc4860003305459edd/23eca955fc64debc7ffe967a2c26cf4408cd3429
COLOMBO PORT IS THE SECOND FASTEST GROWING PORT - MINISTER ARJUNA BRIEFED THE INTERNATIONAL COMMUNITY,"Colombo Port has become the second fastest growing port among the ports which carries out terminal operations, Minister Arjuna Ranathunga stated. It is an increment of 10.6 %. “The political climate prevailing in the country today is very conducive for investment with good governance PracRead More",https://www.slpa.lk/port-colombo-page/dd0cfbad35743439e5f935eb28a0df74/ebabf04b6a58915fcc82ff578d493b7b005686e1
MINISTER ARJUNA RANATHUNGA BRINGS SRI LANKAN MARINE SECTOR INTO WORLD STAGE,"Hon. Minister of Ports and Shipping Arjuna Ranathunga attended to"" Crans Montana Forum"" in Dakhla Morocco in accordance with the invitation extended by Crans Montana Organization. He had delivered a speech on the topic ""Port Development, Policies and Projects in Sri Lanka on 19th oRead More",https://www.slpa.lk/port-colombo-page/d40f9c3056519128ee5b1796a257e96a/fd5e96c42c3b4ee6d2418238f5c22114b18684ac
Arjuna Ranathunga attends to ŌĆ£CRANS MONTANA FORUMŌĆØ,"Hon. Minister of Ports and Shipping Arjuna Ranathunga left Sri Lanka, in the morning, today [16] to attend the International CRANS MONTANA FORUM. This forum will be held from 16-21 of March 2017 in Dakhla [Morocco]. The theme of this forum is “towards a new Africa for the 21st Century&rdquoRead More",https://www.slpa.lk/port-colombo-page/a0e6a413c6a5e63a5dffb0c273ed32ff/55d46366e6def438d3cedadc8475c2b216e54842
High profile New Zealand delegation visits SLPA,"A high profile New Zealand delegation including the New Zealand’s Minister of Food Safety and Veteran Affairs and Associate Minister of Transport and Immigration David Bennete, Her Excellency Mrs. Joanna Kempkers, the New Zealand High Commissioner (Designate) to Sri Lanka and Mr. Senaka SilRead More",https://www.slpa.lk/port-colombo-page/d507b682045ebc5f240d27bab8820da2/a11f5e26ff69191111e846dcff4a7314eebd4587
SRI LANKA PORTS AUTHORITY EARNS A PROFIT OF 11 BILLION RUPEES - MINISTER ARJUNA RANATHUNGA SAID,Sri Lanka Ports Authority had earned a profit of 11 billion rupees in 2016 showing an 83 percent increment in relation to the previous year. Hon. Minister of Ports and Shipping Arjuna Ranathunga declared these financial records officially while addressing a media conference held in the auditoriumRead More,https://www.slpa.lk/port-colombo-page/33cd915c37e2c8a9ed6a2e87fc6479df/6e953b7bffc41c4daf9d4f14f0233da09c3abe37
SOUTH ASIA'S FIRST FEMALE GANTRY CRANE OPERATOR PASSED OUT FROM SRI LANKA PORTS AUTHORITY,First female group of gantry crane operators from South Asia who were trained in the Mahapola Ports and Maritime Academy of Sri Lanka Ports Authority passed out today on 08th of March 2017. This passing out ceremony was held in the Mahapola Ports and Maritime Academy to mark the International womRead More,https://www.slpa.lk/port-colombo-page/ab6987c35fdd99ccea89a31234cee8e4/257263f8c4d6c9441da18e4796f7d10426572ca0
Sri Lanka Port employs women gantry operators in regional first,"The Sri Lanka Ports Authority has employed women as gantry crane operators in a first for a South Asian country. Madhu Harshini 30, works in Sri Lanka’s Colombo Port. Gantry cranes are at the heart of efficient port operations and it is a highly skilled and demanding job. Efficient gantry cRead More",https://www.slpa.lk/port-colombo-page/a8856baa7b3214b679d923efcbee6660/ee02188793f70283d3006535172f17732d4144b5
USNS Fall River arrives in HŌĆÖtota,"US expeditionary fast transport ship USNS Fall River arrived in Hambantota Port yesterday to facilitate the Pacific Partnership programme which was also launched yesterday. A number of activities including health camps, engineering projects and military band engagements would be held during two wRead More",https://www.slpa.lk/port-colombo-page/796561241fe95fbbd89cc8b94a033b18/f4c7018cdc680483ce3cbcbd6223e7b7ee411aca
"US Navy in HŌĆÖtota port based exercise ,Pacific fleet chief due","Pacific Partnership 2017 will get underway at the Chinese built Hambantota Port tomor-row (March 7) with the participation of US Navy ship Fall River and over 100 US, Japanese and Australian marines.

The joint exercise initiated after Dec. 2004 tsunami, this year involves Myanmar, Malaysia, VietRead More",https://www.slpa.lk/port-colombo-page/085d0d74079b1791fe88f4becda28c0b/1341f2c532ff82333642dbe525deab86537ab476
WORKERS DEDICATION IS THE SECRET OF SUCCESS OF COLOMBO PORT - SLPA CHAIRMAN DHAMMIKA RANATHUNGA,Colombo Port has been ranked to the 23rd place among the world’s best ports in accordance with the “Alphaliner” standardization. This categorization includes all the ports in the world which carries out container operations. Colombo Port had ranked to the 26thposition in 2015. CRead More,https://www.slpa.lk/port-colombo-page/b1f6ef276360314d38811d45706ba418/bf63ea18c868a40fde04e9bb51bf64db4b38aca7
M.I.C.S IS ONE OF THE PROFESSIONAL QUALIFICATION IN INTERNATIONAL TRADE & MARINE INDUSTRY,"Awards ceremony of Institute of charted shipbrokers [ICS] was held yesterday at the Cinnamon Lake side, Colombo. This ceremony was headed by the Hon. Minister of Ports and Shipping Arjuna Ranathunga and Governor of the Central Bank Mr. Indrajit Coomaraswamy, Chairman of the Sri Lanka PoRead More",https://www.slpa.lk/port-colombo-page/8c9e720e91dcae43110394313a9fe850/40ad68f7d1cfabbb8fd396625b43d595328be896
Two ŌĆśBeautiesŌĆÖ Take Sri Lanka To Greater Heights,"A British ‘beauty’ Aurora made her graceful appearance at the Colombo Port on the February 6, 2017, coming from Mumbai, India. The beautiful passenger vessel will end her long journey at Southampton, England, on April 22, 2017.

This gigantic 889-foot (271m) vessel carries 850 crewRead More",https://www.slpa.lk/port-colombo-page/4851838f54f872a3892ba9b7216afe3d/dfa4920b5c8d8bff59f134467f8f4e33a119ed8b
Colombo Port listed among worldŌĆÖs 30 best ports,"The Colombo Port has gained 23rd position among the world’s 30 best ports according to the ‘Alphaliner’ international standardisation program.

Earlier, the Colombo Port occupied the 26th position in 2015 according to this standardisation computed on the basis of container handlRead More",https://www.slpa.lk/port-colombo-page/fa704cb3ac9868ea4576a4628eb98463/f074705fa02d6b7909b4a9dd517102f950e2bbb7
Colombo port listed among world's 25 best ports,Read More,https://www.slpa.lk/port-colombo-page/3a6ef6d417ba663e747dcdbe4e9daa18/dc609d357ecb75719420f5e3f2283c9464d335a7
Port tour by Trade Finance Association of Bankers,THE TRADE FINANCE ASSOCIATION OF BANKERS (TFAB) recently organized an educational tour to Colombo Port to enhance the knowledge of its members in line with the objectives of the association. The port tour organized and fully sponsored by the association was highly commended by its members. The foRead More,https://www.slpa.lk/port-colombo-page/52240b62a473ceaa7dc4259164cb762b/514a8fe68c4ece6eca2ac75115807e897c477a02
China's Zhenjiang Shipyard delivers two tugboats to Sri Lanka,"Feb 16, Colombo: China's Jiangsu Zhenjiang Shipyard (Group) Co has successfully delivered two 6,000HP tugboats to the Sri Lanka Government Ports Authority.

The Chinese shipbuilder in the Jiangsu Province delivered the two tugboats from its shipyard in Zhenjiang City on 9th February. BoastingRead More",https://www.slpa.lk/port-colombo-page/eb6c195b5209b204a3752842a4920649/7eabf9cbdb3a34bcc45d9b280cc6e503408921fb
"WorldŌĆÖs largest car, truck carrier to HŌĆÖtota in March","‘MV Hoegh Tracer, the world’s largest Pure Car and Truck Carrier (PCTC) belonging to Hoegh Autoliners AS - Oslo will call at the Hambantota port during the first week of March 2017 handled by Diamond Shipping Services. The vessel plying under MIAF service (Middle East, India and AfricRead More",https://www.slpa.lk/port-colombo-page/c77fb6a95ae398cd26697016c89cb4c9/ce75f4d979518c9cc8ccce3cfb93772b8c2337e4
Shipping Industry Calls for Inclusion of Ship CO2 in EU ETS,"Associations of shippers and cargo owners have called on the European Parliament, Council and Commission to include shipping emissions in the EU emissions trading system (ETS) under a special fund, Transport & Environment association said.

As disclosed, in two letters sent yesterday, the shiRead More",https://www.slpa.lk/port-colombo-page/cd636acf58389eb5e0bfefa7c7e238ad/5f59c275d35bb757f189bc00682bc1125eb95ab5
Maersk Line plans digitisation push to improve customer experience in Sri Lanka,"Maersk has been consistently investing in Sri Lanka enabling exports and imports Maersk Line to focus on increased digitisation to simplify trade in the region
 

Maersk Line the leading container shipping company in the world recently completed 25 years of operations in Sri Lanka. It beganRead More",https://www.slpa.lk/port-colombo-page/c7731bf7a872cb0df3ede7c70ac74b5f/fb26df4c9b7abc09485a9587cee561a0bc9ef011
WISTA Sri Lanka organizes insightful port tour,"WISTA Sri Lanka organized a guided port tour for members and their children to educate the future generation about port operations and create awareness about the capabilities of the Port of Colombo (POC).

On 28 January, the WISTA bus picked the children and mothers and proceeded to the newly-conRead More",https://www.slpa.lk/port-colombo-page/487536cb74a7f3a513ca52ae4f7b10be/f86c43112726f9b5e645bec9dc9f0a0dc8c3819d
Maersk Line and Hamburg S├╝d enter slot purchase agreement on EastŌĆōWest trades,"Maersk Line and Hamburg S├╝d have announced a slot purchase agreement for Hamburg S├╝dŌĆÖs volumes on the EastŌĆōWest trades to be shipped on vessels in the 2M network.

Due to changes in the global liner alliances, the agreement follows commercial negotiations in anticipation of the terminationRead More",https://www.slpa.lk/port-colombo-page/a44ce2db82e510318c768d74bd6e2826/d019ae676c214097ead3f9af16a801e4144e5939
"Bangladesh Coast Guard ship, Indonesian Naval ship arrives in Sri Lanka","Sri Lanka Navy, in accordance with naval traditions, welcomed a Bangladesh Coast Guard ship and an Indonesian Naval ship arrived in Sri Lankan ports.

Bangladesh Coast Guard Ship Tajuddin arrived at the Port of Trincomalee on a goodwill visit on Friday.

Commanding Officer of CGS Tajuddin, CaptaiRead More",https://www.slpa.lk/port-colombo-page/8b61a720029e3c400d6b7c45b8ba611e/31d60505138b5c039ce78fe0569587a224b169a8
SAGT puts Sri LankaŌĆÖs Maritime expertise on the world stage ŌĆō again! Gets awarded best Port/ Terminal in the Indian Sub-Continent region 2016,"South Asia Gateway Terminals (SAGT), the first private container terminal operator in Sri Lanka with approximately 60% Sri Lankan shareholdership, has yet again featured Sri Lanka prominently on the world maritime stage.

This time SAGT was awarded the ŌĆ£Best Terminal in South AsiaŌĆØ by the SinRead More",https://www.slpa.lk/port-colombo-page/8da238ff2ec6525f74f1e69230d996fa/8ecc18e8d9c4632b1e5c926643c3770f7f4e4bcb
In commemoration of HE PresidentŌĆÖs 2nd year anniversary in office: CSC initiates ŌĆ£Carrier Guidance SeminarŌĆØ in Shipping,"Ceylon Shipping Corporation (CSC), the National Carrier of Sri Lanka organized a “Career Guidance Seminar in the Maritime Sector” to 100 G.C.E (A/L) students representing several Government schools as a commemorative event to mark the 2nd year anniversary of the His Excellency the PreRead More",https://www.slpa.lk/port-colombo-page/67dce365b9cccb35081a7d6ce9926431/20e217242e460b993b1dd427955324e74dbeeeed
Chinese Oceanographic Research Vessel 'Quan Sanqiang' arrives at the Port of Colombo,"The Oceanographic Research Vessel of the People's Liberation Army Navy, ‘Quan Sanqiang’ arrived at the Port of Colombo for a replenishment and technical halt today morning.

The ship was welcomed by the Sri Lanka Navy in accordance with naval traditions on her arrival.

The CommanRead More",https://www.slpa.lk/port-colombo-page/b94fe8f154c6c2e71348e06e4901660e/1f8eecb897dfe2173eb1b9231286ebddf6987e42
Colombo Dockyard delivers 80-passenger vessel to Northern Province,Colombo Dockyard successfully delivered the 80-passenger vessel built for the Northern Provincial Council on 10th January in Delft. The passenger vessel named Neduntharakai is capable of transporting 80 passengers and shall be deployed for transferring civilians from Kurikadduvan jetty of JaffnaRead More,https://www.slpa.lk/port-colombo-page/decb4d9632e100ae65411fb8ba401dcd/7fff8d07a5896a6cfa0492081f70314d40dcba54
Ports Authority CC lead,(Ceylontoday-22012017)Read More,https://www.slpa.lk/port-colombo-page/3a2db89db4febe15a8b8821d23352816/e05c6fe234cbe14833f7b548a75d08dbebd36e9d
"Island Sky Cruise ship calls on Colombo, Galle","MS Island Sky one of the three flag ships and sister vessel to the MS Caledonian Sky and MS Hebridean Sky and one of the finest small ships in the world, made calls in Colombo and Galle ports recently.

The vessel calls were handled by Lanka Shipping and Logistics in alliance with J. M. Baxi &ampRead More",https://www.slpa.lk/port-colombo-page/80b4a152eeb901a22121047f9782c9a8/253b12aa87bd9fb70ee1664a2c17673d8032b754
MAHAPOLA TRAINING INSTITUTE RENAMED MAHAPOLA PORTS AND MARITIME ACADEMY,Read More,https://www.slpa.lk/port-colombo-page/c41b2c69a6e515eb87302316d8f0300d/0e00b8db65bc14bf674499b8364d45a21a74dec9
McCallum Entrance Park now opens to public,"The McCallum Entrance Park on D. R. Wijewardena Mawatha, Colombo 10, rehabilitated under the Metro Colombo Urban Development Project (MCUDP), was declared open to the public on January 8 by Megapolis and Western Development Minister Patali Champika Ranawaka and Ports and Shipping Minister ArjunaRead More",https://www.slpa.lk/port-colombo-page/ded3a1a57f7a673bb1da655938e55556/f352fce702140a7bc71e69ab688b215e44a3badd
Progressing for development through prideful dedication,Read More,https://www.slpa.lk/port-colombo-page/8a177a99d382b7f07dcb131f05c1650c/a86230ababf06f85ae9972a78af4cd8e25001914
SL's strategic location potential to become hub of global maritime trade: Envoy,"The strategic location as well as the economic health of the country was indicative of Sri Lanka’s potential of becoming a hub of global maritime trade, the Acting High Commissioner of Pakistan in Sri Lanka Dr. Sarfraz Ahmed Khan Sipra said,on 07 of January 2017. Delivering the remarks at aRead More",https://www.slpa.lk/port-colombo-page/a22d0e4866c92bbdab139dd31fedfea5/b23b88808b3da7fe6cac4be978ff5c30094955e6
LAUGFS Maritime first to register ship at Hambantota Port,"LAUGFS is set to mark another monumental milestone by being the first to register a vessel at the Hambantota Port.

The announcement was made together with the purchase of another LPG vessel under LAUGFS Maritime, in its plans to rapidly expand its vessel fleet. This latest LPG carrier was acquirRead More",https://www.slpa.lk/port-colombo-page/9d6810c509a52cb932cdc5fbe43f929b/b6d8eb9dc5a6cc9f8bcca21183f69ea9c82c6fd5
CICT surpasses two million teu milestone in second year of operation,"Colombo International Container Terminals (CICT) has reported a throughput of 2 million teus for the 12 months ending December 31, 2016, achieving impressive YoY growth of 28 per cent in volume.

This new volume has enabled the Port of Colombo to register overall incremental growth in the three cRead More",https://www.slpa.lk/port-colombo-page/0439e9038284ea99fcdee4c443ef8518/a3dacdfe05c581b2945ec50ac8e9a5c844fbedea
SLPA welcomes 2017 - confident in the journey of progress,Read More,https://www.slpa.lk/port-colombo-page/2d5cf812274577578bc706d738f48696/cde91f93ae68176215e858c3d85dc0d543f9dcd1
CICT achieves 2 million teus in second full year of operation,Read More,https://www.slpa.lk/port-colombo-page/b1d71a52d5e6548b99ef13d2d806302e/16ade380dff16f96edec76158894eea74ad364de
COLOMBO ENGINEERING POLISHES STRANGE ATTRACTOR,"Colombo Engineering under the leadership of Kiran Atapattu performed underwater polishing on the “Strange Attractor” at the Colombo Anchorage Mobilizing sophisticated state of the art machinery.

It completed the task in just seven hours using three diving boats and engaging twenty toRead More",https://www.slpa.lk/port-colombo-page/ac9289ae53c554d09b044a07dbd1a237/7ec9dad720723b1955114e979213b66447020f8c
Sri LankaŌĆÖs First Female Gantry Crane Operator is emerging from the Sri Lanka Ports Authority,Sri Lanka’s first female gantry crane operator is emerging from Sri Lanka Ports Authority in the near future. Hon. Minister of Ports and Shipping Arjuna Ranathunga said while speaking in the opening ceremony of the “Colombo Maritime” Conference. Hon. Deputy Minister of Ports andRead More,https://www.slpa.lk/port-colombo-page/37835f6b5e39dd99bbce51d2a36ec78b/001d02ea6b6359b6137f0ae59236ec1cbf2473ce
Container Transporters Association seeks key to drive trade growth,"The Association of Container Transporters (ACT), a responsible trade body tasked with improving standards of the local container transport trade, hosted its 31st Annual General Meeting requesting relevant authorities and sector ministries to push for improved regulations that will contribute to gRead More",https://www.slpa.lk/port-colombo-page/e206227e5fe1d2bd9ee1dd714fa55367/b7329ace3e87b73de45a6a2afebd8634ecb70c30
"SAARC-ADB meeting on cargo, passenger ferry service was held on December 1-2","At the 16th SAARC Summit held in Thimphu, Bhutan, from April 28 to 29, 2010, the SAARC leaders called for collaborative efforts to achieve greater intra-regional connectivity and endorsed the recommendation to declare 2010-2020 as the “Decade of Intra-regional Connectivity in SAARC”.Read More",https://www.slpa.lk/port-colombo-page/b228a5fc49260120fc14db8028533c5c/3f6e61386dad465b9caa9b3fb02ed17fdb2e19ae
Large vessel arrives in Colombo- Traffic jam in Port,"Colombo Port became very busy yesterday due to the arrival of a large passenger vessel, “Genting Dream”. Vessel was anchored in the Eastern terminal. 1500 tourists arrived in Colombo Port. Thereafter 1500 local passengers were boarded in to the ship.

This is the world’s seconRead More",https://www.slpa.lk/port-colombo-page/49f78d7a0143c568202843767f180491/7d24318567cfe3a3b7fbb02fddde571237133b2a
SLPA mulls urgent reforms for operations and processes to become regional hub,"By Shabiya Ali Ahlam Determined to stay abreast with the global shipping and logistics industry, Sri Lanka Ports Authority (SLPA) is said be in the middle of a detoxification process that has human resource and information system reforms at the core.

Stressing the importance of urgent reforms inRead More",https://www.slpa.lk/port-colombo-page/c1e4746dec9acd9b8974fd51805ba111/e066561c516733d900c43d7a349463308b8059de
"Norway reaffirms technical support for SLŌĆÖs ports, maritime sectors","In a bid to bolster economic ties with Sri Lanka, Norway reaffirmed its commitment to support Sri Lanka’s shipping and logistics industries, noting it will extend technical support to boost the current status of the island nation’s ports.

Noting it is an area that can be used to &ldqRead More",https://www.slpa.lk/port-colombo-page/200e2f1a65811e70481a827e65b46521/4374e4bf9d4a1f8aeb3428fbaa505bb3213bcd13
"DREAM COMES TRUE FOR 2,000 PASSENGERS TO COLOMBO","Over 1,500 passengers will sail on luxury liner – Genting Dream - from Colombo to Singapore which is on its maiden voyage in Asia. The cruise ship sailing into Colombo on Monday, October 31 from Mumbai will bring in 2,000 passengers who will disembark in Colombo. They complete their cruiseRead More",https://www.slpa.lk/port-colombo-page/681128a4f7a4a8863af725c37e2e698e/50267467e2761cdef71e6a6f21a6ff8d15b1ca1e
HUB PORT: COLOMBO EYES INDIAN COASTAL SHIPPING,"Sri Lanka has the potential to take advantage of India’s initiative to shift freight movements from land to sea and serve as a transhipment hub for shipping between the Indian east and west coasts, according to Dr Piyush Raj, Head of Maritime Advisory DNV GL India, Sri Lanka and BangladesRead More",https://www.slpa.lk/port-colombo-page/e31dbbe6db253a8de011f41412d6c753/dddbe4c466ecaeffdbe8b50228586f3150039cc4
Norwegian tall ship S├Ėrlandet visits Sri Lanka's Port of Colombo,"The world's oldest working full-rigged ship, SS Sørlandet from Norway, has arrived in Colombo Sunday for a week-long visit.

The Norwegian heritage vessel is on a two-year circumnavigation of the world, with 70 high school students from A+ Academy. The visit to Colombo is only one ofRead More",https://www.slpa.lk/port-colombo-page/64a2a9c182984f74e72a3428ce31a0cc/f8cdc1a450110b92720937740cbbe87f46012205
Two Bangladesh Coast Guard Ships arrive in Colombo Port,"Sri Lanka Navy, in accordance with naval traditions, welcomed two Bangladesh Coast Guard ships arrived at the Port of Colombo today.

Two Bangladesh Coast Guard ships, BCGS Syed Nazrul and BCGS Tajuddin arrived at the Port of Colombo on a goodwill visit on Tuesday October 25.

The Deputy DirectorRead More",https://www.slpa.lk/port-colombo-page/ded691b591e44dee57eeb5c6d1fe2b24/aab7deb94cce4bbf0b7ac730701a3d835e8ffc18
World's oldest working full-rigged ship arrives in Colombo Port,"The world’s oldest working full-rigged ship, SS Sørlandet from Norway, arrived in Colombo, the Norwegian Embassy in Colombo said today.

The ship is on a two-year circumnavigation of the world, with 70 high school students from A+ Academy. During their stay in Colombo they will greetRead More",https://www.slpa.lk/port-colombo-page/3b5ceba57010afdc514a53b6945663f8/343469d8c5ae33f246b27b8d434c77d95500fc69
Bangladesh Ambassadar His Ex Mr Riaz Hamidulla Meets Chairman SLPA,Read More,https://www.slpa.lk/port-colombo-page/727f3fa20f1730c90d4ce76d823ce66e/e3e0e7d47202e56bb8788177a1170146b1d34c8b
CSC takes delivery of second vessel today,"Ceylon Shipping Corporation (CSC) will take delivery of their second Bulk Vessel, Ceylon Princess at the Colombo Port today after a lapse of six years.

The newly built ship has a net tonnage of 21,628 MT.The Corporation obtained US$ 70 mn from the PeopleŌĆÖs Bank at 5.5% + 06 Months LIBOR for boRead More",https://www.slpa.lk/port-colombo-page/e8690baf79890caad7f1307e920e584e/1d6c34fa26eb08d673884720037f4297edf584e6
World Children's Day - 2016,Read More,https://www.slpa.lk/port-colombo-page/22a053f246e65d617fb76e6875559146/6b116baf89855bc9183ca748231f84ffdfbc49b1
International Maritime Conference,Read More,https://www.slpa.lk/port-colombo-page/d919de1fe87d4614845f0d88206f55f9/c5d2f71a18221b7653599fde355e9bbc96b0366c
Largest container carrier to call at Colombo Port,"The 19,224 teu MSC Maya, which will be the biggest cargo ship to enter the Port of Colombo when it berths at the CICT-managed Colombo South Terminal on September 16, 2016.




One of the largest ships afloat is expected to call at the Colombo South Terminal of the Colombo Port for the first time, seRead More",https://www.slpa.lk/port-colombo-page/8d60754ff648a1fa98df64a1658e7e5c/78a29eccb8146f85eece959b1c7c7977c6845e50
MSC Maya calls the Port of Colombo,"MSC Maya the largest ever vessel to call Colombo with capacity 19,224 TEUS called at the Colombo International Container Terminal of the Port of Colombo recently. To commemorate the maiden call of the vessel at the Port of Colombo, plaque exchanges took place on board the vessel between the port,Read More",https://www.slpa.lk/port-colombo-page/d8014ba846d7998e9bd53b69365867bc/0cc2ff723d655153af69b891b895f7315902e515
Maersk LineŌĆÖs Triple-E liner to call on Colombo,"Maersk Line, the global containerized division of the Maersk Group will create history of sorts with the one of the world’s largest ships – The Triple - E liner calling on Colombo on September 23. Introduced in 2014, this ship is designed and built using state-of-the-art technology, wRead More",https://www.slpa.lk/port-colombo-page/8d6dac97455f33b70dbbc553ed719573/02479e522f969e982d8edc533fea13d505d62d33
SLPA seeks to diversify transshipment business,"With a big increase in the number of mega-container carriers calling at the Colombo Port, the Sri Lanka Ports Authority (SLPA) is keen to have a joint international marketing effort for the harbour together with the two private terminal operators, says SLPA Chairman Dammika Ranatunga in an inteRead More",https://www.slpa.lk/port-colombo-page/a38e82718a322393670111de87ad74ac/4d9711368439dfaecea725e77fe2c4225e4a47c2
ŌĆśProfit-making govt. institutions will not be soldŌĆÖ,"President Maithripala Sirisena said, none of the profit-making government institutions will be sold to the private and there is no need for the port to be privatized.

The President stated this attending the opening ceremony of the Sri Lankan Ports AuthorityŌĆÖs CFS 1 Container Freight StationRead More",https://www.slpa.lk/port-colombo-page/4b1cbf9820e840532ed73e5a3971abbf/75155abfa6f59f98f4fe3f86d999ab7c0259b2d1
SLPA chief calls for independent regulator for ports sector,"A top Sri Lanka Ports Authority (SLPA) official said the government must look at establishing an independent regulator for the countryŌĆÖs ports sector so that the debt-ridden institution can direct its focus towards the highly competitive global logistics industry.

 ŌĆ£In the short-term there iRead More",https://www.slpa.lk/port-colombo-page/da50042dd541f9064829809c5005b439/1165ada334048d47e86f1ccf53ae0bb5f100b557
South Asia Maritime Forum in Colombo in September,South Asia is interestingly getting international attention as a region that is poised to keep the global economic growth to sustain the momentum and help stabilise the current turmoil. The region is estimated to have GDP of over 2.6 trillion dollars and a population of over 1.7 billion withRead More,https://www.slpa.lk/port-colombo-page/21f2bec0bede0f352a8c78d31e398e67/143a7efd37f75014b0a2535fc3c7b66e97806920
Sri Lanka Shippers' Council Celebrates 50th Anniversary,(DN - 28072016)Read More,https://www.slpa.lk/port-colombo-page/20db1810ab84cc22b3981ec28cf48985/a47ce26a513700033d149767c8a5f7e68c8db227
Jobs for Sri Lankan sailors in Switzerland,Secretary of Ministry of Ports and Shipping L.P. Jayampathy claims that in the near future Sri Lankan sailors will get the opportunity to sail in Swiss flagged ships. With the presence of Director General Ajith Seneviratne and Ambassador of Switzerland to Sri Lanka and the Maldives Heinz Walker-NRead More,https://www.slpa.lk/port-colombo-page/efc2e99885593ad3a44b758c05c874b6/a76838db81d13bb43deb7f0a711bb6b60fe3b815
Ceylon Shipping secures full-term certificates for ŌĆśMV. Ceylon BreezeŌĆÖ from DNV GL,Read More,https://www.slpa.lk/port-colombo-page/54900f3672a376e93903d13841314baf/5b8ea999e9774c1b8e6c3a285c6a92b99a04663e
Singapore Port interested in investing in Colombo,Read More,https://www.slpa.lk/port-colombo-page/aafbbe012dec16b1f61bafa49273f574/3c8ceebc25a9ae0708a11daa6f8c11adc0823aa8
Opening of the Northern Terminal,Read More,https://www.slpa.lk/port-colombo-page/cbdfec3414403b559c6bc613f21591df/017377c50b0e9ce3133dd3a237060a2a7da20ee7
Sri Lanka ŌĆśMaritime WeekŌĆÖ declared,"The Government of Sri Lanka for the very first time has declared a ‘Maritime Week’ in Sri Lanka from 21 to 27 September in line with World Maritime Day which falls on 24 September which will be observed by the International Maritime Organisation and United Nations worldwide.

MinisteRead More",https://www.slpa.lk/port-colombo-page/1e752e3effe9ee02f387c8dbd124e09f/d574c24b623c1073a5b9a332b77a7ca39d4f4df4
Port City: several steps taken by govt. on good intentions - CA,"The Court of Appeal yesterday observed that the government has taken several steps with good intentions regarding the Colombo Port City Project and further viewed that Court could not intervene in such development projects.

Court of Appeal President Justice Vijith K. Malalgoda made this remRead More",https://www.slpa.lk/port-colombo-page/fff3f6a08f2effb3cf9f2efa0d40cc4c/8b85a698f4dfaf9bddc347de88f9888b69cdaffa
SLPA extends 10% discount to Myanmar transshipment cargo,"The Sri Lanka Ports Authority (SLPA) has decided to grant a ten percent discount for the shipping companies engaging in transhipment of Myanmar containers through the Colombo Port to attract more business from that region.

Ports and Shipping Minister Arjuna Ranatunga granted appRead More",https://www.slpa.lk/port-colombo-page/03b4aed95df019f22cc5ae2a78a3b4db/756b19374757ca0f82904e86b7aea334a0732db6
ADB to help expand Colombo Port operations using PPP,"The Asian Development Bank (ADB) and Sri Lanka Ports Authority (SLPA) yesterday signed a transaction advisory services agreement to develop the East Container Terminal (ECT) of Colombo Port through Public-Private Partnership (PPP). 

The signing was witnessed by ADB PresidenRead More",https://www.slpa.lk/port-colombo-page/3cbbd7bbe4c753ec3de740ea0eee1c73/0bb0fb36fca95b1473bc24a4322c9ba7b31a56d5
Sri Lanka under spotlight in Berlin as investment location,"Tagesspiegel: Some of the approximately 300 participants of the German Sri Lankan Business Forum in Berlin felt like transferred to a fairy tale world, when Annette Heimlicher, CEO of the Swiss position sensor producer Contrinex, marvelled about her settlement experiences with the new Government ofRead More",https://www.slpa.lk/port-colombo-page/e0c6b5ec4633cf8f517fa460b1d2e835/41f078f59feca8745c2db76072646cbfb5beab4c
Three Mega Container Liners at JCT,"Three mega container ships, more than 300 metres long each, anchored alongside the Sri Lanka Ports Authority's Jaya Container Terminal (JCT) in the Colombo harbour creating a record in the history of the container terminal yesterday morning.  The ships are MSC JoRead More",https://www.slpa.lk/port-colombo-page/0aca695b64375acf99ed7622521b39e8/1a7a703f880ad05d2b85d43bcb430f689e8d6236
Merchant Shipping Secretariat awarded ISO 9001:2008,"The shipping administration of Sri Lanka, Merchant Shipping Secretariat, was recently awarded with the ISO 9001:2008 standard certification by Sri Lanka Standard Institution Director System Certification T.G.G Dharmawardena at Merchant Shipping Secretariat office, Colombo 01. &nbspRead More",https://www.slpa.lk/port-colombo-page/9d70e01eee17c893b6bb97a45004ff17/ab996ed2c90628963ea4f525b96af5e5ef6207b9
A new service commences with  the JCT of SLPA  between Colombo and Myanmar,"MV Pathien Star of Continental Shipping Line  makes her inaugural call at the Jaya Container Terminal (JCT) of Sri Lanka Ports Authority(SLPA) on 23.03.2016 under the new Colombo – Yangon service. The vessel called from Chennai, India is scheduled to leave Port Yangon of Myanmar.Read More",https://www.slpa.lk/port-colombo-page/e4bc698d9a0133116da3ca3d487fc713/50ca6253a2b8bb10731ef5b47c5d0d10f98d7c01
Tourist Information Counter opened on board MS Amsterdam,"‘Amsterdam,’ the flagship of the Holland America Line, arrived in Colombo on 21 March. 

The passenger vessel is on her Grand World Voyage 2016, started from Florida on 5 January and arrived at the Colombo Port on 21 March. 

She had called at Hambantota PRead More",https://www.slpa.lk/port-colombo-page/26019cedb0788a3d147eee897a4a3de2/7c621f75fd48e1e187b7680680000f25e85a5a7e
11 super luxury vessels called at Colombo Port last month,"The number of passenger vessels calling at the Port of Colombo has increased with 11 super luxury passenger vessels calling at the passenger and other terminals during March 2016, the Ports Authority said.

Among them were MV Cosalam Inosa, MV Costa Neoriviera, MV Island Sky, MV Rotterdam, MRead More",https://www.slpa.lk/port-colombo-page/3dcb2dab3bc63a9cc529aa4a65c433a7/3518df8295ca7f05e48dae3fe0705722c3e4d798
CICT attracts new shipping line to Port of Colombo,"Colombo International Container Terminals Ltd. (CICT) the first and only deep water terminal in the Port of Colombo, has made another major breakthrough by attracting a new shipping line Interasia Lines Ltd. (IAL) to call at the Port of Colombo on a weekly schedule. 

This nRead More",https://www.slpa.lk/port-colombo-page/e50fd799e8b646024693305454e204b6/8dad097d5f7a5d13b0723f5465cbef6fe2a2f244
"Geographic location, access to regional markets seen as top attractions for foreign investors","Sri Lanka’s close proximity to the East-West trading routes and the easy access to the regional markets in Asia are considered as top factors by investors looking to Invest in Sri Lanka, finds a survey conducted by the Economic Intelligence Unit of the Ceylon Chamber of Commerce.Read More",https://www.slpa.lk/port-colombo-page/4cb65ffd88950cca3a9b47464b93dda5/1a001fe02c26493a05f2572462e5d0916da018b2
SL backs Maritime Silk Route,"The government yesterday announced its fullest support for China's vital 'Sea and land' Silk route initiative.  China is aggressively promoting its 21st century Maritime Silk Route and has succeeded in persuading Sri Lanka to extend its support for the initiative.

The dealRead More",https://www.slpa.lk/port-colombo-page/e7cd34da8c35f59377b2c4f9ca81b96f/21c5a464cdaf924fd7f64e20a405be2a0d5134be
Rohan to speak at Singapore Maritime Week 2016,"Singapore Maritime Week (SMW) is the leading maritime event in Singapore driven by the Maritime and Port Authority of Singapore (MPA). SMW gathers the international maritime community in Singapore for a week of conferences, dialogues, exhibitions and social events in celebration of all thingsRead More",https://www.slpa.lk/port-colombo-page/b775613bbbbd9c5231fc59c0c420e3d4/69ad47fc994f9848a05d9ef2b23daa2ddda75e48
CICT represents Port of Colombo at Singapore Maritime Week,"One of Sri Lanka’s largest hospitality brands, Jetwing Hotels, officially signed a cooperation agreement with Deutsche Gesellschaft für Internationale Zusammenarbeit (GIZ) GmbH, to demonstrate climate-friendly and energy-efficient cooling solutions in the country’s hotel indusRead More",https://www.slpa.lk/port-colombo-page/ab4940dce8f93c500935c9a40d956d20/9106729e48e9ad6d6f52fde178ff0669068e0f72
Opening speech by the Chairman at the presentation of the,Read More,https://www.slpa.lk/port-colombo-page/e6c90b80c56d467e5f2e0f236ee06e41/6fe470dc2c22e19aa8f95a7403dabe4b69b45926
NYK Group highlights SLŌĆÖs growth potential as a shipping hub,"With Sri Lanka working towards establishing the country as a maritime hub in the region, the private sector is taking more initiative towards enhancing the potential of the people in the industry through better knowledge-sharing opportunities. One such forum was WISTA-CASA Asia Shipping ConferRead More",https://www.slpa.lk/port-colombo-page/5c527b5b70cd968679dbc5157d94bbaa/bc1c7c3d54e56a17d816ef9461fb5bb9409f3895
Teleconferencing Session for the development of East Container Terminal with ADB consultants,Read More,https://www.slpa.lk/port-colombo-page/540a7b58938c8b864366cd68aa74c10b/c2cdd4eddfc9b2e44d44c3b2f7245066a8f2c27b
Special Advisor to the Prime Minister of Japan meeting with Chairman,Read More,https://www.slpa.lk/port-colombo-page/5cf3f04304ae2b6a20f7439841f0f7d3/9e1b6ff760982918e46d5166c54e5b60fa0d3299
Ceylon Shipping secures full-term certificates for ŌĆśMV. Ceylon BreezeŌĆÖ from DNV GL,"DNV GL, leading classification society with a 150-year-long tradition in the maritime industry and presence in over 100 countries, has added to its registry as of March, a new vessel built for Ceylon Shipping Corporation, a fully Government-owned commercial enterprise and company wRead More",https://www.slpa.lk/port-colombo-page/64f651822b5f89502243bd3247951b58/f1efaed456e8c6875d8acbf5858ad666f1398fc6
"Sri Lanka, Singapore ink deal to develop port city of Trincomalee","Sri Lanka’s government and Singapore infrastructure consultancy Surbana Jurong have signed a Memorandum of Understanding (MOU) to develop the port city of Trincomalee. 



It will see Surbana detailing a long-term development plan for the Trincomalee metropolitan area and surrRead More",https://www.slpa.lk/port-colombo-page/78940215035941582005666d4aa2a153/6cc4d155d5c751544f4c571ca8913966d08aa154
Singapore Port interested in investing in Colombo,"East Container Terminal:

As the Sri Lanka Ports Authority (SLPA) last week called for Expressions of Interest for the East Container Terminal (ECT) of the Colombo Port, the Business Observer learns that several key players have shown keen interest in coming to Colombo.

senior governmentRead More",https://www.slpa.lk/port-colombo-page/1433c6e3a9fc50237762167653772ad2/8ec0b1f6bd737d1d5a6b57871f345032ca318b07
JCT accommodates two container ships,For the first time the Jaya Container Terminal (JCT) accommodated two container ships which were of 685 meter length. The two ships Ningbo Express and MSC Luciana belonging to the MSC shipping company called on Colombo Port JCT 3 - 4 jetties simultaneously to obtain sentential serveries. The JRead More,https://www.slpa.lk/port-colombo-page/1d5127203ecc138157be144e2fffcd64/7b21a2101c0e6c0841bd2c2f97c49135432d2e04
Colombo Port's JCT handles 2 ships exceeding designed capacity of 660 metres,"Colombo Port's Jaya Container Terminal managed by Sri Lanka Ports Authority recently achieved a unique feat of handling two large ships which combined exceeded the terminal's length of 660 metres.

This was when JCT served two ships together. One was MSC Luciana aRead More",https://www.slpa.lk/port-colombo-page/545bbfc6695eb79cdc21bf10d19974d2/58f23f636c7242c2cbee99eb8b8d2f71ed8f18f0
Port & Shipping Ministry to host SOLAS convention,"The Ports and Shipping Ministry has decided to hold the Safety Of Life At Sea (SOLAS) convention for the first time in Sri Lanka from 1 July.

According to Director General of Merchant and Shipping Ajith Seneviratne, being a member of the International Maritime Organisation was the main reasRead More",https://www.slpa.lk/port-colombo-page/dc8d1b8987f8211e3a522576bad5c59c/8c826151835c1a5345d7c865cc91112bb0d8393f
Second Colombo International Maritime Conference kik-starts in September,"For the second consecutive year during the “Sri Lanka Maritime Week” in September, the Colombo International Maritime Conference better known as CIMC will be held from 21st to 23rd September in Colombo. 

The event is conducted in association with the Ministry of Ports and SRead More",https://www.slpa.lk/port-colombo-page/5387042d19aa4d6568722e2c27660390/f2ab4744ed4d02446c146a64e3e2c91b32c29b68
CSCŌĆÖs second vessel Mv. Ceylon Princess delivered and ready to sail,"The newly built second bulk vessel of Ceylon Shipping Corporation named ""Mv. Ceylon Princess"", which was constructed at AVIC International shipyard at Wehai, China was delivered on 23rd of June in the presence of a distinguished gathering led by chairman, Shashi Dhanatunge and NishanRead More",https://www.slpa.lk/port-colombo-page/576516c494eb8e05fe9c2318886e19a7/bc9b51eb4e72d0ebc8a149e474700f836f019635
SLPA Terminals fully complied with VGM,"“Cargo information regarding a mandatory container gross mass verification has been  implemented in Sri Lankan Ports from 01st July 2016,” states  Sri Lanka Ports Authority (SLPA). 

The Merchant Shipping Secretariat (MSS)undRead More",https://www.slpa.lk/port-colombo-page/c32c4c380d548af27f9184b36e7ecc4f/c008fdd24ce2d235bb641942d80bd17215213ea0
CICT supports national disaster recovery effort,"Colombo International Container Terminals (CICT) has presented the first batch of consignment of essential items required by flood victims in Sri Lanka, in support of national efforts to help displaced and affected families return to their homes.

The consignment, valued at Rs 5 million, was proviRead More",https://www.slpa.lk/port-colombo-page/a914f6c41c07dd240404c4cfb2856065/8c6d09cce73c974505ab3298041822ac53edef00
New Year Celebration with Port Employees.,PORTS AUTHORITY CHAIRMAN DAMMIKA RANATHUNGA EXTENDS NEW YEAR WISHES TO PORT EMPLOYEES.Read More,https://www.slpa.lk/port-colombo-page/4b4966fb51317ad4ccffec09a6c008ea/023a6173277100464e5be45da4dc0c9513e701d2
Trade facilitation: Breaking down barriers to international trade in Sri Lanka,"Sri Lanka has undertaken key initiatives to facilitate trade and transport over the years. Vital agencies in the trading process such as the Sri Lanka Customs and the Sri Lanka Ports Authority have taken measures to facilitate trade through the automation, infrastructure expansions and others.

WhRead More",https://www.slpa.lk/port-colombo-page/89c15843177fd224710bdf2bd6275d98/8ce6229499b2bb29dc1055eb2fd9b2bc82e95d81
"Hon.Minister of Ports, Shipping and Aviation Arjuna Ranatunga Makes Special Inspection Tour at Hambantota  MRMR Port",Assures probe into allegations occurred in the port sector           during the recent pastRead More,https://www.slpa.lk/port-colombo-page/ef65d123619b673789be23682d1a359a/3bfacb146f54587cc3478759edd76a877b3e06d0
"Hon.Minister of Ports, Shipping and Aviation Convenes Ministry & Port Officials to Draft 100 Day Port Programme","Hon.Minister of Ports, Shipping and Aviation Arjuna Ranatunga recently convened a special meeting  for the Ministry officials headed by the Secretary to the Ministry of Ports, Shipping and Aviation, newly appointed Board of Directors and higher Executive Staff Members of  Sri Lanka Ports ARead More",https://www.slpa.lk/port-colombo-page/e61cb5d5ae60f3a4dcdd91618df93d2f/6c3474f9bbc4a27695af2359bf1dde8e6859ae70
Colombo Port City promoter sets the record straight,"China Communications Construction Company Ltd. (CCCC), as the proponent of the Colombo Port City Project, yesterday issued a statement in what it described as “setting the record straight”. The full statement is as follows.

CCCC wishes to extend its fullest corporation to the GovernmeRead More",https://www.slpa.lk/port-colombo-page/b84548779e2685286aad5afd3e3917cc/412cd2875a716ecfd8a7aceacf6b3d988d2feefa
Minister of Ports asks officials to draft 100 day programme,"Minister of Ports, Shipping and Aviation, Arjuna Ranatunga recently convened a special meeting for Ministry officials headed by the Secretary to the Ministry of Ports, Shipping and Aviation, newly appointed Board of Directors and higher Executive Staff Members of Sri Lanka Ports Authority (SLPA), ofRead More",https://www.slpa.lk/port-colombo-page/e8fb5d23db58177be20a1d1432dd8ea0/4b68e45a767407ba32c8a08340a8ad86e654cfca
Colossal sum invested for H'tota Sea Port construction - Arjuna,- 'Will not be closed down'Read More,https://www.slpa.lk/port-colombo-page/37387f69cae7c28bfaa48e166dc44717/7560ecaaf136ac45826529ec708380e6f38ddc74
"Bangladesh and New Zealand High Commissioners visit Hon. Minister of Ports, Shipping and Aviation Arjuna Ranatunga","A special meeting between the Hon.Minister of Ports, Shipping and Aviation Arjuna Ranatunga and the High Commissioner  of Bangladesh Tharik Ashar and the High Commissioner of New Zealand Graham Morten was held on 05th  February 2015 a t the Ministry of  Ports, Shipping and Aviation.&nRead More",https://www.slpa.lk/port-colombo-page/6f1d0831c90844cd00235a5fad7a7a34/6cd3bbfe56c616e4056f7082686ff0170de69cb3
China charms new Govt.,"Sends assistant FM for talks on $ 5 b worth projects
	
	
	Says wants to understand policies of Sirisena administration
	
	
	Open to “mutually acceptable” solution on costs, “nothing to hide” in contracts, willing to engage openly
	
	
	Asks Govt. to talk about cRead More",https://www.slpa.lk/port-colombo-page/8c0a1a1add10a1cf80fefd37ce2c719e/3d0caa63710cbc835fc65e2c2dfad93384b52fb8
Sri Lanka has enough cargo to service her own shipping industry,"Today we don’t have a shipping industry in this country. There isn’t a single locally owned ship to call our own,"" observes M.P. Gomis, a consultant in local and international shipping. In an interview with the Sunday Island, Gomis points out that the state support is imperative toRead More",https://www.slpa.lk/port-colombo-page/f66a8ed5e6af23ca04cb9bdfc311a059/16e554d89cb40fe9479e1b2b7671dd4cedd6a2f1
World famous luxury cruise vessel Queen Mary 2 calls at Colombo,"RMS Queen Mary 2, the flagship of the Cunard Line, arrived in Colombo, on Friday 6 February.

The vessel was on her world voyage 2015 and arrived in Colombo from the Port of Cochin in India. She left Colombo at 2000 hours towards her next port, Phuket in Thailand.

Capt. L.N. Jayasooriya of ShipRead More",https://www.slpa.lk/port-colombo-page/74577671df3af93968df4fb895081fb1/586d8b0c73ec4e1d542fbba2b8f9c660a0ebed96
Mv. MARINE RELIANCE calls Hambantota Port,"SEALS Company Ltd of Japan extended its Liner RO/RO service to Sri Lanka with its inaugural port call made by Mv. MARINE RELIANCE at Hambantota Port much recently.The service is to be continued  with a monthly call at Hambantota to discharge local and transshipment vehicles. 

The localRead More",https://www.slpa.lk/port-colombo-page/86be37e64bf0828564890633584d0c9c/070dafcb55881e67b7fce04cfb94faa33639b865
Wallem Lanka performs first OPL operation at HŌĆÖtota anchorage,"Wallem Lanka Ltd., under agency operations of Wallem Shipmanagement, managed vessel Mv Genco Carrier, a fully-loaded bulk carrier at Hambantota anchorage on 4 February while the vessel called for bunkering.

Wallem was established in 1903 and the business units now comprise ship management and tecRead More",https://www.slpa.lk/port-colombo-page/7433b3763477ea3d9d05b10c24ef235a/ad5d322a2a88170ddfe69081ec309e7483aabb7d
Priority for ŌĆśPiya Puthu FoundationŌĆÖ in recruitments to SLPA: Arjuna,"“Priority will be extended to the ‘Piya Puthu Foundation’ in recruiting employees to Sri Lanka Ports Authority (SLPA) in future,” stated Minister of Ports, Shipping and Aviation Arjuna Ranatunga.

The Minister made the statement attending the recent productivity meeting ofRead More",https://www.slpa.lk/port-colombo-page/9687ecde36a1a4ba2295863a57f5c243/caea00556df855a3dea45c7f6435461d19cf148b
"Ports, Shipping and Aviation Minister Arjuna Ranatunga made a special inspection visit to the Oluvil commercial port and fisheries harbour",Read More,https://www.slpa.lk/port-colombo-page/a16de3e558516f32c4ecad0f8aad66e1/f82d546c3e121366f53de643d026b063f6b77f81
Happy to see friendly ties between India and Sri Lanka - China,"Beijing: China on Tuesday reacted guardedly to new Sri Lankan President Maithripala Sirisena's India visit, saying it is ""happy to see"" close and friendly relations between them and emphasised that sound ties among the three nations will be conducive to the entire region.

""SriRead More",https://www.slpa.lk/port-colombo-page/4a2fb7735f3fe02e56120a8ce99d7930/fe6a526a4a7d046724f65125f0b64290de869fef
Ceylon ChambersŌĆÖ ŌĆśYoung Members ForumŌĆÖ visits Colombo Port,"The Young Members’ Forum of the Ceylon Chamber of Commerce recently organized a visit to the Colombo Port, which was taken part by nearly 40 of its members.

During the visit, the YMF members got a firsthand learning experience of the operations of the Colombo Port and also were able to viewRead More",https://www.slpa.lk/port-colombo-page/d8b0c04fb989985547d47a325d82c949/b9b8f3404de24b6063cce6f8c927e8e4e56a0e4f
Port City sets the record straight,Read More,https://www.slpa.lk/port-colombo-page/edd5db6a12996444c09072cb6bdf9e01/c553858ca527d5bcae7adf734a098180b4219649
Boosting LankaŌĆÖs tourism with innovative attractions,"Since the end of a three decade war in 2009 Sri Lanka’s tourist arrivals have boomed reaching over 1.5 million last year and attracting earnings of 2.6 billion U.S. dollars, according to the Central Bank.

Sri Lanka's continuing tourism success story,saw arrivals rise 18% in March this yRead More",https://www.slpa.lk/port-colombo-page/36163e1fb82b149d505b33d62d71af14/e54a66c2cb10541f31154236bac7fbe2ee7e0601
Attention: Exporters & Importers,(DN - 23042015)Read More,https://www.slpa.lk/port-colombo-page/b5d36bfdd38b753972474b012d15e5c7/f7db873697bf9cfc8032d7879653d1a84980ce30
CICT facilitates weekly service of ChinaŌĆÖs national carrier CSCL to Port of Colombo,"Colombo International Container Terminals (CICT) has made a major breakthrough for the Port of Colombo by attracting China Shipping Container Line (CSCL) to launch a brand new regular weekly service to the Port of Colombo.

CSCL is the national container carrier of the People’s Republic of CRead More",https://www.slpa.lk/port-colombo-page/cf75be8ef5fb52c8734a7856420400f6/77c98290e743c8a8f1778dbd4962047993b658b7
Ceyline attracts giant Chinese shipping line for weekly service to Colombo Port,"CSCL ships plying West African route to stop over in Colombo 
	Mediterranean, South American and European routes to follow
	CSCL increasing presence in Indian subcontinent
	Reduction in freight 
	charges anticipated with improved container traffic



China Shipping Container LinRead More",https://www.slpa.lk/port-colombo-page/23fcf4dd74e0f86e7643c60718036fb1/a3736ebce9b8d5eef7bb4a39bd315043b8b8ec05
Essential Guide For The Shipping Industry,"Workshop On Port Tariff & Port Services On May 29


The Shippers’ Academy Colombo has organized a training programme on the Sri Lanka Ports Authority’s latest & revised tariffs on port services.

The port has many services providing to numerous stakeholders from ship to sRead More",https://www.slpa.lk/port-colombo-page/9578dbcd2b8daf6d226df48adfea69d6/2713ff236d3ed41d08e5d4b493d3335e9ff555d2
Teamwork and collective decision making at SLPA: New Chairman,"A lack of transparency in the Sri Lanka Ports Authority’s core operations was a key challenge to its new management, a top official said this week.

Lakdas Panagoda was made SLPA chairman in January 2015. With a background in engineering, business management and financial planning, the learnRead More",https://www.slpa.lk/port-colombo-page/13e7d9fdc0422379b1954576d1268576/817aaf20077204ad814821865bd6e1f790e00a6e
'Colombo Port City to begin work soon',"Colombo Port City, the biggest Chinese invested project in Sri Lanka will move on, Board of Investment Chairman, Upul Jayasuriya said.

Speaking at the Sri Lanka China Business Forum and B2B Meetings he said that the project will be in action sooner than later. ""There are some environmental iRead More",https://www.slpa.lk/port-colombo-page/c9ca4dbac8442f040628440df8318b1f/049b27def86b2b59932a45ad5f1bc3ccc86337b0
Shipping Corporation to see glory days,"Moves are underway to bring the Ceylon Shipping Corporation Limited (CSCL) to its glory days aiming to contribute to the national economy, Ports and Shipping Minister Arjuna Ranatunga said.

With a view to becoming one of the key revenue generation institutions for the country, a five year aRead More",https://www.slpa.lk/port-colombo-page/363104475c91ca6da7fb5e5f95fbe565/421e1928f58ba685a6f38791ac7bed2e32763c1a
"Colombo, Tuticorin ferry service to be revived","Sri Lanka will once again speak to the Indian government in a bid to renew the Colombo,Tuticorin (India) ferry service, Ports, Shipping and Aviation Minister, Arjuna Ranatunge said.

Speaking at the Ceylon Shipping Corporation's 44th anniversary, he said the shipping service could offer numeroRead More",https://www.slpa.lk/port-colombo-page/3903cd998e2c917bbb17b36588d1ce47/bffc9ee0866dbd3d4b7bb51571b77cbdd19125e5
Colombo International Maritime Conference (CIMC) launched,"Over 25 internationally renowned speakers will address the Colombo International Maritime Conference (CIMC) 2015.

Over 25 internationally renowned speakers will address the Colombo International Maritime Conference (CIMC) 2015. - See more at: http://www.dailynews.lk/?q=business/colombo-internatioRead More",https://www.slpa.lk/port-colombo-page/26411e8119bc1e42257a1da51ced25b7/1919394cd34c10dbaf0af783ca65db6d81d20d54
Lot Of Investors For Hambantota ┬Ł- Arjuna Ranatunga,"Arjuna Ranatunga, Minister of Ports and Shipping along with Rohan Masakorala, CEO, Shippers Academy Colombo (R) launching the website for the Colombo International Maritime Conference
			
			
		
	


There are many who are willing to invest in Hambantota. It had happRead More",https://www.slpa.lk/port-colombo-page/9fc626d4e775aeebd33e8893ddee9fe5/36860375a2139ad197a77f193a2f4ac518123130
Colombo Intl. Maritime Conference to address growing regional trade potential: JOC.com,"JOC.com Executive Editor to speak in Colombo for CIMC 2015

			Mark Szakonyi

			Mark Szakonyi is the Executive Editor of JOC.com, a subscription-based portal for news, analysis, data and research pertaining to containerized shipping and other forms of freight transport. JORead More",https://www.slpa.lk/port-colombo-page/560737ebaca8f946bd95c4e0d5e15cf5/2bd746386e7303c37c516ce228d22b96e3bac1f5
Port city project to start soon: Arjuna,"Work on the Colombo Port City project will begin soon as it has not been cancelled, Ports and Shipping Minister Arjuna Ranatunga informed Parliament yesterday.

The Minister said work on the project was suspended as there were some serious issues pertaining to the legality as well as environment iRead More",https://www.slpa.lk/port-colombo-page/dbd3136c84a14c4a60f58225e33b03c2/258051aee93ba05d3ca158901405c63626483618
Ports Minister vows to go ahead with Colombo Port City project,"he government would not abandon USDŌĆł1.4 billion Colombo Port City project though its work had currently been suspended owing to some issues, Ports and Shipping Minister Arjuna Ranatunga told Parliament yesterday.

He said that there were certain issues to be addressed and remedied first before rRead More",https://www.slpa.lk/port-colombo-page/2c967805abce92d2a6f0f6b845309b5b/852fb61eaf476ad4e123cb0369cff6e52456011a
CICT takes steps to reduce carbon footprint,"Colombo International Container Terminals Ltd., (CICT) the first and only deep-water terminal in the whole of South Asia, that is capable of handling the largest ultra-large container carriers afloat, with their super infra-structure and massive ship to shore gantry cranes, has now taken the initiRead More",https://www.slpa.lk/port-colombo-page/c85795ef94d79645447de15d17c89ec8/1f8bf1054a2ba888e4fcfea98e7c9e868cf654fb
A Panamanian registered container carrier arrived at the Colombo port,A Panamanian registered container carrier last week arrived at the Colombo port after experiencing severe difficulties due to a storm in the Arabian sea. The vessel left after Sri Lankan experts worked under trying circumstances to ‘straighten out’ containers. The vessel was on its wayRead More,https://www.slpa.lk/port-colombo-page/c5ef0f9d4dede4e802b5896c94509265/538c6555a77c7b772dd8562735e5fef297c4caf4
CICT becomes green port with US$ 10 m initiative,"For the first time in the region, Colombo International Container Terminals, (CICT) has taken the initiative to provide leadership for the “green-port” concept, in the Colombo Port .

With an initial capital expenditure of over US$ 10 million, this initiative taken by CICT has demonsRead More",https://www.slpa.lk/port-colombo-page/10db74aefc101c226a4cfa5a08cda5bf/a314277ef6216847a19cefd32e0f6639dcc3e162
Arjuna flags off key development for Hambantota Port phase two,"A ceremony where the basin of the Hambantota Port was filled with sea water, as part of the port’s second phase of development, was held on 11 July in the presence of Ports and Shipping Minister Arjuna Ranatunga. 

Along with the minister, Sri Lanka Ports Authority (SLPA) Acting ChairRead More",https://www.slpa.lk/port-colombo-page/6160ffef3613139bc039be157dda38ea/6ae71ab65cfa51cf880b7e6ddfc53163c46e359d
LIOC begins bunkering at Trincomalee port,"Lanka IOC PLC (LIOC), the Sri Lankan subsidiary of India’s largest oil refiner Indian Oil Corporation Ltd (IOC), has begun bunkering operations in the Trincomalee port.

“So many ships are now interested in taking fuel in Trinco, because Trinco falls on the main route—from theRead More",https://www.slpa.lk/port-colombo-page/c8c3ede9db01f8fe3b7f7b796de15322/a102c5ce73079c1316e4be26ef13be1e437898a4
Sri Lanka Ports Authority Celebrates 36th Anniversary,"Sri Lanka Ports Authority (SLPA) celebrated the 36th anniversary on 01st August 2015. A special function was held at the ‘Sri Sambuddajayanthi Chaithya’ Premises in commemoration of the event with the initiative of the Hon Minister of Ports and Shipping Arjuna Ranathunga.

Speaking aRead More",https://www.slpa.lk/port-colombo-page/5b92db38878378ab847baaec2362541f/4ef3a760e76c0523ec24c14f75b4ffd4d2154c9c
Two Japanese naval ships in Colombo,"Two Japanese naval ships, ""Ikazuchi"" and ""Murasame"", arrived at the Port of Colombo on a goodwill and supply visit yesterday.

They were welcomed by the Sri Lanka Navy in accordance with naval traditions on arrival.

The Head of the Mission, Commander Escort Division One, CRead More",https://www.slpa.lk/port-colombo-page/83f38a307339183d9ac076b6ad1fa217/29350804a152f35fbef4117a6a434deee760dee9
Brand New ŌĆśKŌĆÖ Line Car Carrier M/V ŌĆśHELIOS HIGHWAYŌĆÖ Calls at Hambantota Port on Maiden visit,K ‘Line brand new car carrier MV HELIOS HIGHWAY  with a load of vehicles from Japan made the maiden call at Port of Hambantota on 19th August 2015. In order to mark the occasion a plaque ceremony had been organized on board the vessel between the General Manager of the Port of HambantotaRead More,https://www.slpa.lk/port-colombo-page/f2cc44e800b5e0a439e5ae18f1b8edb5/0bf3a48978e8f21c63d24717d36d1b0864f191e1
Colombo International Maritime Conference 2015 from Sept. 24 ŌĆō 26 SL Maritime Sector Yet To Harness Full Potential India-Sri Lanka Maritime Forum on Sept. 24,"The Maritime Industry is getting ready for a week of activity with the declaration of the first ever maritime week in Sri Lanka by the government from September 21 to 27, 2015 – in line with the World Maritime Day UN observance on September 24 – with the main focus on the Colombo InternaRead More",https://www.slpa.lk/port-colombo-page/785bffc6d700381608ef23b4f9c26d7d/b56eb00bc105f8a50ad2e6688e8f9dc477b90630
"Lanka, India, Myanmar Feeder Service begins","Herbilan Shipping Pvt. Ltd, for the first time in Sri Lankan shipping industry launch a feeder service linking Sri Lanka with India and Myanmar yesterday at the Colombo Port. They would use M V HERBILAN SUCCESS vessel for this service.

“We are going to help Port Of Colombo to increase the tRead More",https://www.slpa.lk/port-colombo-page/2bfb5c25b48f2e2d6b4533c5aa5e91c4/86f828ce9b9359729c7c0ab76ed52d7500ad555f
"Colombo Port City Project: No threat of coastal erosion, say experts","Sri Lanka has a lengthy coastline of 1,585 km and in the recent years, it has been estimated that over 50% of the shoreline is subject to or at least threatened by coastal erosion. This can be attributed to both wind and water action as they play an important role in causing coastal erosion.

BothRead More",https://www.slpa.lk/port-colombo-page/4ff444236462e20bdfce91cfbc68106c/7f38fd6db2cd9abd8d457cb9b92d7d547ed60447
Commonwealth Secretariat extends support for Colombo International Maritime Conference,"The Commonwealth Secretariat, of which President Maithripala Sirisena is the current chair, has extended its support to the Colombo International Maritime Conference-CIMC which will be inaugurated in Colombo on 24 September on World Maritime Day, where the Government of Sri Lanka has declared a MariRead More",https://www.slpa.lk/port-colombo-page/60a9640faeb743700edcb4c7b841e313/b8f9f481070348aa519918f5d00b3249b3900f34
A dockyard at Hambantota Port,"The government in a bid to make the Hambantota Port a viable commercial venture, has decided to develop dockyard facilities at the port at an estimated cost of Rs. 2 billion.

A Chinese Company has responded positively to Ports and Shipping Minister Arjuna Ranatunga’s call for expression ofRead More",https://www.slpa.lk/port-colombo-page/c15c0d8b1cbdfde0173c9919fa563efa/138aa2fecf7de43bd66e25a7bc7dc463b997256e
Colombo Port container handling volumes up,"Container handling progressing at Colombo International Container Terminal (CICT) on a gloomy evening in the backdrop of temporarily halted Colombo Port City project.  

Total container volume handled at the Colombo Port in the first five months of this year increased 3.5 percent to 418,244 TRead More",https://www.slpa.lk/port-colombo-page/4162bf0c34b09b328b57b9a1461f0fb4/de1fe69fbf20ce94af4b8228eefd5c3fcf65b711
Colombo Port container handling volumes up,"Container handling progressing at Colombo International Container Terminal (CICT) on a gloomy evening in the backdrop of temporarily halted Colombo Port City project.  

Total container volume handled at the Colombo Port in the first five months of this year increased 3.5 percent to 418,244 TRead More",https://www.slpa.lk/port-colombo-page/b8a98720c71aeae5d89fd14dfed7bd09/5ece3c95c8cb101cf77669dc0558c04b4792d325
SLAITO takes initiative to make Sri Lanka turnaround destination for cruise tourism,"In an aggressive and a positive approach, Sri Lanka Association of Inbound Tour Operators (SLAITO) has decided to initiate a strategy to develop cruise tourism of the country which would have multiple and ripple effects to the tourism industry and the economic development of the country.

The initRead More",https://www.slpa.lk/port-colombo-page/98a15e7936e84b0dacfb958b29346bb6/58457f762f55988d28c3050290c67603001fe808
Sri Lanka welcomes largest container vessel to Colombo Port,"Ports and Shipping Minister Arjuna Ranatunga emphasised that the government would develop the ports in the island to fame Sri Lanka as one of the top container hubs in Asia. He said that welcoming ‘Marco Polo’, the first largest container vessel to Colombo Port recently. The minister saiRead More",https://www.slpa.lk/port-colombo-page/9e64631c48532f665359faf57f915ec0/5c8bba70d377486d66e2630664b21972fbf55a66
Inaugural Colombo Maritime Conference concludes,"The inaugural Colombo International Maritime Conference (CIMC) concluded on Saturday, with several key topics pertaining to the South Asian maritime industry discussed over the course of the three-day conference.

Ninety per cent of the world’s trade is moved through shipping, and with Sri LRead More",https://www.slpa.lk/port-colombo-page/2eb295e752e6e7caf3631ae84ee9c701/239415c3cdc680368c28956ae401fb48bc692bbe
"SAGT, No.1 for Terminal productivity in South Asia, No. 4 in the world","SAGT is recognized by the Journal of Commerce (JOC USA) in its annual Terminal Productivity Ranking 2014 as being the No. 1 ranked in South Asia and No. 4 in the world.

SAGT is the first private container terminal operator in the Port of Colombo commencing in 1999. It consists of four shareholdRead More",https://www.slpa.lk/port-colombo-page/48c019454cb2f027706bbf2a114051b0/2da0bddbb28321daf9f01e6229b8c81148d9fe21
HC Line Male-Colombo Express Service debuts today,"SAGTHC Line has announced its Malé-Colombo Express Service, to increase feeder connectivity via the Port of Colombo starting from Monday (12 October).
The company will provide its customers with a unique, customer-friendly experience for the Colombo-Male sea transportation industry. HC LinRead More",https://www.slpa.lk/port-colombo-page/764a04a8caeb1538ec9bb1275955e896/cd23d76ffc6acad46fa72d2513e38893baf9b5d5
CSCŌĆÖs ŌĆśMV Ceylon BreezeŌĆÖ nearing completion,"Ceylon Shipping Corporation (CSC), which hails from a highly reputed past as a ship-owning entity in the South Asian region is witnessing the completion of its new break bulk vessel that is under construction in a Chinese shipyard. Recently, another important milestone was reached in its constructioRead More",https://www.slpa.lk/port-colombo-page/8115ac0216475710713f6b4d1d0fba55/29a8909732ab3b541358929944674fb41fefd3df
CICT to invest US$ 40 m for Green Por,"Colombo International Container Terminal Limited (CICT) will invest US$ 40 million to convert it to be the first Green container terminal in the region.

CICT Chief Executive Officer,Nelson Liu speaking to Daily News Business said this will be completed in less than two years.

“No doubt tRead More",https://www.slpa.lk/port-colombo-page/f2f23f8ee9eda694b4bcaed6b64b0b7c/00e0e73bdf85cf63f13d60f178f40e5824250749
President thanks China for continued assistance,"President Maithripala Sirisena yesterday expressed his deep appreciation to China for providing continuous assistance for development of the island nation.

“When we travel across Colombo as well as around the country we can see many development projects funded by the government of China,&Read More",https://www.slpa.lk/port-colombo-page/0f314143a3f69163c444982e47c35c4c/c235737c5481796f0c047ee4c5ed93df198c67ac
Mv. Sima Giselle calls the Port of Colombo,ŌĆ£SLPA will perform the  best to make the callersŌĆÖ stay comfortable with standardised facilities at the portŌĆØ  ŌĆō SLPA Chairman Dammika Ranathunge states.Read More,https://www.slpa.lk/port-colombo-page/403f4a98d43b5f57a177fe62206b60a6/431f6b7d5b29f0d72c8e0add95ac64e7aa6b01d3
Colombo call by Mega SIMATECH carrier,"Mv. Sima Giselle docked at the Jaya Container Terminal (JCT) of Sri Lanka Ports Authority. 

SIMATECH Shipping LLC, the world's 27th largest carrier (Alphaliner - October 2015 ranking) celebrated its brand new Mv. Sima Giselle's maiden port call here on October 19 at the Jaya ContaiRead More",https://www.slpa.lk/port-colombo-page/bbca2b0abe1cdb8fb3a73082ea1e8d51/15b1b1e2c1a7a9e28d0fadec4a7c4f831f57e700
Colombo Among Top 10 Ports On Facebook,"Colombo is among the Top 10 Ports on Facebook with most number of likes, according to Spire, a satellite-data company that offers trade monitoring, asset tracking and general maritime domain awareness services, which has delivered its 2015 Social Media Re-Port.

The report provides a first-everRead More",https://www.slpa.lk/port-colombo-page/81f406aa22a98d5a131097cecd449bd5/00078f66cd4321af437c7d9486bacb3b3b187328
"Slack export demand, cause","Ceylon Finance Today: Slack demand in Sri Lanka's major importing economies have seen box rates fall steeply by between 50%- 75% in the last two years, causing a cash crunch to the island's shipping industry, market sources who didn't want to be named told Ceylon FT yesterday.

As aRead More",https://www.slpa.lk/port-colombo-page/3aed6fededba551717155233239e28e1/e43335b22223e0c0a69f2c4e3087b0720b155eed
SAGT supports Aqua Vida: South AsiaŌĆÖs largest beach sports festival in Sri Lanka,"SAGT is supporting the inaugural edition of ‘Aqua Vida’ scheduled to be held in Negombo, bringing together over 700 athletes in an exciting and fun-filled festival with live entertainment and activities.

The beach sports festival will include a wide range of sports including beach fRead More",https://www.slpa.lk/port-colombo-page/c9fb030491592193ae606d17b691458a/11863ef5e63602deec0a3aa80d1d09da10e6db50
PF leads delegation to Maritime Silk Road Conference,"The first event of the Pathfinder Foundation’s newly established ‘China-Sri Lanka Cooperation Studies Centre’ (CSLCSC) was held in Shanghai, from 5-6 November and was attended by a 13-member Sri Lanka delegation and a group of senior Chinese scholars and former ambassadors represenRead More",https://www.slpa.lk/port-colombo-page/517ebdb2cc213342c0f42fc69d211692/39dfc9ffd3253c48c9af5dd55c4b3e4b4b5e6229
Sri Lanka Ship Suppliers  Association - 40th anniversary,Read More,https://www.slpa.lk/port-colombo-page/fdfecccbaf537020e97ec4c34c60aea5/d2c965927e46ba0508ef5eb60a57d8e9fa5ea551
CICT Attracting Larger Vessels,"The new facilities of the Colombo International Container Terminals (CICT), the only port in the South Asian region with a deepwater terminal that can accommodate vessels as big as 18,000 teu container ships, is attracting large vessels and higher volumes of trade.

Higher efficiency and fasterRead More",https://www.slpa.lk/port-colombo-page/42d6244c8791c0498ebe30cae34e66f4/c6c8f5c2a850a178f9dd6de5779f4fcc5dbe0469
Laugfs invest $80m for South AsiaŌĆÖs largest import/export LPG terminal,"·  Signs construction deal with Chinese specialist firm

·  Aims to re-export 60% of LPG to regional markets

·  SL to witness significant economic impacts energy, shipping and exports

·  PlansRead More",https://www.slpa.lk/port-colombo-page/24570e6c04532167b311139af3e3eec6/68cf3877bb4c5201c8a013851c1d7301b7816896
Mein Schiff 1 cruise ship visits Colombo,"Mein Schiff 1, a Century class cruise ship, owned and operated by TUI Cruises, arrived in Colombo yesterday.

Having sailed from Mumbai on 15 November, she berthed at the Unity Container Terminal in the Colombo Port at 0700 Hrs last morning. 

Built at Meyer Werft shipyard in Papenburg, GerRead More",https://www.slpa.lk/port-colombo-page/50bf965893f4287fac09c674b7de4f9b/2e33dee547ff48a0e187c58abdcc830461eee5f4
TUI LineŌĆÖs Super Luxury Passenger Cruiser MV Mein Schiff 1 Calls Colombo,"MV Mein Schiff 1, a Century class cruise ship, owned and operated by TUI Cruises, arrived in Colombo yesterday.

Having sailed from Mumbai on 15th November, she berthed at the Unity Container Terminal of Sri Lanka Ports Authority (SLPA)  at 0700 Hrs, last morning.

Built at Meyer Werft shipRead More",https://www.slpa.lk/port-colombo-page/817e86f37ae4277a1ff9a0c60d917915/c59642c1774e13585933ac8cd145527fbfdce5ea
Mr. Sarathkumara Premachandra appointed as the Managing Director of Sri Lanka Ports Authority,"Mr. Sarathkumara Premachandra is appointed as the Managing Director of Sri Lanka Ports Authority (SLPA). The official appointment was handed over to Mr. Premachandra by Hon. Minister of Port and Shipping Arjuna Ranatunga at a special meeting that took place at SLPA on 03rd December 2015.

Prior toRead More",https://www.slpa.lk/port-colombo-page/9c2a6baa56226471226e5b3c0bdcdc00/78cf917a201bf207b1136fc9cfae0e3897c386fa
China welcomes progress on Colombo Port City Project,"A senior official from the Chinese Foreign Ministry recently said that the new Sri Lankan Government had expressed its commitment towards the Colombo Prot City Project, adding that they welcomed the decision.

Justifying the delay in the recommencement of the much discussed $ 1.5 billion ColomboRead More",https://www.slpa.lk/port-colombo-page/26e86b994449f0d6eaa597199395631a/0eece583bbb88c8689c63c52dee57ca9336a5cf7
Litro Gas shows impressive growth,"The national LPG (liquid petroleum gas) company has exhibited a significant sales growth of above 30% in the domestic market during the first 10 months of this year. This complements with the imposed price reductions by the Government.

The recent decision taken by the Government to reduce the priceRead More",https://www.slpa.lk/port-colombo-page/039dd383642b97eccd1107e5b63b9386/87c5b2a5af21a478be4e6a6844abf9caab535593
M/S/Europa calls the Port of Hambantota,The 400 passenger capacity luxury  passenger vessel M/S/Europa called at the Port of Hambantota today 15th December 2015. The vessel is expected to leave the port to Ko Phi Phi Islands in Thailand this evening. The current voyages of the vessel include a 154 days world cruise  frRead More,https://www.slpa.lk/port-colombo-page/ae6adf8b158bb3ff595a66f9dcdfab0e/cb161b04406e4e8a4559fa591c0bec83a34fb768
Herbilan Group launches second feeder service,"Capitalizing on the success of Sri Lanka’s the first ever feeder service linking Sri Lanka with India and Myanmar,the Herbilan Group launched their second service yesterday.

The total investment for the project is US$100 million. Herbilan Shipping Chairman, Herbi Silva said that the first sRead More",https://www.slpa.lk/port-colombo-page/ae96a04aaa03dfc7c2fa629164babb01/f949ae9d920d00e4e2147c5511cb8b0d367b3fc4
For the first time in history the Port of Colombo  reaches 5 million containers,"For the first time in history the Port of Colombo reaches 05 million container operations. To mark the ocassion, a ceremony will be held tomorrow, Monday 21st December 2015 at the Jaya Container Terminal  of Sri Lanka Ports Authority , with the initiative of Hon.Minister of Port and Shipping ArRead More",https://www.slpa.lk/port-colombo-page/940bc19f81c8731ecef515b73623b509/c6f7ddec7455b1ccdeaa618ecca83f46b1e0db3c
CINEC represents Sri Lanka in IORA project in Australia,The Department of Education and Training of the Australian Government has engaged Transport and Logistics Industry Skills Council (TLISC) to undertake a project with a number of Indian Ocean Rim Association (IORA) countries to address the skills needs and develop occupational standards within the poRead More,https://www.slpa.lk/port-colombo-page/f3e763091e4cca2a2ddfb267ecbd20e5/e1be43f7c0d42ad4b3d9edcc194f2a6f413fc93d
Colombo port achieves 5 mn containers target,"Minister of Ports and Shipping Arjuna Ranatunga revealed that they were in an attempt to bring the Colombo port among the world’s top 20 ports by the end of 2016.

Speaking at the celebration of achieving 5 million containers arrivals at Colombo Port, minister said that the valuable effort aRead More",https://www.slpa.lk/port-colombo-page/55a8487305cb26f14a8069cf89423ced/625f08b9b9c6727f0ab9aba9334478df468f3345
Colombo Port records 13% growth in vessel arrivals,"Ship arrivals at the Colombo port in the first 11 months have increased by 13% to 3,854 in comparison to the corresponding period of last year.

According to Ports and Shipping Ministry data, the overall container ship arrivals to the Colombo Port have increased by 12.7% to 3,333 in 2015. The bulkRead More",https://www.slpa.lk/port-colombo-page/d8e1a434d9c9da4f10d5471cf4c47bf3/8cc9fcd9fdbef641b5d23f4a80588138107a1f1b
A number of steps to develop port sector in the year 2016,Sri Lanka Ports Authority commenced its operations and services  for the new year 2016 with priority to religious observances.  The main function was held with the initiative of Hon.Minister of Ports and Shipping Arjuna Ranathunga and with the participation of the Chairman of Sri Lanka PorRead More,https://www.slpa.lk/port-colombo-page/60f221905d99f56a6bf15966821d2d7e/1aca30bfb59fb6e1a466d7a2b41095d94e584435
Colombo Port to be among top 20 soon - Minister,"Port and Shipping Minister Arjuna Ranathunga said he plans to bring the Colombo Port to be among the top 20 global container ports.

He said every possible step has been taken to facilitate all employees and staff of the institution to perform their fullest duty towards Sri Lanka Ports Authority wRead More",https://www.slpa.lk/port-colombo-page/13971be0ea0c000c46160e207397065b/f6eccce07d62ad028e1caeae3d803251977c5b24
SLPA earns record income of Rs. 40 million from auctioned vehicles,"The Sri Lanka Ports Authority (SLPA) has earned a record income of Rs. 40 million from auctioning over 50 decommissioned pool vehicles.

The SLPA Chairman Dhammika Ranatunga on the instructions of Minister of Ports and Shipping Arjuna Ranatunga auctioned the vehicles and 33 related equipment.

ERead More",https://www.slpa.lk/port-colombo-page/5de82950e344894452ac65d2e48b97f9/ad4d14da7bde68ff77725d2723fc0b43a4209095
Port City - Minimal impact on granite resources in the Western Province,"The recently released Supplementary Environmental Impact Assessment (SEIA) has revealed that the Port City will have a minimal impact on rranite resources in the Western Province

In a detailed study in the recently released Supplementary Environmental Impact Assessment(SEIA) report of the Port CiRead More",https://www.slpa.lk/port-colombo-page/39a114dd6a5050d891866e0208d85d2e/219bd461f04f21f61eb2c8f86f7887f0feaaa8a3
SL Maritime Sector communication facilities to meet its potential by 2020,Minister of Ports and Shipping Arjuna Ranatunga yesterday revealed that the Government would be able to upgrade the communication facilities of maritime sector to meet its potential by 2020. Minister stressed that participating at the official website launch of Ministry of Ports and Shipping yesterdRead More,https://www.slpa.lk/port-colombo-page/75eee9cbdeddc006e2d47b5c5ec20a3d/76546f9a641ede2beab506b96df1688d889e629a
The Large Brand New K Line Car Carrier M/V 'HYPERION HIGHWAY' makes her Maiden visit to the Port of Hambantota,"Plaques being exchanged between the Chief Operations Manager of Sri Lanka Ports Authority (SLPA) Mr.Nimal Jayatissa and Master of M/V 'HYPERION HIGHWAY' Capt D Milko Sredovski on board. General Manager of the Port of Hambantota Mr.Sarath Perera, AGM of the Port of HambaRead More",https://www.slpa.lk/port-colombo-page/41ec9c99e3bff0098ce05c6f789245c4/18c410b79f37c3923e61964797cde8f4290a6ba4
Hambantota Port sees increase in transshipment,Transhipment at the Hambantota port has increased by 42 percent when compared with last month. Ports and Shipping Minister Arjuna Ranatunga after an inspection tour of the sea port said that transshipment from Hambantota sea port to other destinations has gained popularity among exporters in fRead More,https://www.slpa.lk/port-colombo-page/30ce556311914343339513d8edd75f53/c8e795f3590ecd7d63794edbe1e2f13c15360a9a
Indian aircraft carrier in Colombo,"India's largest naval ship, the aircraft carrier INS Vikramaditya, will visit Colombo from today until January 23 January.

The INS Vikramaditya will be accompanied by a destroyer, INS Mysore. The ships are transiting from the West Coast of India to the city of Visakhapatnam on the EastRead More",https://www.slpa.lk/port-colombo-page/7bd881ec45ff4dfc9291f013e774699d/1178b9ea310a155284fe5593685b42ff9bea9f76
Training   Home / News / Events    ULCCs boost Port of Colombo volume,"IColombo International Container Terminals Ltd. (CICT) has set another milestone by closing 2015 with an impressive 1.561 million teus, with the ULCC (Ultra Large Container Carrier) and VLCC (Very large Container Carrier) segments making a 67 percent contribution to this volume.Read More",https://www.slpa.lk/port-colombo-page/0dc9d1e46739965d0f455134c6e3d220/506b1a81305bd35d113bb5a9a667efa9a66ab82c
CICT mega liners boost Colombo Port volumes,"Colombo International Container Terminals Ltd. (CICT) has set another milestone by closing 2015 with an impressive 1.561 million teus, with the ULCC (Ultra Large Container Carrier) and VLCC (Very large Container Carrier) segments making a 67% contribution to this volume.

CICT is the first aRead More",https://www.slpa.lk/port-colombo-page/601b3ef75a99eb6335ad474ce0918718/c436d7314ae5d76f78ca0659762586ef8077607e
The National Week and Special Day of Sport and Physical Health improvement enacted,"Sri Lanka Ports Authority (SLPA) productively enact the National Week and Special Day of Sport and Physical Health improvement organized by the Ministry of Sports under instructions by His Excellency the President Maithripala Sirisena. To mark the occasion, a health walk was conducted  wiRead More",https://www.slpa.lk/port-colombo-page/92f4702c43ecb39ec9b956e942836c40/f6219aea49987dc3046c2e75553782f638a4359d
Lanka sets record in used car exports,"The government will call for local and international proposals for the Hambantota Port’s Industrial Zone.

A special Negotiating Committee and a Project Committee to evaluate and to discuss with investors too would be formulated to maintain transparency.

The environmental study doneRead More",https://www.slpa.lk/port-colombo-page/99b86676ceabe684e26d921c8bcfbbf1/f23c717d0b2cc1535aa38ecb02439f7dc7a42c45
Home / News / Events    Port City: several steps taken by govt. on good intentions - CA,"The Court of Appeal yesterday observed that the government has taken several steps with good intentions regarding the Colombo Port City Project and further viewed that Court could not intervene in such development projects.

Court of Appeal President Justice Vijith K. Malalgoda made this remRead More",https://www.slpa.lk/port-colombo-page/ae54bd2b95a349eba4d60e76bdc9e519/cef4816eee9bdbe2fafc4ab414f1806b427f193b
ULCCs Boost Colombo Port Volume,"CICT, region’s only deep water terminal, attracts largest vessels plying the East-        West route; contributes a third of Colombo Port’s throughput


Colombo International Container Terminals Ltd. (CICT) has set another milesRead More",https://www.slpa.lk/port-colombo-page/2e6f928232cf667851adeb6af78a1d83/0ad0144e12526132b8bd147b23f0b12e971796f6
Colombo Port TUEs volume handling achieves significant growth,"The Sri Lanka Ports Authority (SLPA) revealed that the total container volume handled at the Colombo Port during January 2016 has increased by 3.6% to 197,228 TEUs compared with the same period of 2015 reported for 1,950,285 TUEs.

It further revealed that progress was achieved during the tiRead More",https://www.slpa.lk/port-colombo-page/03ae199a6c39ef7610b48035b920dafe/60e4b326ed46652b846cbd0dfdfd5a83457cf374
Hambantota Port Welcome largest cruise ship,"Hambantota Port received its first ever biggest cruise ship-MS Rotterdam, belonging to the American Line shipping company yesterday, Sri Lanka Ports Authority (SLPA) said. There were1,400 passengers and 600 crew on the vessel. Measuring 238 m in length and comprises of 600 staff, MS Rotterdam is a lRead More",https://www.slpa.lk/port-colombo-page/820ec286e069b4f1d784734a114ee40f/3297801ecf29ecfef58dec3966c8fc8360db84ba
Hambantota port has high tourism potential ŌĆō Captain Carsjens,"The Captain of the MS Rotterdam-the first ever largest cruise ship Marco Carsien called at Hambantota Port, emphasized that the Hambantota port have high potential to boost the tourism sector of Sri Lanka. He said the port was also famous as a green port, among tourists.

Describing his first imprRead More",https://www.slpa.lk/port-colombo-page/628783f99bc7a1c8720de1064ab5cfe5/f0cbf82b182a9ce5402bc89fed0c247b6c4936a2
"Arjuna promotes open dialogue to address ports, maritime and shipping issues","An open dialogue should be held to address issues in the ports, maritime and shipping sector, Ports and Shipping Minister Arjuna Ranatunga said.

The minister was addressing the first meeting of the Inter-Agency Coordination Committee on Ports, Shipping and Maritime Affairs at the Ministry ARead More",https://www.slpa.lk/port-colombo-page/06166f87a480978de29d5f890eecabd0/5952168acbbe69b1f71192a3207de09be589d780
Asian Ports dominate in container traffic in the world,Hong Kong and Singapore suffer due to less Asia-Europe volumes and lower bunker pricesRead More,https://www.slpa.lk/port-colombo-page/6d8715eee54fcd1633f9dfe13a647242/c5ecced4ae2534436e628ae8485746381bcfca9b
Sri Lanka firms up in shipping: ShippersŌĆÖ Academy Colombo,"Amidst a tough external and domestic environment, Sri Lanka’s shipping industry has grown beyond expectations. The growth in ship arrivals, growth in tonnage and the growth in throughput have all reached positive numbers by the end of 2015. 

Considering the tremendous challengesRead More",https://www.slpa.lk/port-colombo-page/073a74c718b778787f5a7bbc83f2b1f3/43c7558c6cad9ae73bc2db12b9ef4bcf03b4d071
"Colombo Port handles highest-ever daily volume of 22,422 TEUs","The Colombo Port has achieved its highest-ever daily handling of 22,422 TEUs on 9 February, surpassing the previous best of 22,186 recorded on 28 April last year.

The Ministry of Ports and Shipping said yesterday the recorded volume handled was from 22 vessels on a single day, 10 of which sRead More",https://www.slpa.lk/port-colombo-page/784df6143d8594add1f61ecbe07b9de9/1e43049c5fac2dda9de7fe5966af167cf0a31158
Colombo port achieves historic growth in container handling,"The Colombo Port has recorded its first highest daily container handling volume to 22,422 TEUs on February 9,the Sri Lanka Ports Authority(SLPA) said yesterday.

The previous highest volume 22,186 containers was reported by the SLPA on April 28, 2015.

The recorded container volume was recRead More",https://www.slpa.lk/port-colombo-page/26bbdd8accb770dd35f4ca46e3b6433f/0bc8cbe4f7a6bca8c3958bd9e9f8967c3a5df0c0
The Ship for World Youth Leaders,"The ceremony to welcome world youth leaders participating in “The Ship for World Youth Leaders” took place at the Colombo Harbour yesterday. Picture shows the Nippon Maru ship reaching the harbour carrying 243 youth from 11 countries participating in the programme.
(DM - 15022016)Read More",https://www.slpa.lk/port-colombo-page/56463c0d9606012fe61dd48d8deac9ff/279473ac9b832af457fc5d895faed6782083c783
President visits Japanese ŌĆśShip of the WorldŌĆÖ Nippon Maru,"President Maithripala Sirisena on Sunday visited the Japanese cruise ship Nippon Maru, which had arrived at the Colombo Port.

The Nippon Maru is carrying a contingent of over 243 youth of various nationalities including Sri Lankan, as part of the ‘Ship for World Youth’ (SWY) proRead More",https://www.slpa.lk/port-colombo-page/f4fdb31d8afc9e8be8ea28883aab059d/558d7a67454e1f394212cd7a023694929d78b846
Terminals  	 Training  	  Home / News / Events    PPP for port development,"Sri Lanka Ports Authority (SLPA) is on the lookout for an appropriate shipping company or a terminal operator to take over 49% of remaining shares of the East Container Terminal (ECT) of which the main shareholder is the SLPA.

Developments of this nature are called public-private partnershiRead More",https://www.slpa.lk/port-colombo-page/4ef8b5faaa5d79c0476e777317b31750/f96f438d2628140f78f7d9a66373547f9676aca5
SLPA extends 10% discount to Myanmar transshipment cargo,"The Sri Lanka Ports Authority (SLPA) has decided to grant a ten percent discount for the shipping companies engaging in transhipment of Myanmar containers through the Colombo Port to attract more business from that region.

Ports and Shipping Minister Arjuna Ranatunga granted appRead More",https://www.slpa.lk/port-colombo-page/67a31b359fca342083f3515b6be88bac/e058aa250beda5aa75b11f80fc7139390dbd0472
PORT CITY PROJECT TO BEGIN GOVT. PROPOSES AMENDMENTS,"The Government has more or less given the green light for the Colombo Port City Project, with the original agreement amended by reducing the extent of land to be reclaimed from the sea and without any part of this area granted to China on a freehold basis, a minister said yesterday.

TRead More",https://www.slpa.lk/port-colombo-page/4112189c20b0fe1a9545c265b6bcd8ab/cb139d565bf9b972ef4134999f30b20ec42af24e
ADB to help expand Colombo Port operations using PPP,"The Asian Development Bank (ADB) and Sri Lanka Ports Authority (SLPA) yesterday signed a transaction advisory services agreement to develop the East Container Terminal (ECT) of Colombo Port through Public-Private Partnership (PPP). 

The signing was witnessed by ADB PresidenRead More",https://www.slpa.lk/port-colombo-page/2155cbaf649c8ff04d826145d2903f81/7bf016f5b104573db99f54a0715d7f0fdf7705f4
A taskforce to advise on shipping issues is the need of the hour: ICS Chair,"Following is the speech delivered by Institute of Chartered Shipbrokers (ICS) - UK Sri Lanka Branch Chairman Lalith Witanachchi at the organisation’s 22nd Annual Awards Ceremony. Speaker of Parliament Karu Jayasuriya, Ports and Shipping Minister Arjuna RanatRead More",https://www.slpa.lk/port-colombo-page/39480390da16b6f6d296472995b18b05/91e11ad5c05ed928a3f6978680599a5a25b8dba4
Terminals  	 Training  	  Home / News / Events    Sri Lanka under spotlight in Berlin as investment location,"Tagesspiegel: Some of the approximately 300 participants of the German Sri Lankan Business Forum in Berlin felt like transferred to a fairy tale world, when Annette Heimlicher, CEO of the Swiss position sensor producer Contrinex, marvelled about her settlement experiences with the new Government ofRead More",https://www.slpa.lk/port-colombo-page/264f0e8808e503499b143aaa4fdce816/bf60ee2fe3dbfa98308f3840c9ad4def169b378b
Trinco Port records Rs. 9 mn income increased by developing weight operation system,"The Port of Trincomalee has recorded Rs. 9 million of increased income during the last two months by re-establishing the weigh bridge system at port.

The total income received by the port was reported as at Rs.71 million for the said period.

The port introduced WeigRead More",https://www.slpa.lk/port-colombo-page/e2b83d0697526713c6cd0b6f45e8f1f7/ac97841020ce541ba386680fce812f52d96e748f
Terminals  	 Training  	  Home / News / Events    Three Mega Container Liners at JCT,"Three mega container ships, more than 300 metres long each, anchored alongside the Sri Lanka Ports Authority's Jaya Container Terminal (JCT) in the Colombo harbour creating a record in the history of the container terminal yesterday morning.  The ships are MSC JoRead More",https://www.slpa.lk/port-colombo-page/c6abd433fcd57fcc5a6be295a5876ba0/41628a99fd948792c3a0f72d3c375709a54e6364
Merchant Shipping Secretariat awarded ISO 9001:2008,"The shipping administration of Sri Lanka, Merchant Shipping Secretariat, was recently awarded with the ISO 9001:2008 standard certification by Sri Lanka Standard Institution Director System Certification T.G.G Dharmawardena at Merchant Shipping Secretariat office, Colombo 01. &nbspRead More",https://www.slpa.lk/port-colombo-page/4dded247c36f6844bb72a6e8fc5ffa27/d7c71ff02ff21aa91b6c2fd09870c69f14417a74
A new service commences with  the JCT of SLPA  between Colombo and Myanmar,Read More,https://www.slpa.lk/port-colombo-page/005c262d927fd367da3d55a48a50f652/2b2485ca956a7cdce8a49e92841250beff503413
Tourist Information Counter opened on board MS Amsterdam,"‘Amsterdam,’ the flagship of the Holland America Line, arrived in Colombo on 21 March. 

The passenger vessel is on her Grand World Voyage 2016, started from Florida on 5 January and arrived at the Colombo Port on 21 March. 

She had called at Hambantota PRead More",https://www.slpa.lk/port-colombo-page/ac69337cf89187d8a50a92e32dfa6053/bdb8b3dc6d2a547afd6dd0cd6bddd0e16b4ee694
"SAGT ranked first in S.Asia, fourth in the world",SAGT Chief Commercial Officer Ted Muttiah  and Commercial and Marketing Manager Dhashma Karunaratne presented plaque to Ports  and Shipping Minister Arjuna Ranatunga marking the occasion.Read More,https://www.slpa.lk/port-colombo-page/2b3f5da47b280984ec6bef5cd66c59d0/59310aa6822cc7b16340e95575bccbc6f5788049
More Passenger Vessels Calls at the Port of Colombo,"The number of passenger vessels calling at the Port of Colombo has increased. According to recent reports during the month of March 2016, 11 super luxury passenger vessels have called at the passenger terminal and other terminals of the Port of Colombo.  Among them wereRead More",https://www.slpa.lk/port-colombo-page/78a606e94ad639f2ae92878a72983531/44b552503308072c8521c580b8deababbe52d48a
President visits Japanese ŌĆśShip of the WorldŌĆÖ Nippon Maru,"President Maithripala Sirisena on Sunday visited the Japanese cruise ship Nippon Maru, which had arrived at the Colombo Port.

The Nippon Maru is carrying a contingent of over 243 youth of various nationalities including Sri Lankan, as part of the ‘Ship for World Youth’ (SWY) proRead More",https://www.slpa.lk/port-colombo-page/a7a275be2fc065f35c8d1d22da9be9f2/2139989c226480d2c4871e16e49c57f208458f5c
PPP for port development,"Sri Lanka Ports Authority (SLPA) is on the lookout for an appropriate shipping company or a terminal operator to take over 49% of remaining shares of the East Container Terminal (ECT) of which the main shareholder is the SLPA.

Developments of this nature are called public-private partnershiRead More",https://www.slpa.lk/port-colombo-page/35e8041644503be69ddb1424a32326e7/51feeff9403498a0aca96f77c5a564b535a467a2
For the first time in history the Port of Colombo  reaches 5 million containers,"For the first time in history the Port of Colombo reaches 05 million container operations. To mark the ocassion, a ceremony will be held tomorrow, Monday 21st December 2015 at the Jaya Container Terminal  of Sri Lanka Ports Authority , with the initiative of Hon.Minister of Port and Shipping ArRead More",https://www.slpa.lk/port-colombo-page/706d1003d95704ca8d1f312d9db717f0/e08988bb51103db4e8e5bf40af595cc82690eaa6
Herbilan Group launches second feeder service,"Capitalizing on the success of Sri Lanka’s the first ever feeder service linking Sri Lanka with India and Myanmar,the Herbilan Group launched their second service yesterday.

The total investment for the project is US$100 million. Herbilan Shipping Chairman, Herbi Silva said that the first sRead More",https://www.slpa.lk/port-colombo-page/4b43f67bcf653745e9452debb62d5823/6645bc99973b562a1bc67c85092864593d853e95
